id,from_user,from_role,to_role,part,model,ref,parameter,sampleno,date,shift,deviation,kp,category,description,pic,status,report_id,created_at,is_read
b6971377,cmm,Measurement,Produksi,CYL COMP,K2VJ,J151,POSITION X,AL,06 Mar 2026,1,-0.3456,,,,,Open,K2VJ_2026-03-06_1,2026-06-04 06:32:01,0
ca83c210,cmm,Measurement,Produksi,CYL COMP,K2VJ,J151,POSITION X,AR,06 Mar 2026,1,-0.3541,,,,,Open,K2VJ_2026-03-06_1,2026-06-04 06:32:01,0
865c3970,cmm,Measurement,Produksi,CYL COMP,K2VJ,J151,POSITION X,CL,06 Mar 2026,1,-0.6424,,,,,Open,K2VJ_2026-03-06_1,2026-06-04 06:32:01,0
c65f918a,cmm,Measurement,Produksi,CYL COMP,K2VJ,J151,POSITION X,CR,06 Mar 2026,1,-0.6073,,,,,Open,K2VJ_2026-03-06_1,2026-06-04 06:32:01,0
af08c788,cmm,Measurement,Produksi,CYL COMP,K2VJ,J151,POSITION X,DL,06 Mar 2026,1,-0.756,,,,,Open,K2VJ_2026-03-06_1,2026-06-04 06:32:01,0
701f762d,cmm,Measurement,Produksi,CYL COMP,K2VJ,J151,POSITION X,DR,06 Mar 2026,1,-0.7444,,,,,Open,K2VJ_2026-03-06_1,2026-06-04 06:32:01,0
6c32b739,cmm,Measurement,Produksi,CYL COMP,K2VJ,J151,POSITION X,EL,06 Mar 2026,1,-0.7465,,,,,Open,K2VJ_2026-03-06_1,2026-06-04 06:32:01,0
5a2c46ff,cmm,Measurement,Produksi,CYL COMP,K2VJ,J151,POSITION X,ER,06 Mar 2026,1,-0.7607,,,,,Open,K2VJ_2026-03-06_1,2026-06-04 06:32:01,0
c4369b14,cmm,Measurement,Produksi,CYL COMP,K2VJ,J151,POSITION Y,BL,06 Mar 2026,1,-0.2255,,,,,Open,K2VJ_2026-03-06_1,2026-06-04 06:32:01,0
e168de36,cmm,Measurement,Produksi,CYL COMP,K2VJ,J151,POSITION Y,DL,06 Mar 2026,1,0.3851,,,,,Open,K2VJ_2026-03-06_1,2026-06-04 06:32:01,0
2d7dfb77,cmm,Measurement,Produksi,CYL COMP,K2VJ,J151,POSITION Y,DR,06 Mar 2026,1,0.2526,,,,,Open,K2VJ_2026-03-06_1,2026-06-04 06:32:01,0
d2bec3d3,cmm,Measurement,Produksi,CYL COMP,K2VJ,J152,POSITION X,AL,06 Mar 2026,1,0.2287,,,,,Open,K2VJ_2026-03-06_1,2026-06-04 06:32:01,0
b6aa416a,cmm,Measurement,Produksi,CYL COMP,K2VJ,J152,POSITION X,AR,06 Mar 2026,1,0.2321,,,,,Open,K2VJ_2026-03-06_1,2026-06-04 06:32:01,1
33ef9d27,cmm,Measurement,Produksi,CYL COMP,K2VJ,J152,POSITION X,CL,06 Mar 2026,1,0.5466,,,,,Open,K2VJ_2026-03-06_1,2026-06-04 06:32:01,0
3c9897b6,cmm,Measurement,Produksi,CYL COMP,K2VJ,J152,POSITION X,CR,06 Mar 2026,1,0.4981,,,,,Open,K2VJ_2026-03-06_1,2026-06-04 06:32:01,0
e14737c2,cmm,Measurement,Produksi,CYL COMP,K2VJ,J152,POSITION X,DL,06 Mar 2026,1,0.6081,,,,,Open,K2VJ_2026-03-06_1,2026-06-04 06:32:01,0
4b25a03f,cmm,Measurement,Produksi,CYL COMP,K2VJ,J152,POSITION X,DR,06 Mar 2026,1,0.6049,,,,,Open,K2VJ_2026-03-06_1,2026-06-04 06:32:01,0
bea9ddef,cmm,Measurement,Produksi,CYL COMP,K2VJ,J152,POSITION X,EL,06 Mar 2026,1,0.5757,,,,,Open,K2VJ_2026-03-06_1,2026-06-04 06:32:01,1
f3353cd1,cmm,Measurement,Produksi,CYL COMP,K2VJ,J152,POSITION X,ER,06 Mar 2026,1,0.5905,,,,,Open,K2VJ_2026-03-06_1,2026-06-04 06:32:01,1
5784e7cb,cmm,Measurement,Produksi,CYL COMP,K2VJ,J152,POSITION Y,AL,06 Mar 2026,1,-0.3328,,,,,Open,K2VJ_2026-03-06_1,2026-06-04 06:32:01,0
5d213bd2,cmm,Measurement,Produksi,CYL COMP,K2VJ,J152,POSITION Y,AR,06 Mar 2026,1,-0.435,,,,,Open,K2VJ_2026-03-06_1,2026-06-04 06:32:01,0
d69ce001,cmm,Measurement,Produksi,CYL COMP,K2VJ,J152,POSITION Y,CL,06 Mar 2026,1,-0.3259,,,,,Open,K2VJ_2026-03-06_1,2026-06-04 06:32:01,0
7cb34081,cmm,Measurement,Produksi,CYL COMP,K2VJ,J152,POSITION Y,CR,06 Mar 2026,1,-0.234,,,,,Open,K2VJ_2026-03-06_1,2026-06-04 06:32:01,0
e7d1d38a,cmm,Measurement,Produksi,CYL COMP,K2VJ,J152,POSITION Y,DL,06 Mar 2026,1,-0.3083,,,,,Open,K2VJ_2026-03-06_1,2026-06-04 06:32:01,0
86c88f0f,cmm,Measurement,Produksi,CYL COMP,K2VJ,J152,POSITION Y,DR,06 Mar 2026,1,-0.3367,,,,,Open,K2VJ_2026-03-06_1,2026-06-04 06:32:01,0
bc3326b3,cmm,Measurement,Produksi,CYL COMP,K2VJ,J152,POSITION Y,EL,06 Mar 2026,1,-0.4818,,,,,Open,K2VJ_2026-03-06_1,2026-06-04 06:32:01,1
d0b274dd,cmm,Measurement,Produksi,CYL COMP,K2VJ,J152,POSITION Y,ER,06 Mar 2026,1,-0.5652,,,,,Open,K2VJ_2026-03-06_1,2026-06-04 06:32:01,0
060cd991,cmm,Measurement,Produksi,CYL COMP,K2VJ,J163,POSITION X,AL,06 Mar 2026,1,-0.0544,,,,,Open,K2VJ_2026-03-06_1,2026-06-04 06:32:01,0
717a0f8d,cmm,Measurement,Produksi,CYL COMP,K2VJ,K301,POSITION X THD CENTER,BR,06 Mar 2026,1,0.207,,,,,Open,K2VJ_2026-03-06_1,2026-06-04 06:32:01,0
428f000f,cmm,Measurement,Produksi,CYL COMP,K2VJ,K301,POSITION X THD CENTER,CL,06 Mar 2026,1,0.5584,,,,,Open,K2VJ_2026-03-06_1,2026-06-04 06:32:01,0
f296a285,cmm,Measurement,Produksi,CYL COMP,K2VJ,K301,POSITION X THD CENTER,CR,06 Mar 2026,1,0.4826,,,,,Open,K2VJ_2026-03-06_1,2026-06-04 06:32:01,1
cc22105c,cmm,Measurement,Produksi,CYL COMP,K2VJ,K301,POSITION X THD CENTER,DL,06 Mar 2026,1,0.3662,,,,,Open,K2VJ_2026-03-06_1,2026-06-04 06:32:01,0
08b6af5b,cmm,Measurement,Produksi,CYL COMP,K2VJ,K301,POSITION X THD CENTER,DR,06 Mar 2026,1,0.3485,,,,,Open,K2VJ_2026-03-06_1,2026-06-04 06:32:01,1
cb45466c,cmm,Measurement,Produksi,CYL COMP,K2VJ,K301,POSITION X THD CENTER,EL,06 Mar 2026,1,0.4124,,,,,Open,K2VJ_2026-03-06_1,2026-06-04 06:32:01,0
7a02c1cb,cmm,Measurement,Produksi,CYL COMP,K2VJ,K301,POSITION X THD CENTER,ER,06 Mar 2026,1,0.4209,,,,,Open,K2VJ_2026-03-06_1,2026-06-04 06:32:01,0
912bc0bb,cmm,Measurement,Produksi,CYL COMP,K2VJ,K301,POSITION Y,CL,06 Mar 2026,1,0.2204,,,,,Open,K2VJ_2026-03-06_1,2026-06-04 06:32:01,0
391578e9,cmm,Measurement,Produksi,CYL COMP,K2VJ,K301,POSITION Y,DL,06 Mar 2026,1,-0.227,,,,,Open,K2VJ_2026-03-06_1,2026-06-04 06:32:01,0
91ff3d38,cmm,Measurement,Produksi,CYL COMP,K2VJ,K301,POSITION Y,DR,06 Mar 2026,1,-0.2645,,,,,Open,K2VJ_2026-03-06_1,2026-06-04 06:32:01,1
83379795,cmm,Measurement,Produksi,CYL COMP,K2VJ,K302,POSITION Y,CL,06 Mar 2026,1,0.2207,,,,,Open,K2VJ_2026-03-06_1,2026-06-04 06:32:01,0
f8f2e861,cmm,Measurement,Produksi,CYL COMP,K2VJ,K302,POSITION Y,CR,06 Mar 2026,1,0.2054,,,,,Open,K2VJ_2026-03-06_1,2026-06-04 06:32:01,0
84dc1cb7,cmm,Measurement,Produksi,CYL COMP,K2VJ,K302,POSITION Y,DL,06 Mar 2026,1,-0.2448,,,,,Open,K2VJ_2026-03-06_1,2026-06-04 06:32:01,0
28f508d3,cmm,Measurement,Produksi,CYL COMP,K2VJ,K302,POSITION Y,DR,06 Mar 2026,1,-0.3158,,,,,Open,K2VJ_2026-03-06_1,2026-06-04 06:32:01,1
93a02fc7,cmm,Measurement,Produksi,CYL COMP,K2VJ,K303,POSITION X,CL,06 Mar 2026,1,0.2748,,,,,Open,K2VJ_2026-03-06_1,2026-06-04 06:32:01,0
7092da8d,cmm,Measurement,Produksi,CYL COMP,K2VJ,K303,POSITION X,CR,06 Mar 2026,1,0.2529,,,,,Open,K2VJ_2026-03-06_1,2026-06-04 06:32:01,0
cb89c9e2,cmm,Measurement,Produksi,CYL COMP,K2VJ,K303,POSITION X,EL,06 Mar 2026,1,-0.3422,,,,,Open,K2VJ_2026-03-06_1,2026-06-04 06:32:01,1
4a0f53e3,cmm,Measurement,Produksi,CYL COMP,K2VJ,K303,POSITION X,ER,06 Mar 2026,1,-0.386,,,,,Open,K2VJ_2026-03-06_1,2026-06-04 06:32:01,0
ed9c65fd,cmm,Measurement,Produksi,CYL COMP,K2VJ,K304,POSITION Y,AL,06 Mar 2026,1,-0.3175,,,,,Open,K2VJ_2026-03-06_1,2026-06-04 06:32:01,0
46a1c42f,cmm,Measurement,Produksi,CYL COMP,K2VJ,K304,POSITION Y,AR,06 Mar 2026,1,-0.2966,,,,,Open,K2VJ_2026-03-06_1,2026-06-04 06:32:01,0
a584cbdc,cmm,Measurement,Produksi,CYL COMP,K2VJ,K304,POSITION Y,BR,06 Mar 2026,1,-0.2141,,,,,Open,K2VJ_2026-03-06_1,2026-06-04 06:32:01,0
18edde60,cmm,Measurement,Produksi,CYL COMP,K2VJ,K304,POSITION Y,DL,06 Mar 2026,1,-0.329,,,,,Open,K2VJ_2026-03-06_1,2026-06-04 06:32:01,0
cc4974ec,cmm,Measurement,Produksi,CYL COMP,K2VJ,K304,POSITION Y,DR,06 Mar 2026,1,-0.3285,,,,,Open,K2VJ_2026-03-06_1,2026-06-04 06:32:01,0
755f2e59,cmm,Measurement,Produksi,CYL COMP,K2VJ,K304,POSITION Y,EL,06 Mar 2026,1,-0.2812,,,,,Open,K2VJ_2026-03-06_1,2026-06-04 06:32:01,0
9d92a0a6,cmm,Measurement,Produksi,CYL COMP,K2VJ,K304,POSITION Y,ER,06 Mar 2026,1,-0.326,,,,,Open,K2VJ_2026-03-06_1,2026-06-04 06:32:01,0
33a34163,cmm,Measurement,Produksi,CYL COMP,K2VJ,K304,POSITION X,CL,06 Mar 2026,1,-0.4028,,,,,Open,K2VJ_2026-03-06_1,2026-06-04 06:32:01,0
3b982ac2,cmm,Measurement,Produksi,CYL COMP,K2VJ,K304,POSITION X,CR,06 Mar 2026,1,-0.3853,,,,,Open,K2VJ_2026-03-06_1,2026-06-04 06:32:01,0
286d1f6e,cmm,Measurement,Produksi,CYL COMP,K2VJ,K304,POSITION X,DL,06 Mar 2026,1,-0.5122,,,,,Open,K2VJ_2026-03-06_1,2026-06-04 06:32:01,0
c83837e6,cmm,Measurement,Produksi,CYL COMP,K2VJ,K304,POSITION X,DR,06 Mar 2026,1,-0.452,,,,,Open,K2VJ_2026-03-06_1,2026-06-04 06:32:01,0
64e76af3,cmm,Measurement,Produksi,CYL COMP,K2VJ,K304,POSITION X,EL,06 Mar 2026,1,-0.2321,,,,,Open,K2VJ_2026-03-06_1,2026-06-04 06:32:01,0
9e916c14,cmm,Measurement,Produksi,CYL COMP,K2VJ,K305,POSITION X,AL,06 Mar 2026,1,-0.4149,,,,,Open,K2VJ_2026-03-06_1,2026-06-04 06:32:01,0
fb75c66b,cmm,Measurement,Produksi,CYL COMP,K2VJ,K305,POSITION X,AR,06 Mar 2026,1,-0.378,,,,,Open,K2VJ_2026-03-06_1,2026-06-04 06:32:01,0
d82bc94b,cmm,Measurement,Produksi,CYL COMP,K2VJ,K305,POSITION X,BL,06 Mar 2026,1,-0.5028,,,,,Open,K2VJ_2026-03-06_1,2026-06-04 06:32:01,1
2c24680b,cmm,Measurement,Produksi,CYL COMP,K2VJ,K305,POSITION X,BR,06 Mar 2026,1,-0.5613,,,,,Open,K2VJ_2026-03-06_1,2026-06-04 06:32:01,0
acad1dfa,cmm,Measurement,Produksi,CYL COMP,K2VJ,K305,POSITION X,CL,06 Mar 2026,1,-0.3658,,,,,Open,K2VJ_2026-03-06_1,2026-06-04 06:32:01,1
d195660a,cmm,Measurement,Produksi,CYL COMP,K2VJ,K305,POSITION X,CR,06 Mar 2026,1,-0.3268,,,,,Open,K2VJ_2026-03-06_1,2026-06-04 06:32:01,0
f355a781,cmm,Measurement,Produksi,CYL COMP,K2VJ,K305,POSITION X,DL,06 Mar 2026,1,-0.6402,,,,,Open,K2VJ_2026-03-06_1,2026-06-04 06:32:01,0
54fa8c68,cmm,Measurement,Produksi,CYL COMP,K2VJ,K305,POSITION X,DR,06 Mar 2026,1,-0.6644,,,,,Open,K2VJ_2026-03-06_1,2026-06-04 06:32:01,0
cd2a1287,cmm,Measurement,Produksi,CYL COMP,K2VJ,K305,POSITION X,EL,06 Mar 2026,1,-0.6746,,,,,Open,K2VJ_2026-03-06_1,2026-06-04 06:32:01,0
4c5e4699,cmm,Measurement,Produksi,CYL COMP,K2VJ,K305,POSITION X,ER,06 Mar 2026,1,-0.7176,,,,,Open,K2VJ_2026-03-06_1,2026-06-04 06:32:01,0
c97afafc,cmm,Measurement,Produksi,CYL COMP,K2VJ,K305,POSITION Y THD FACE HEAD,CR,06 Mar 2026,1,-0.2083,,,,,Open,K2VJ_2026-03-06_1,2026-06-04 06:32:01,0
817798a2,cmm,Measurement,Produksi,CYL COMP,K2VJ,K305,POSITION Y,EL,06 Mar 2026,1,-0.2209,,,,,Open,K2VJ_2026-03-06_1,2026-06-04 06:32:01,0
b23f2863,cmm,Measurement,Produksi,CYL COMP,K2VJ,K305,POSITION Y,ER,06 Mar 2026,1,-0.2714,,,,,Open,K2VJ_2026-03-06_1,2026-06-04 06:32:01,0
88167668,cmm,Measurement,Produksi,CYL COMP,K2VJ,K401,POSITION X,DL,06 Mar 2026,1,0.3382,,,,,Open,K2VJ_2026-03-06_1,2026-06-04 06:32:01,1
c9817f33,cmm,Measurement,Produksi,CYL COMP,K2VJ,K401,POSITION X,DR,06 Mar 2026,1,0.302,,,,,Open,K2VJ_2026-03-06_1,2026-06-04 06:32:01,0
7f6ddbfe,cmm,Measurement,Produksi,CYL COMP,K2VJ,K401,POSITION X,EL,06 Mar 2026,1,0.4206,,,,,Open,K2VJ_2026-03-06_1,2026-06-04 06:32:01,0
34bc1d10,cmm,Measurement,Produksi,CYL COMP,K2VJ,K401,POSITION X,ER,06 Mar 2026,1,0.4195,,,,,Open,K2VJ_2026-03-06_1,2026-06-04 06:32:01,0
1bb11e87,cmm,Measurement,Produksi,CYL COMP,K2VJ,K401,POSITION Y,AL,06 Mar 2026,1,-0.3239,,,,,Open,K2VJ_2026-03-06_1,2026-06-04 06:32:01,0
3da95de5,cmm,Measurement,Produksi,CYL COMP,K2VJ,K401,POSITION Y,AR,06 Mar 2026,1,-0.3297,,,,,Open,K2VJ_2026-03-06_1,2026-06-04 06:32:01,0
b02baf2a,cmm,Measurement,Produksi,CYL COMP,K2VJ,K402,POSITION Y,AL,06 Mar 2026,1,-0.2943,,,,,Open,K2VJ_2026-03-06_1,2026-06-04 06:32:01,1
54e642a8,cmm,Measurement,Produksi,CYL COMP,K2VJ,K402,POSITION Y,AR,06 Mar 2026,1,-0.3072,,,,,Open,K2VJ_2026-03-06_1,2026-06-04 06:32:01,0
51280dae,cmm,Measurement,Produksi,CYL COMP,K2VJ,K402,POSITION Y,CL,06 Mar 2026,1,-0.1806,,,,,Open,K2VJ_2026-03-06_1,2026-06-04 06:32:01,0
4288efac,cmm,Measurement,Produksi,CYL COMP,K2VJ,K402,POSITION Y,EL,06 Mar 2026,1,-0.1599,,,,,Open,K2VJ_2026-03-06_1,2026-06-04 06:32:01,0
c08e62b0,cmm,Measurement,Produksi,CYL COMP,K2VJ,K402,POSITION Y,ER,06 Mar 2026,1,-0.1569,,,,,Open,K2VJ_2026-03-06_1,2026-06-04 06:32:01,1
a6add813,cmm,Measurement,Produksi,CYL COMP,K2VJ,K402,POSITION X,CL,06 Mar 2026,1,-0.1464,,,,,Open,K2VJ_2026-03-06_1,2026-06-04 06:32:01,0
1ca17deb,cmm,Measurement,Produksi,CYL COMP,K2VJ,K402,POSITION X,CR,06 Mar 2026,1,-0.1409,,,,,Open,K2VJ_2026-03-06_1,2026-06-04 06:32:01,0
fa6ecba1,cmm,Measurement,Produksi,CYL COMP,K2VJ,K402,POSITION X,EL,06 Mar 2026,1,0.1277,,,,,Open,K2VJ_2026-03-06_1,2026-06-04 06:32:01,0
11025cf1,cmm,Measurement,Produksi,CYL COMP,K2VJ,K402,POSITION X,ER,06 Mar 2026,1,0.1761,,,,,Open,K2VJ_2026-03-06_1,2026-06-04 06:32:01,1
3be8dcc0,cmm,Measurement,Produksi,CYL COMP,K2VJ,K403,POSITION X,CL,06 Mar 2026,1,-0.3784,,,,,Open,K2VJ_2026-03-06_1,2026-06-04 06:32:01,0
f3a94315,cmm,Measurement,Produksi,CYL COMP,K2VJ,K403,POSITION X,CR,06 Mar 2026,1,-0.3589,,,,,Open,K2VJ_2026-03-06_1,2026-06-04 06:32:01,0
7fe9c256,cmm,Measurement,Produksi,CYL COMP,K2VJ,K403,POSITION X,DL,06 Mar 2026,1,0.1761,,,,,Open,K2VJ_2026-03-06_1,2026-06-04 06:32:01,0
1a017a33,cmm,Measurement,Produksi,CYL COMP,K2VJ,K403,POSITION X,DR,06 Mar 2026,1,0.1864,,,,,Open,K2VJ_2026-03-06_1,2026-06-04 06:32:01,0
176a93b3,cmm,Measurement,Produksi,CYL COMP,K2VJ,K403,POSITION X,EL,06 Mar 2026,1,0.1971,,,,,Open,K2VJ_2026-03-06_1,2026-06-04 06:32:01,1
e6d474fc,cmm,Measurement,Produksi,CYL COMP,K2VJ,K403,POSITION X,ER,06 Mar 2026,1,0.2003,,,,,Open,K2VJ_2026-03-06_1,2026-06-04 06:32:01,0
6f40e839,cmm,Measurement,Produksi,CYL COMP,K2VJ,K403,POSITION Y,AL,06 Mar 2026,1,-0.1547,,,,,Open,K2VJ_2026-03-06_1,2026-06-04 06:32:01,1
b30e8b43,cmm,Measurement,Produksi,CYL COMP,K2VJ,K403,POSITION Y,CL,06 Mar 2026,1,-0.1671,,,,,Open,K2VJ_2026-03-06_1,2026-06-04 06:32:01,1
ae5b8ff8,cmm,Measurement,Produksi,CYL COMP,K2VJ,L151,DISTANCE DOWELL (Y),BR,06 Mar 2026,1,-0.0535,,,,,Open,K2VJ_2026-03-06_1,2026-06-04 06:32:01,0
8f3865d2,cmm,Measurement,Produksi,CYL COMP,K2VJ,L151,DISTANCE DOWELL (X),EL,06 Mar 2026,1,-0.0663,,,,,Open,K2VJ_2026-03-06_1,2026-06-04 06:32:01,0
50eeedbe,cmm,Measurement,Produksi,CYL COMP,K2VJ,L151,DISTANCE DOWELL (X),ER,06 Mar 2026,1,-0.0508,,,,,Open,K2VJ_2026-03-06_1,2026-06-04 06:32:01,0
93b3e57b,cmm,Measurement,Produksi,CYL COMP,K2VJ,L152,POSITION X,CL,06 Mar 2026,1,0.3496,,,,,Open,K2VJ_2026-03-06_1,2026-06-04 06:32:01,0
1176aba9,cmm,Measurement,Produksi,CYL COMP,K2VJ,L152,POSITION X,CR,06 Mar 2026,1,0.3104,,,,,Open,K2VJ_2026-03-06_1,2026-06-04 06:32:01,0
9f529c11,cmm,Measurement,Produksi,CYL COMP,K2VJ,L152,POSITION X,DL,06 Mar 2026,1,0.5167,,,,,Open,K2VJ_2026-03-06_1,2026-06-04 06:32:01,0
95836d68,cmm,Measurement,Produksi,CYL COMP,K2VJ,L152,POSITION X,DR,06 Mar 2026,1,0.5177,,,,,Open,K2VJ_2026-03-06_1,2026-06-04 06:32:01,0
a0875046,cmm,Measurement,Produksi,CYL COMP,K2VJ,L152,POSITION X,EL,06 Mar 2026,1,0.4855,,,,,Open,K2VJ_2026-03-06_1,2026-06-04 06:32:01,0
6b1a11ed,cmm,Measurement,Produksi,CYL COMP,K2VJ,L152,POSITION X,ER,06 Mar 2026,1,0.4835,,,,,Open,K2VJ_2026-03-06_1,2026-06-04 06:32:01,0
a80e57e8,cmm,Measurement,Produksi,CYL COMP,K2VJ,L152,POSITION Y,AL,06 Mar 2026,1,-0.3551,,,,,Open,K2VJ_2026-03-06_1,2026-06-04 06:32:01,0
619436e5,cmm,Measurement,Produksi,CYL COMP,K2VJ,L152,POSITION Y,AR,06 Mar 2026,1,-0.4235,,,,,Open,K2VJ_2026-03-06_1,2026-06-04 06:32:01,0
8304abc8,cmm,Measurement,Produksi,CYL COMP,K2VJ,L152,POSITION Y,CL,06 Mar 2026,1,-0.2736,,,,,Open,K2VJ_2026-03-06_1,2026-06-04 06:32:01,0
6fb072c1,cmm,Measurement,Produksi,CYL COMP,K2VJ,L152,POSITION Y,CR,06 Mar 2026,1,-0.2381,,,,,Open,K2VJ_2026-03-06_1,2026-06-04 06:32:01,1
09922b17,cmm,Measurement,Produksi,CYL COMP,K2VJ,L152,POSITION Y,DL,06 Mar 2026,1,-0.3218,,,,,Open,K2VJ_2026-03-06_1,2026-06-04 06:32:02,1
0e4f3e13,cmm,Measurement,Produksi,CYL COMP,K2VJ,L152,POSITION Y,DR,06 Mar 2026,1,-0.2219,,,,,Open,K2VJ_2026-03-06_1,2026-06-04 06:32:02,1
1734cbec,cmm,Measurement,Produksi,CYL COMP,K2VJ,L152,POSITION Y,EL,06 Mar 2026,1,-0.4236,,,,,Open,K2VJ_2026-03-06_1,2026-06-04 06:32:02,0
8fb03d85,cmm,Measurement,Produksi,CYL COMP,K2VJ,L152,POSITION Y,ER,06 Mar 2026,1,-0.4771,,,,,Open,K2VJ_2026-03-06_1,2026-06-04 06:32:02,0
c95cca0a,cmm,Measurement,Produksi,CYL COMP,K2VJ,L153,POSITION X,AL,06 Mar 2026,1,-0.3182,,,,,Open,K2VJ_2026-03-06_1,2026-06-04 06:32:02,1
f8e22910,cmm,Measurement,Produksi,CYL COMP,K2VJ,L153,POSITION X,AR,06 Mar 2026,1,-0.3135,,,,,Open,K2VJ_2026-03-06_1,2026-06-04 06:32:02,0
224d1af1,cmm,Measurement,Produksi,CYL COMP,K2VJ,L153,POSITION X,CL,06 Mar 2026,1,-0.6792,,,,,Open,K2VJ_2026-03-06_1,2026-06-04 06:32:02,1
133b14a4,cmm,Measurement,Produksi,CYL COMP,K2VJ,L153,POSITION X,CR,06 Mar 2026,1,-0.6186,,,,,Open,K2VJ_2026-03-06_1,2026-06-04 06:32:02,0
4812f295,cmm,Measurement,Produksi,CYL COMP,K2VJ,L153,POSITION X,DL,06 Mar 2026,1,-0.9786,,,,,Open,K2VJ_2026-03-06_1,2026-06-04 06:32:02,0
1cf217dd,cmm,Measurement,Produksi,CYL COMP,K2VJ,L153,POSITION X,DR,06 Mar 2026,1,-0.9309,,,,,Open,K2VJ_2026-03-06_1,2026-06-04 06:32:02,1
a38eaabb,cmm,Measurement,Produksi,CYL COMP,K2VJ,L153,POSITION X,EL,06 Mar 2026,1,-0.8856,,,,,Open,K2VJ_2026-03-06_1,2026-06-04 06:32:02,0
f9fda1d4,cmm,Measurement,Produksi,CYL COMP,K2VJ,L153,POSITION X,ER,06 Mar 2026,1,-0.91,,,,,Open,K2VJ_2026-03-06_1,2026-06-04 06:32:02,1
c8688fd5,cmm,Measurement,Produksi,CYL COMP,K2VJ,L153,POSITION Y,BL,06 Mar 2026,1,-0.2287,,,,,Open,K2VJ_2026-03-06_1,2026-06-04 06:32:02,0
cf4eca9c,cmm,Measurement,Produksi,CYL COMP,K2VJ,L153,POSITION Y,CL,06 Mar 2026,1,0.2977,,,,,Open,K2VJ_2026-03-06_1,2026-06-04 06:32:02,0
1b567009,cmm,Measurement,Produksi,CYL COMP,K2VJ,L153,POSITION Y,CR,06 Mar 2026,1,0.2563,,,,,Open,K2VJ_2026-03-06_1,2026-06-04 06:32:02,0
ac6890bd,cmm,Measurement,Produksi,CYL COMP,K2VJ,L153,POSITION Y,DL,06 Mar 2026,1,0.2808,,,,,Open,K2VJ_2026-03-06_1,2026-06-04 06:32:02,0
428dd0c5,cmm,Measurement,Produksi,CYL COMP,K2VJ,L154,POSITION X,BL,06 Mar 2026,1,-0.3503,,,,,Open,K2VJ_2026-03-06_1,2026-06-04 06:32:02,0
1488dd9d,cmm,Measurement,Produksi,CYL COMP,K2VJ,L154,POSITION X,CL,06 Mar 2026,1,0.5431,,,,,Open,K2VJ_2026-03-06_1,2026-06-04 06:32:02,1
d428e3d5,cmm,Measurement,Produksi,CYL COMP,K2VJ,L154,POSITION X,CR,06 Mar 2026,1,0.4605,,,,,Open,K2VJ_2026-03-06_1,2026-06-04 06:32:02,0
91a75c3c,cmm,Measurement,Produksi,CYL COMP,K2VJ,L154,POSITION X,DL,06 Mar 2026,1,1.0067,,,,,Open,K2VJ_2026-03-06_1,2026-06-04 06:32:02,1
bcbe3d41,cmm,Measurement,Produksi,CYL COMP,K2VJ,L154,POSITION X,DR,06 Mar 2026,1,0.9201,,,,,Open,K2VJ_2026-03-06_1,2026-06-04 06:32:02,1
838d30ac,cmm,Measurement,Produksi,CYL COMP,K2VJ,L154,POSITION X,EL,06 Mar 2026,1,0.9327,,,,,Open,K2VJ_2026-03-06_1,2026-06-04 06:32:02,1
d8d2d857,cmm,Measurement,Produksi,CYL COMP,K2VJ,L154,POSITION X,ER,06 Mar 2026,1,0.9857,,,,,Open,K2VJ_2026-03-06_1,2026-06-04 06:32:02,0
36072eeb,cmm,Measurement,Produksi,CYL COMP,K2VJ,L154,POSITION Y,AL,06 Mar 2026,1,-0.544,,,,,Open,K2VJ_2026-03-06_1,2026-06-04 06:32:02,0
e21543c2,cmm,Measurement,Produksi,CYL COMP,K2VJ,L154,POSITION Y,AR,06 Mar 2026,1,-0.6396,,,,,Open,K2VJ_2026-03-06_1,2026-06-04 06:32:02,0
e82804ee,cmm,Measurement,Produksi,CYL COMP,K2VJ,L154,POSITION Y,BL,06 Mar 2026,1,-0.2889,,,,,Open,K2VJ_2026-03-06_1,2026-06-04 06:32:02,0
e83fc0eb,cmm,Measurement,Produksi,CYL COMP,K2VJ,L154,POSITION Y,BR,06 Mar 2026,1,-0.3518,,,,,Open,K2VJ_2026-03-06_1,2026-06-04 06:32:02,0
462998db,cmm,Measurement,Produksi,CYL COMP,K2VJ,L154,POSITION Y,CL,06 Mar 2026,1,-0.4833,,,,,Open,K2VJ_2026-03-06_1,2026-06-04 06:32:02,0
ccd1d11f,cmm,Measurement,Produksi,CYL COMP,K2VJ,L154,POSITION Y,CR,06 Mar 2026,1,-0.3968,,,,,Open,K2VJ_2026-03-06_1,2026-06-04 06:32:02,0
36d48333,cmm,Measurement,Produksi,CYL COMP,K2VJ,L154,POSITION Y,EL,06 Mar 2026,1,-0.3237,,,,,Open,K2VJ_2026-03-06_1,2026-06-04 06:32:02,0
dd029329,cmm,Measurement,Produksi,CYL COMP,K2VJ,L154,POSITION Y,ER,06 Mar 2026,1,-0.3741,,,,,Open,K2VJ_2026-03-06_1,2026-06-04 06:32:02,0
c8c06043,cmm,Measurement,Produksi,CYL COMP,K2VJ,L163,POSITION Y,CL,06 Mar 2026,1,-0.3038,,,,,Open,K2VJ_2026-03-06_1,2026-06-04 06:32:02,0
580780d4,cmm,Measurement,Produksi,CYL COMP,K2VJ,L163,POSITION Y,CR,06 Mar 2026,1,-0.3315,,,,,Open,K2VJ_2026-03-06_1,2026-06-04 06:32:02,0
5ba0696e,cmm,Measurement,Produksi,CYL COMP,K2VJ,L163,POSITION Y,DL,06 Mar 2026,1,-0.432,,,,,Open,K2VJ_2026-03-06_1,2026-06-04 06:32:02,0
e6b5a08d,cmm,Measurement,Produksi,CYL COMP,K2VJ,L163,POSITION Y,DR,06 Mar 2026,1,-0.4041,,,,,Open,K2VJ_2026-03-06_1,2026-06-04 06:32:02,0
2b1a1b05,cmm,Measurement,Produksi,CYL COMP,K2VJ,L164,POSITION X,AL,06 Mar 2026,1,0.0518,,,,,Open,K2VJ_2026-03-06_1,2026-06-04 06:32:02,1
6795271a,cmm,Measurement,Produksi,CYL COMP,K2VJ,L164,POSITION X,EL,06 Mar 2026,1,-0.0807,,,,,Open,K2VJ_2026-03-06_1,2026-06-04 06:32:02,0
564338f9,cmm,Measurement,Produksi,CYL COMP,K2VJ,L164,POSITION Y,ER,06 Mar 2026,1,0.0541,,,,,Open,K2VJ_2026-03-06_1,2026-06-04 06:32:02,1
aaee65ff,cmm,Measurement,Produksi,CRCS L,K1AL L1,A002,Posisi X From A001 ( Drill 6 ),1,06 Apr 2026,1,0.23,,,,,Open,K1AL_L1_CRCS_L_2026-04-06_1,2026-06-04 11:21:22,1
8275a9f7,cmm,Measurement,Produksi,CRCS L,K1AL L1,A002,Posisi X From A001 ( Drill 6 ),2,06 Apr 2026,1,0.231,,,,,Open,K1AL_L1_CRCS_L_2026-04-06_1,2026-06-04 11:21:22,1
d137045c,cmm,Measurement,Produksi,CRCS L,K1AL L1,A002,Posisi X From A001 ( Drill 6 ),6,06 Apr 2026,1,0.212,,,,,Open,K1AL_L1_CRCS_L_2026-04-06_1,2026-06-04 11:21:22,1
5f40ff5e,cmm,Measurement,Produksi,CRCS L,K1AL L1,A002,Posisi Y From A001 ( Drill 6 ),1,06 Apr 2026,1,0.23,,,,,Open,K1AL_L1_CRCS_L_2026-04-06_1,2026-06-04 11:21:22,0
025fc1ea,cmm,Measurement,Produksi,CRCS L,K1AL L1,A002,Posisi Y From A001 ( Drill 6 ),2,06 Apr 2026,1,0.231,,,,,Open,K1AL_L1_CRCS_L_2026-04-06_1,2026-06-04 11:21:22,1
914545ed,cmm,Measurement,Produksi,CRCS L,K1AL L1,A002,Posisi Y From A001 ( Drill 6 ),6,06 Apr 2026,1,0.212,,,,,Open,K1AL_L1_CRCS_L_2026-04-06_1,2026-06-04 11:21:22,0
1947ef24,cmm,Measurement,Produksi,CRCS L,K1AL L1,A006,Concentricity to m,1,06 Apr 2026,1,0.034,,,,,Open,K1AL_L1_CRCS_L_2026-04-06_1,2026-06-04 11:21:22,1
b6e9b73a,cmm,Measurement,Produksi,CRCS L,K1AL L1,A006,Concentricity to m,3,06 Apr 2026,1,0.04,,,,,Open,K1AL_L1_CRCS_L_2026-04-06_1,2026-06-04 11:21:22,0
5db933fc,cmm,Measurement,Produksi,CRCS L,K1AL L1,A006,Concentricity to m,4,06 Apr 2026,1,0.037,,,,,Open,K1AL_L1_CRCS_L_2026-04-06_1,2026-06-04 11:21:23,0
42e5d6b9,cmm,Measurement,Produksi,CRCS L,K1AL L1,A006,Concentricity to m,5,06 Apr 2026,1,0.036,,,,,Open,K1AL_L1_CRCS_L_2026-04-06_1,2026-06-04 11:21:23,0
96892f22,cmm,Measurement,Produksi,CRCS L,K1AL L1,A020,Posisi X,4,06 Apr 2026,1,-0.214,,,,,Open,K1AL_L1_CRCS_L_2026-04-06_1,2026-06-04 11:21:23,1
3939d43d,cmm,Measurement,Produksi,CRCS L,K1AL L1,A020,Posisi Y,4,06 Apr 2026,1,-0.214,,,,,Open,K1AL_L1_CRCS_L_2026-04-06_1,2026-06-04 11:21:23,0
dca2bd06,cmm,Measurement,Produksi,CRCS L,K1AL L1,A030,Posisi X Drill 6.5,1,06 Apr 2026,1,0.22,,,,,Open,K1AL_L1_CRCS_L_2026-04-06_1,2026-06-04 11:21:23,1
b8943042,cmm,Measurement,Produksi,CRCS L,K1AL L1,A030,Posisi X Drill 6.5,2,06 Apr 2026,1,0.273,,,,,Open,K1AL_L1_CRCS_L_2026-04-06_1,2026-06-04 11:21:23,1
8aaf108b,cmm,Measurement,Produksi,CRCS L,K1AL L1,A030,Posisi X Drill 6.5,6,06 Apr 2026,1,0.226,,,,,Open,K1AL_L1_CRCS_L_2026-04-06_1,2026-06-04 11:21:23,1
f28677ff,cmm,Measurement,Produksi,CRCS L,K1AL L1,A030,Posisi Y Drill 6.5,1,06 Apr 2026,1,0.22,,,,,Open,K1AL_L1_CRCS_L_2026-04-06_1,2026-06-04 11:21:23,0
633676dc,cmm,Measurement,Produksi,CRCS L,K1AL L1,A030,Posisi Y Drill 6.5,2,06 Apr 2026,1,0.273,,,,,Open,K1AL_L1_CRCS_L_2026-04-06_1,2026-06-04 11:21:23,0
6029f738,cmm,Measurement,Produksi,CRCS L,K1AL L1,A030,Posisi Y Drill 6.5,6,06 Apr 2026,1,0.226,,,,,Open,K1AL_L1_CRCS_L_2026-04-06_1,2026-06-04 11:21:23,1
dd5a7575,cmm,Measurement,Produksi,CRCS L,K1AL L1,A041,Posisi X,1,06 Apr 2026,1,0.302,,,,,Open,K1AL_L1_CRCS_L_2026-04-06_1,2026-06-04 11:21:23,1
eba33ce0,cmm,Measurement,Produksi,CRCS L,K1AL L1,A041,Posisi X,2,06 Apr 2026,1,0.273,,,,,Open,K1AL_L1_CRCS_L_2026-04-06_1,2026-06-04 11:21:23,1
4f1c2bc1,cmm,Measurement,Produksi,CRCS L,K1AL L1,A041,Posisi X,6,06 Apr 2026,1,0.259,,,,,Open,K1AL_L1_CRCS_L_2026-04-06_1,2026-06-04 11:21:23,0
9aaf4cac,cmm,Measurement,Produksi,CRCS L,K1AL L1,A041,Posisi Y,1,06 Apr 2026,1,0.302,,,,,Open,K1AL_L1_CRCS_L_2026-04-06_1,2026-06-04 11:21:23,0
01334d13,cmm,Measurement,Produksi,CRCS L,K1AL L1,A041,Posisi Y,2,06 Apr 2026,1,0.273,,,,,Open,K1AL_L1_CRCS_L_2026-04-06_1,2026-06-04 11:21:23,0
bbcfb2ad,cmm,Measurement,Produksi,CRCS L,K1AL L1,A041,Posisi Y,6,06 Apr 2026,1,0.259,,,,,Open,K1AL_L1_CRCS_L_2026-04-06_1,2026-06-04 11:21:23,0
f01601cc,cmm,Measurement,Produksi,CRCS L,K1AL L1,A042,Posisi X,1,06 Apr 2026,1,0.338,,,,,Open,K1AL_L1_CRCS_L_2026-04-06_1,2026-06-04 11:21:23,1
9787e610,cmm,Measurement,Produksi,CRCS L,K1AL L1,A042,Posisi X,2,06 Apr 2026,1,0.348,,,,,Open,K1AL_L1_CRCS_L_2026-04-06_1,2026-06-04 11:21:23,1
aef46c99,cmm,Measurement,Produksi,CRCS L,K1AL L1,A042,Posisi X,6,06 Apr 2026,1,0.262,,,,,Open,K1AL_L1_CRCS_L_2026-04-06_1,2026-06-04 11:21:23,0
420e1409,cmm,Measurement,Produksi,CRCS L,K1AL L1,A042,Posisi Y,1,06 Apr 2026,1,0.338,,,,,Open,K1AL_L1_CRCS_L_2026-04-06_1,2026-06-04 11:21:23,0
c7446506,cmm,Measurement,Produksi,CRCS L,K1AL L1,A042,Posisi Y,2,06 Apr 2026,1,0.348,,,,,Open,K1AL_L1_CRCS_L_2026-04-06_1,2026-06-04 11:21:23,0
9e93c3cb,cmm,Measurement,Produksi,CRCS L,K1AL L1,A042,Posisi Y,6,06 Apr 2026,1,0.262,,,,,Open,K1AL_L1_CRCS_L_2026-04-06_1,2026-06-04 11:21:23,0
75eab7a5,cmm,Measurement,Produksi,CRCS L,K1AL L1,A047,Posisi X,1,06 Apr 2026,1,-0.217,,,,,Open,K1AL_L1_CRCS_L_2026-04-06_1,2026-06-04 11:21:23,1
90054234,cmm,Measurement,Produksi,CRCS L,K1AL L1,A047,Posisi Y,1,06 Apr 2026,1,-0.217,,,,,Open,K1AL_L1_CRCS_L_2026-04-06_1,2026-06-04 11:21:23,0
090bafd3,cmm,Measurement,Produksi,CRCS L,K1AL L1,A048,Posisi X From A006,2,06 Apr 2026,1,0.206,,,,,Open,K1AL_L1_CRCS_L_2026-04-06_1,2026-06-04 11:21:23,1
5624e74b,cmm,Measurement,Produksi,CRCS L,K1AL L1,A048,Posisi Y From A006,2,06 Apr 2026,1,0.206,,,,,Open,K1AL_L1_CRCS_L_2026-04-06_1,2026-06-04 11:21:23,1
92703cfa,cmm,Measurement,Produksi,CRCS L,K1AL L1,A151,Posisi X Reamer 8H8,1,06 Apr 2026,1,0.147,,,,,Open,K1AL_L1_CRCS_L_2026-04-06_1,2026-06-04 11:21:23,1
5dc3519b,cmm,Measurement,Produksi,CRCS L,K1AL L1,A151,Posisi Y Reamer 8H8,1,06 Apr 2026,1,0.147,,,,,Open,K1AL_L1_CRCS_L_2026-04-06_1,2026-06-04 11:21:23,0
3f85d56e,cmm,Measurement,Produksi,CRCS L,K1AL L1,A151,Posisi X Drill 6.45,1,06 Apr 2026,1,0.215,,,,,Open,K1AL_L1_CRCS_L_2026-04-06_1,2026-06-04 11:21:23,1
88582a4d,cmm,Measurement,Produksi,CRCS L,K1AL L1,A151,Posisi X Drill 6.45,2,06 Apr 2026,1,0.219,,,,,Open,K1AL_L1_CRCS_L_2026-04-06_1,2026-06-04 11:21:23,1
95b48bb1,cmm,Measurement,Produksi,CRCS L,K1AL L1,A151,Posisi Y Drill 6.45,1,06 Apr 2026,1,0.215,,,,,Open,K1AL_L1_CRCS_L_2026-04-06_1,2026-06-04 11:21:23,0
de0b6e1e,cmm,Measurement,Produksi,CRCS L,K1AL L1,A151,Posisi Y Drill 6.45,2,06 Apr 2026,1,0.219,,,,,Open,K1AL_L1_CRCS_L_2026-04-06_1,2026-06-04 11:21:23,1
69fda11e,cmm,Measurement,Produksi,CRCS L,K1AL L1,A152,Posisi Y Reamer 8H8,1,06 Apr 2026,1,0.128,,,,,Open,K1AL_L1_CRCS_L_2026-04-06_1,2026-06-04 11:21:23,0
f1a783dd,cmm,Measurement,Produksi,CRCS L,K1AL L1,A153,Posisi X,3,06 Apr 2026,1,0.296,,,,,Open,K1AL_L1_CRCS_L_2026-04-06_1,2026-06-04 11:21:23,1
3aa88566,cmm,Measurement,Produksi,CRCS L,K1AL L1,A153,Posisi Y,3,06 Apr 2026,1,0.296,,,,,Open,K1AL_L1_CRCS_L_2026-04-06_1,2026-06-04 11:21:23,0
6eee37c2,cmm,Measurement,Produksi,CRCS L,K1AL L1,A154,Posisi X,1,06 Apr 2026,1,0.223,,,,,Open,K1AL_L1_CRCS_L_2026-04-06_1,2026-06-04 11:21:23,1
09bec8dc,cmm,Measurement,Produksi,CRCS L,K1AL L1,A154,Posisi X,2,06 Apr 2026,1,0.236,,,,,Open,K1AL_L1_CRCS_L_2026-04-06_1,2026-06-04 11:21:23,0
28390d64,cmm,Measurement,Produksi,CRCS L,K1AL L1,A154,Posisi X,3,06 Apr 2026,1,0.341,,,,,Open,K1AL_L1_CRCS_L_2026-04-06_1,2026-06-04 11:21:23,1
66e14d0b,cmm,Measurement,Produksi,CRCS L,K1AL L1,A154,Posisi Y,1,06 Apr 2026,1,0.223,,,,,Open,K1AL_L1_CRCS_L_2026-04-06_1,2026-06-04 11:21:23,1
8f6087af,cmm,Measurement,Produksi,CRCS L,K1AL L1,A154,Posisi Y,2,06 Apr 2026,1,0.236,,,,,Open,K1AL_L1_CRCS_L_2026-04-06_1,2026-06-04 11:21:23,0
da666205,cmm,Measurement,Produksi,CRCS L,K1AL L1,A154,Posisi Y,3,06 Apr 2026,1,0.341,,,,,Open,K1AL_L1_CRCS_L_2026-04-06_1,2026-06-04 11:21:23,0
6b4c5e8f,cmm,Measurement,Produksi,CRCS L,K1AL L1,A155,Posisi X,3,06 Apr 2026,1,0.331,,,,,Open,K1AL_L1_CRCS_L_2026-04-06_1,2026-06-04 11:21:23,1
80196e20,cmm,Measurement,Produksi,CRCS L,K1AL L1,A155,Posisi Y,3,06 Apr 2026,1,0.331,,,,,Open,K1AL_L1_CRCS_L_2026-04-06_1,2026-06-04 11:21:23,0
1d4f898c,cmm,Measurement,Produksi,CRCS L,K1AL L1,A156,Posisi X,3,06 Apr 2026,1,0.297,,,,,Open,K1AL_L1_CRCS_L_2026-04-06_1,2026-06-04 11:21:23,1
6ec3bbc6,cmm,Measurement,Produksi,CRCS L,K1AL L1,A156,Posisi Y,3,06 Apr 2026,1,0.297,,,,,Open,K1AL_L1_CRCS_L_2026-04-06_1,2026-06-04 11:21:23,0
e1d251fe,cmm,Measurement,Produksi,CRCS L,K1AL L1,A160,Posisi X,1,06 Apr 2026,1,0.22,,,,,Open,K1AL_L1_CRCS_L_2026-04-06_1,2026-06-04 11:21:23,0
c1c7e079,cmm,Measurement,Produksi,CRCS L,K1AL L1,A160,Posisi X,2,06 Apr 2026,1,0.35,,,,,Open,K1AL_L1_CRCS_L_2026-04-06_1,2026-06-04 11:21:23,1
82ab0e48,cmm,Measurement,Produksi,CRCS L,K1AL L1,A160,Posisi X,3,06 Apr 2026,1,0.463,,,,,Open,K1AL_L1_CRCS_L_2026-04-06_1,2026-06-04 11:21:23,1
7ec2c853,cmm,Measurement,Produksi,CRCS L,K1AL L1,A160,Posisi X,6,06 Apr 2026,1,0.297,,,,,Open,K1AL_L1_CRCS_L_2026-04-06_1,2026-06-04 11:21:23,1
a4e31669,cmm,Measurement,Produksi,CRCS L,K1AL L1,A160,Posisi Y,1,06 Apr 2026,1,0.22,,,,,Open,K1AL_L1_CRCS_L_2026-04-06_1,2026-06-04 11:21:23,0
85d7d4f4,cmm,Measurement,Produksi,CRCS L,K1AL L1,A160,Posisi Y,2,06 Apr 2026,1,0.35,,,,,Open,K1AL_L1_CRCS_L_2026-04-06_1,2026-06-04 11:21:23,0
4324a512,cmm,Measurement,Produksi,CRCS L,K1AL L1,A160,Posisi Y,3,06 Apr 2026,1,0.463,,,,,Open,K1AL_L1_CRCS_L_2026-04-06_1,2026-06-04 11:21:23,0
8dffd790,cmm,Measurement,Produksi,CRCS L,K1AL L1,A160,Posisi Y,6,06 Apr 2026,1,0.297,,,,,Open,K1AL_L1_CRCS_L_2026-04-06_1,2026-06-04 11:21:23,0
fd4b8d9c,cmm,Measurement,Produksi,CRCS L,K1AL L1,B010,Position To d & e,1,06 Apr 2026,1,0.111,,,,,Open,K1AL_L1_CRCS_L_2026-04-06_1,2026-06-04 11:21:23,0
184c94a9,cmm,Measurement,Produksi,CRCS L,K1AL L1,B011,Posisi X Reamer 8H8,3,06 Apr 2026,1,-1.064,,,,,Open,K1AL_L1_CRCS_L_2026-04-06_1,2026-06-04 11:21:23,0
5a232c59,cmm,Measurement,Produksi,CRCS L,K1AL L1,B011,Posisi Y Reamer 8H8,3,06 Apr 2026,1,-1.064,,,,,Open,K1AL_L1_CRCS_L_2026-04-06_1,2026-06-04 11:21:23,0
220eaa76,cmm,Measurement,Produksi,CRCS L,K1AL L1,B011,Posisi Y Drill 5.45,3,06 Apr 2026,1,-0.263,,,,,Open,K1AL_L1_CRCS_L_2026-04-06_1,2026-06-04 11:21:23,0
3959dad7,cmm,Measurement,Produksi,CRCS L,K1AL L1,B012,Posisi X From B011 Reamer 8H8,3,06 Apr 2026,1,-1.068,,,,,Open,K1AL_L1_CRCS_L_2026-04-06_1,2026-06-04 11:21:23,1
ef066910,cmm,Measurement,Produksi,CRCS L,K1AL L1,B012,Posisi Y From B011 Reamer 8H8,3,06 Apr 2026,1,-1.068,,,,,Open,K1AL_L1_CRCS_L_2026-04-06_1,2026-06-04 11:21:23,0
bfb03e44,cmm,Measurement,Produksi,CRCS L,K1AL L1,B012,Posisi X From B011 Drill 5.45,3,06 Apr 2026,1,-0.301,,,,,Open,K1AL_L1_CRCS_L_2026-04-06_1,2026-06-04 11:21:23,1
df658d2a,cmm,Measurement,Produksi,CRCS L,K1AL L1,B012,Posisi Y From B011 Drill 5.45,3,06 Apr 2026,1,-0.301,,,,,Open,K1AL_L1_CRCS_L_2026-04-06_1,2026-06-04 11:21:23,1
41b5f0c3,cmm,Measurement,Produksi,CRCS L,K1AL L1,B017,Distance From B027,1,06 Apr 2026,1,0.129,,,,,Open,K1AL_L1_CRCS_L_2026-04-06_1,2026-06-04 11:21:23,0
2f47e48a,cmm,Measurement,Produksi,CRCS L,K1AL L1,B017,Distance From B027,2,06 Apr 2026,1,-0.102,,,,,Open,K1AL_L1_CRCS_L_2026-04-06_1,2026-06-04 11:21:23,0
6e0966e9,cmm,Measurement,Produksi,CRCS L,K1AL L1,B017,Distance From B027,5,06 Apr 2026,1,0.186,,,,,Open,K1AL_L1_CRCS_L_2026-04-06_1,2026-06-04 11:21:23,0
e8b5251e,cmm,Measurement,Produksi,CRCS L,K1AL L1,B018,Distance From B027,5,06 Apr 2026,1,-0.154,,,,,Open,K1AL_L1_CRCS_L_2026-04-06_1,2026-06-04 11:21:23,1
6d2bad92,cmm,Measurement,Produksi,CRCS L,K1AL L1,B018,Position To f & g,1,06 Apr 2026,1,0.291,,,,,Open,K1AL_L1_CRCS_L_2026-04-06_1,2026-06-04 11:21:23,0
161c50b6,cmm,Measurement,Produksi,CRCS L,K1AL L1,B018,Position To f & g,2,06 Apr 2026,1,0.203,,,,,Open,K1AL_L1_CRCS_L_2026-04-06_1,2026-06-04 11:21:23,0
98851786,cmm,Measurement,Produksi,CRCS L,K1AL L1,B018,Position To f & g,3,06 Apr 2026,1,0.329,,,,,Open,K1AL_L1_CRCS_L_2026-04-06_1,2026-06-04 11:21:23,0
9d77ea7e,cmm,Measurement,Produksi,CRCS L,K1AL L1,B018,Position To f & g,4,06 Apr 2026,1,0.326,,,,,Open,K1AL_L1_CRCS_L_2026-04-06_1,2026-06-04 11:21:23,0
ee4ac3a9,cmm,Measurement,Produksi,CRCS L,K1AL L1,B018,Position To f & g,5,06 Apr 2026,1,0.482,,,,,Open,K1AL_L1_CRCS_L_2026-04-06_1,2026-06-04 11:21:23,0
0ff3a675,cmm,Measurement,Produksi,CRCS L,K1AL L1,B025,Position to d & e,1,06 Apr 2026,1,0.111,,,,,Open,K1AL_L1_CRCS_L_2026-04-06_1,2026-06-04 11:21:23,0
c26bd550,cmm,Measurement,Produksi,CRCS L,K1AL L1,B027,Angle From B010,1,06 Apr 2026,1,1.569,,,,,Open,K1AL_L1_CRCS_L_2026-04-06_1,2026-06-04 11:21:23,0
1035aa36,cmm,Measurement,Produksi,CRCS L,K1AL L1,B052,Posisi X,2,06 Apr 2026,1,-0.233,,,,,Open,K1AL_L1_CRCS_L_2026-04-06_1,2026-06-04 11:21:23,1
09403591,cmm,Measurement,Produksi,CRCS L,K1AL L1,B052,Posisi X,3,06 Apr 2026,1,-0.212,,,,,Open,K1AL_L1_CRCS_L_2026-04-06_1,2026-06-04 11:21:23,1
3d781c3a,cmm,Measurement,Produksi,CRCS L,K1AL L1,B052,Posisi X,6,06 Apr 2026,1,-0.279,,,,,Open,K1AL_L1_CRCS_L_2026-04-06_1,2026-06-04 11:21:23,1
3e95033d,cmm,Measurement,Produksi,CRCS L,K1AL L1,B052,Posisi Y,2,06 Apr 2026,1,-0.233,,,,,Open,K1AL_L1_CRCS_L_2026-04-06_1,2026-06-04 11:21:23,0
07256a98,cmm,Measurement,Produksi,CRCS L,K1AL L1,B052,Posisi Y,3,06 Apr 2026,1,-0.212,,,,,Open,K1AL_L1_CRCS_L_2026-04-06_1,2026-06-04 11:21:23,0
e262d0f2,cmm,Measurement,Produksi,CRCS L,K1AL L1,B052,Posisi Y,6,06 Apr 2026,1,-0.279,,,,,Open,K1AL_L1_CRCS_L_2026-04-06_1,2026-06-04 11:21:23,0
27542454,cmm,Measurement,Produksi,CRCS L,K1AL L1,B054,Posisi X,1,06 Apr 2026,1,-0.263,,,,,Open,K1AL_L1_CRCS_L_2026-04-06_1,2026-06-04 11:21:23,0
89f35c77,cmm,Measurement,Produksi,CRCS L,K1AL L1,B054,Posisi X,2,06 Apr 2026,1,-0.233,,,,,Open,K1AL_L1_CRCS_L_2026-04-06_1,2026-06-04 11:21:23,1
cd698535,cmm,Measurement,Produksi,CRCS L,K1AL L1,B054,Posisi X,6,06 Apr 2026,1,-0.253,,,,,Open,K1AL_L1_CRCS_L_2026-04-06_1,2026-06-04 11:21:23,1
12580bf0,cmm,Measurement,Produksi,CRCS L,K1AL L1,B054,Posisi Y,1,06 Apr 2026,1,-0.263,,,,,Open,K1AL_L1_CRCS_L_2026-04-06_1,2026-06-04 11:21:23,1
6b0748f3,cmm,Measurement,Produksi,CRCS L,K1AL L1,B054,Posisi Y,2,06 Apr 2026,1,-0.233,,,,,Open,K1AL_L1_CRCS_L_2026-04-06_1,2026-06-04 11:21:23,0
b149a0ff,cmm,Measurement,Produksi,CRCS L,K1AL L1,B054,Posisi Y,6,06 Apr 2026,1,-0.253,,,,,Open,K1AL_L1_CRCS_L_2026-04-06_1,2026-06-04 11:21:23,0
2ec5837b,cmm,Measurement,Produksi,CRCS L,K1AL L1,B059,Posisi X,4,06 Apr 2026,1,-0.307,,,,,Open,K1AL_L1_CRCS_L_2026-04-06_1,2026-06-04 11:21:23,1
b41b0cde,cmm,Measurement,Produksi,CRCS L,K1AL L1,B059,Posisi Y,4,06 Apr 2026,1,-0.307,,,,,Open,K1AL_L1_CRCS_L_2026-04-06_1,2026-06-04 11:21:23,1
16a48bf7,cmm,Measurement,Produksi,CRCS L,K1AL L1,B073,Posisi X,3,06 Apr 2026,1,-0.203,,,,,Open,K1AL_L1_CRCS_L_2026-04-06_1,2026-06-04 11:21:23,1
979ed3f5,cmm,Measurement,Produksi,CRCS L,K1AL L1,B073,Posisi Y,3,06 Apr 2026,1,-0.203,,,,,Open,K1AL_L1_CRCS_L_2026-04-06_1,2026-06-04 11:21:23,0
b5c9d17c,cmm,Measurement,Produksi,CRCS L,K1AL L1,B075,Posisi X,1,06 Apr 2026,1,-0.282,,,,,Open,K1AL_L1_CRCS_L_2026-04-06_1,2026-06-04 11:21:23,1
f6fe4793,cmm,Measurement,Produksi,CRCS L,K1AL L1,B075,Posisi X,2,06 Apr 2026,1,-0.254,,,,,Open,K1AL_L1_CRCS_L_2026-04-06_1,2026-06-04 11:21:23,1
15a334ad,cmm,Measurement,Produksi,CRCS L,K1AL L1,B075,Posisi X,6,06 Apr 2026,1,-0.26,,,,,Open,K1AL_L1_CRCS_L_2026-04-06_1,2026-06-04 11:21:23,1
bcad4790,cmm,Measurement,Produksi,CRCS L,K1AL L1,B075,Posisi Y,1,06 Apr 2026,1,-0.282,,,,,Open,K1AL_L1_CRCS_L_2026-04-06_1,2026-06-04 11:21:23,0
39c58738,cmm,Measurement,Produksi,CRCS L,K1AL L1,B075,Posisi Y,2,06 Apr 2026,1,-0.254,,,,,Open,K1AL_L1_CRCS_L_2026-04-06_1,2026-06-04 11:21:23,0
9a3528a4,cmm,Measurement,Produksi,CRCS L,K1AL L1,B075,Posisi Y,6,06 Apr 2026,1,-0.26,,,,,Open,K1AL_L1_CRCS_L_2026-04-06_1,2026-06-04 11:21:23,0
86ce4b75,cmm,Measurement,Produksi,CRCS L,K1AL L1,B078,Posisi X,1,06 Apr 2026,1,0.217,,,,,Open,K1AL_L1_CRCS_L_2026-04-06_1,2026-06-04 11:21:23,0
65190d9e,cmm,Measurement,Produksi,CRCS L,K1AL L1,B078,Posisi Y,1,06 Apr 2026,1,0.217,,,,,Open,K1AL_L1_CRCS_L_2026-04-06_1,2026-06-04 11:21:23,0
a52e22a0,cmm,Measurement,Produksi,CRCS L,K2SA,A000-1,FLATNESS SURFACE,5A,06 Apr 2026,1,0.003,,,,,Open,K2SA_CRCS_L_2026-04-06_1,2026-06-04 11:28:48,0
a75916d6,cmm,Measurement,Produksi,CRCS L,K2SA,A019,POSITION X,5A,06 Apr 2026,1,-0.103,,,,,Open,K2SA_CRCS_L_2026-04-06_1,2026-06-04 11:28:48,1
518591fa,cmm,Measurement,Produksi,CRCS L,K2SA,A019,POSITION Y,5A,06 Apr 2026,1,-0.103,,,,,Open,K2SA_CRCS_L_2026-04-06_1,2026-06-04 11:28:48,0
1f612b87,cmm,Measurement,Produksi,CRCS L,K2SA,A020,POSITION X FROM A006,5A,06 Apr 2026,1,-0.203,,,,,Open,K2SA_CRCS_L_2026-04-06_1,2026-06-04 11:28:48,1
85e188cb,cmm,Measurement,Produksi,CRCS L,K2SA,A020,POSITION Y FROM A006,5A,06 Apr 2026,1,-0.203,,,,,Open,K2SA_CRCS_L_2026-04-06_1,2026-06-04 11:28:48,0
18a99f59,cmm,Measurement,Produksi,CRCS L,K2SA,A043,POSITION X,5A,06 Apr 2026,1,-0.213,,,,,Open,K2SA_CRCS_L_2026-04-06_1,2026-06-04 11:28:48,0
0831bbd4,cmm,Measurement,Produksi,CRCS L,K2SA,A043,POSITION Y,5A,06 Apr 2026,1,-0.213,,,,,Open,K2SA_CRCS_L_2026-04-06_1,2026-06-04 11:28:48,0
7317a750,cmm,Measurement,Produksi,CRCS L,K2SA,A064,"ANGLE Ø 4,1",5A,06 Apr 2026,1,0.566,,,,,Open,K2SA_CRCS_L_2026-04-06_1,2026-06-04 11:28:48,0
1f06f521,cmm,Measurement,Produksi,CRCS L,K2SA,A064,"DISTANCE FROM FACE COMP Ø 4,1",5A,06 Apr 2026,1,0.217,,,,,Open,K2SA_CRCS_L_2026-04-06_1,2026-06-04 11:28:48,0
bded328f,cmm,Measurement,Produksi,CRCS L,K2SA,A066,DISTANCE FROM O1,5A,06 Apr 2026,1,0.145,,,,,Open,K2SA_CRCS_L_2026-04-06_1,2026-06-04 11:28:48,1
5183742c,cmm,Measurement,Produksi,CRCS L,K2SA,A067,DISTANCE FROM O1,5A,06 Apr 2026,1,0.244,,,,,Open,K2SA_CRCS_L_2026-04-06_1,2026-06-04 11:28:48,0
dc73f378,cmm,Measurement,Produksi,CRCS L,K2SA,A155,DISTANCE Z FROM A154,5A,06 Apr 2026,1,-0.228,,,,,Open,K2SA_CRCS_L_2026-04-06_1,2026-06-04 11:28:48,0
f49955bf,cmm,Measurement,Produksi,CRCS L,K2SA,A155,SURFACE HEIGHT FROM A008,5A,06 Apr 2026,1,0.294,,,,,Open,K2SA_CRCS_L_2026-04-06_1,2026-06-04 11:28:48,0
125f0863,cmm,Measurement,Produksi,CRCS L,K2SA,A158,POSITION Y Ø 6,5A,06 Apr 2026,1,-0.269,,,,,Open,K2SA_CRCS_L_2026-04-06_1,2026-06-04 11:28:48,1
f3359e41,cmm,Measurement,Produksi,CRCS L,K2SA,A158,POSITION Z Ø 6,5A,06 Apr 2026,1,-0.269,,,,,Open,K2SA_CRCS_L_2026-04-06_1,2026-06-04 11:28:48,0
61a1ae27,cmm,Measurement,Produksi,CRCS L,K2SA,A158,"POSITION Y Ø 10,5",5A,06 Apr 2026,1,-0.204,,,,,Open,K2SA_CRCS_L_2026-04-06_1,2026-06-04 11:28:48,1
7e3ee1b5,cmm,Measurement,Produksi,CRCS L,K2SA,A158,"POSITION Z Ø 10,5",5A,06 Apr 2026,1,-0.204,,,,,Open,K2SA_CRCS_L_2026-04-06_1,2026-06-04 11:28:48,1
8618ff64,cmm,Measurement,Produksi,CRCS L,K2SA,B052,POSITION X,5A,06 Apr 2026,1,-0.242,,,,,Open,K2SA_CRCS_L_2026-04-06_1,2026-06-04 11:28:48,1
6b28e3ca,cmm,Measurement,Produksi,CRCS L,K2SA,B052,POSITION Y,5A,06 Apr 2026,1,-0.242,,,,,Open,K2SA_CRCS_L_2026-04-06_1,2026-06-04 11:28:48,0
4ca27753,cmm,Measurement,Produksi,CRCS L,K2SA,B053,POSITION X,5A,06 Apr 2026,1,0.297,,,,,Open,K2SA_CRCS_L_2026-04-06_1,2026-06-04 11:28:48,1
56b3742b,cmm,Measurement,Produksi,CRCS L,K2SA,B053,POSITION Y,5A,06 Apr 2026,1,0.297,,,,,Open,K2SA_CRCS_L_2026-04-06_1,2026-06-04 11:28:48,0
4f4c590a,cmm,Measurement,Produksi,CRCS L,K2SA,B054,POSITION X,5A,06 Apr 2026,1,0.269,,,,,Open,K2SA_CRCS_L_2026-04-06_1,2026-06-04 11:28:48,1
57f93e59,cmm,Measurement,Produksi,CRCS L,K2SA,B054,POSITION Y,5A,06 Apr 2026,1,0.269,,,,,Open,K2SA_CRCS_L_2026-04-06_1,2026-06-04 11:28:48,0
8a0ed9eb,cmm,Measurement,Produksi,CRCS L,K2SA,B056,POSITION X,5A,06 Apr 2026,1,0.251,,,,,Open,K2SA_CRCS_L_2026-04-06_1,2026-06-04 11:28:48,1
45e2017c,cmm,Measurement,Produksi,CRCS L,K2SA,B056,POSITION Y,5A,06 Apr 2026,1,0.251,,,,,Open,K2SA_CRCS_L_2026-04-06_1,2026-06-04 11:28:48,0
e5610648,cmm,Measurement,Produksi,CRCS L,K2SA,B057,POSITION X,5A,06 Apr 2026,1,0.218,,,,,Open,K2SA_CRCS_L_2026-04-06_1,2026-06-04 11:28:48,1
825f5402,cmm,Measurement,Produksi,CRCS L,K2SA,B057,POSITION Y,5A,06 Apr 2026,1,0.218,,,,,Open,K2SA_CRCS_L_2026-04-06_1,2026-06-04 11:28:48,0
e4fcb651,cmm,Measurement,Produksi,CRCS L,K2SA,B058,POSITION X,5A,06 Apr 2026,1,0.22,,,,,Open,K2SA_CRCS_L_2026-04-06_1,2026-06-04 11:28:48,1
7c6324ff,cmm,Measurement,Produksi,CRCS L,K2SA,B058,POSITION Y,5A,06 Apr 2026,1,0.22,,,,,Open,K2SA_CRCS_L_2026-04-06_1,2026-06-04 11:28:48,0
21d4956b,cmm,Measurement,Produksi,CRCS L,K2SA,B061,POSITION X,5A,06 Apr 2026,1,0.275,,,,,Open,K2SA_CRCS_L_2026-04-06_1,2026-06-04 11:28:48,1
2e15d007,cmm,Measurement,Produksi,CRCS L,K2SA,B061,POSITION Y,5A,06 Apr 2026,1,0.275,,,,,Open,K2SA_CRCS_L_2026-04-06_1,2026-06-04 11:28:48,0
6474f902,cmm,Measurement,Produksi,CRCS L,K2SA,B066,POSITION X,5A,06 Apr 2026,1,0.329,,,,,Open,K2SA_CRCS_L_2026-04-06_1,2026-06-04 11:28:48,1
292bb8b3,cmm,Measurement,Produksi,CRCS L,K2SA,B066,POSITION Y,5A,06 Apr 2026,1,0.329,,,,,Open,K2SA_CRCS_L_2026-04-06_1,2026-06-04 11:28:48,0
42f96504,cmm,Measurement,Produksi,CRCS R,K2SA,C016,DISTANCE X FROM 01,5AL,06 Apr 2026,1,-0.147,,,,,Open,K2SA_CRCS_R_2026-04-06_1,2026-06-05 06:39:10,0
977d6d75,cmm,Measurement,Produksi,CRCS R,K2SA,D070,DISTANCE X FROM D074,5AL,06 Apr 2026,1,0.342,,,,,Open,K2SA_CRCS_R_2026-04-06_1,2026-06-05 06:39:10,0
33126f5f,cmm,Measurement,Produksi,CRCS R,K2SA,D070,DISTANCE Y FROM D074,5AL,06 Apr 2026,1,0.342,,,,,Open,K2SA_CRCS_R_2026-04-06_1,2026-06-05 06:39:10,1
8f186606,cmm,Measurement,Produksi,CRCS R,K2SA,D071,DISTANCE X FROM D074,5AL,06 Apr 2026,1,0.334,,,,,Open,K2SA_CRCS_R_2026-04-06_1,2026-06-05 06:39:10,1
f88701ab,cmm,Measurement,Produksi,CRCS R,K2SA,D071,DISTANCE Y FROM D074,5AL,06 Apr 2026,1,0.334,,,,,Open,K2SA_CRCS_R_2026-04-06_1,2026-06-05 06:39:10,0
7fa27d31,cmm,Measurement,Produksi,CRCS R,K2SA,D073,DISTANCE X FROM D074,5AL,06 Apr 2026,1,-0.379,,,,,Open,K2SA_CRCS_R_2026-04-06_1,2026-06-05 06:39:10,1
3d2a2132,cmm,Measurement,Produksi,CRCS R,K2SA,D073,DISTANCE Y FROM D074,5AL,06 Apr 2026,1,-0.379,,,,,Open,K2SA_CRCS_R_2026-04-06_1,2026-06-05 06:39:11,0
0d4927a3,cmm,Measurement,Produksi,CRCS R,K2SA,D074,POSITION X,5AL,06 Apr 2026,1,-0.332,,,,,Open,K2SA_CRCS_R_2026-04-06_1,2026-06-05 06:39:11,0
c10c86ea,cmm,Measurement,Produksi,CRCS R,K2SA,D074,POSITION Y,5AL,06 Apr 2026,1,-0.332,,,,,Open,K2SA_CRCS_R_2026-04-06_1,2026-06-05 06:39:11,0
64b7569a,cmm,Measurement,Produksi,CRCS R,K2SA,D075,DISTANCE X FROM D074,5AL,06 Apr 2026,1,-0.557,,,,,Open,K2SA_CRCS_R_2026-04-06_1,2026-06-05 06:39:11,0
d84d1c7f,cmm,Measurement,Produksi,CRCS R,K2SA,D075,DISTANCE Y FROM D074,5AL,06 Apr 2026,1,-0.557,,,,,Open,K2SA_CRCS_R_2026-04-06_1,2026-06-05 06:39:11,0
03d2ee1f,cmm,Measurement,Produksi,CRCS L,K1AL L1,A003,Posisi Y From A006,1,04 Jun 2026,1,-0.122,,,,,Open,K1AL_L1_CRCS_L_2026-06-04_1,2026-06-05 06:44:56,0
5f956448,cmm,Measurement,Produksi,CRCS L,K1AL L1,A005,Perpendicularity To n,1,04 Jun 2026,1,0.014,,,,,Open,K1AL_L1_CRCS_L_2026-06-04_1,2026-06-05 06:44:56,0
5708d2a8,cmm,Measurement,Produksi,CRCS L,K1AL L1,A006,Concentricity to m,1,04 Jun 2026,1,0.107,,,,,Open,K1AL_L1_CRCS_L_2026-06-04_1,2026-06-05 06:44:56,0
234b4a98,cmm,Measurement,Produksi,CRCS L,K1AL L1,A006,Concentricity to m,3,04 Jun 2026,1,0.038,,,,,Open,K1AL_L1_CRCS_L_2026-06-04_1,2026-06-05 06:44:56,0
7495f8a0,cmm,Measurement,Produksi,CRCS L,K1AL L1,A006,Concentricity to m,5,04 Jun 2026,1,0.032,,,,,Open,K1AL_L1_CRCS_L_2026-06-04_1,2026-06-05 06:44:56,1
058d2471,cmm,Measurement,Produksi,CRCS L,K1AL L1,A006,Concentricity to m,6,04 Jun 2026,1,0.036,,,,,Open,K1AL_L1_CRCS_L_2026-06-04_1,2026-06-05 06:44:56,0
e58a6ba6,cmm,Measurement,Produksi,CRCS L,K1AL L1,A007,Distance From A006,1,04 Jun 2026,1,0.055,,,,,Open,K1AL_L1_CRCS_L_2026-06-04_1,2026-06-05 06:44:56,1
bd792afb,cmm,Measurement,Produksi,CRCS L,K1AL L1,A008,Posisi Y,1,04 Jun 2026,1,0.117,,,,,Open,K1AL_L1_CRCS_L_2026-06-04_1,2026-06-05 06:44:56,0
75d3611e,cmm,Measurement,Produksi,CRCS L,K1AL L1,A008,Distance From A006,1,04 Jun 2026,1,0.059,,,,,Open,K1AL_L1_CRCS_L_2026-06-04_1,2026-06-05 06:44:56,1
c0935e62,cmm,Measurement,Produksi,CRCS L,K1AL L1,A042,Posisi X,3,04 Jun 2026,1,-0.209,,,,,Open,K1AL_L1_CRCS_L_2026-06-04_1,2026-06-05 06:44:56,1
836725f7,cmm,Measurement,Produksi,CRCS L,K1AL L1,A042,Posisi X,4,04 Jun 2026,1,-0.333,,,,,Open,K1AL_L1_CRCS_L_2026-06-04_1,2026-06-05 06:44:56,1
74d19523,cmm,Measurement,Produksi,CRCS L,K1AL L1,A042,Posisi X,5,04 Jun 2026,1,-0.229,,,,,Open,K1AL_L1_CRCS_L_2026-06-04_1,2026-06-05 06:44:56,0
a159f2f2,cmm,Measurement,Produksi,CRCS L,K1AL L1,A042,Posisi Y,3,04 Jun 2026,1,-0.209,,,,,Open,K1AL_L1_CRCS_L_2026-06-04_1,2026-06-05 06:44:56,0
c9b9c26d,cmm,Measurement,Produksi,CRCS L,K1AL L1,A042,Posisi Y,4,04 Jun 2026,1,-0.333,,,,,Open,K1AL_L1_CRCS_L_2026-06-04_1,2026-06-05 06:44:56,0
4bd94420,cmm,Measurement,Produksi,CRCS L,K1AL L1,A042,Posisi Y,5,04 Jun 2026,1,-0.229,,,,,Open,K1AL_L1_CRCS_L_2026-06-04_1,2026-06-05 06:44:56,0
bdf56a23,cmm,Measurement,Produksi,CRCS L,K1AL L1,A151,Posisi X Drill 6.45,2,04 Jun 2026,1,0.204,,,,,Open,K1AL_L1_CRCS_L_2026-06-04_1,2026-06-05 06:44:56,1
661695e0,cmm,Measurement,Produksi,CRCS L,K1AL L1,A151,Posisi X Drill 6.45,4,04 Jun 2026,1,0.28,,,,,Open,K1AL_L1_CRCS_L_2026-06-04_1,2026-06-05 06:44:56,1
7708966f,cmm,Measurement,Produksi,CRCS L,K1AL L1,A151,Posisi X Drill 6.45,5,04 Jun 2026,1,0.317,,,,,Open,K1AL_L1_CRCS_L_2026-06-04_1,2026-06-05 06:44:56,1
d59becb7,cmm,Measurement,Produksi,CRCS L,K1AL L1,A151,Posisi Y Drill 6.45,2,04 Jun 2026,1,0.204,,,,,Open,K1AL_L1_CRCS_L_2026-06-04_1,2026-06-05 06:44:56,0
c1cb7b07,cmm,Measurement,Produksi,CRCS L,K1AL L1,A151,Posisi Y Drill 6.45,4,04 Jun 2026,1,0.28,,,,,Open,K1AL_L1_CRCS_L_2026-06-04_1,2026-06-05 06:44:56,0
3a73c7e3,cmm,Measurement,Produksi,CRCS L,K1AL L1,A151,Posisi Y Drill 6.45,5,04 Jun 2026,1,0.317,,,,,Open,K1AL_L1_CRCS_L_2026-06-04_1,2026-06-05 06:44:56,0
4edd9dd1,cmm,Measurement,Produksi,CRCS L,K1AL L1,A152,Posisi Y Drill 6.45,4,04 Jun 2026,1,0.235,,,,,Open,K1AL_L1_CRCS_L_2026-06-04_1,2026-06-05 06:44:56,0
e81fd7ae,cmm,Measurement,Produksi,CRCS L,K1AL L1,A152,Posisi Y Drill 6.45,5,04 Jun 2026,1,0.245,,,,,Open,K1AL_L1_CRCS_L_2026-06-04_1,2026-06-05 06:44:56,0
6af80d23,cmm,Measurement,Produksi,CRCS L,K1AL L1,A152,Posisi X Drill 6.45,6,04 Jun 2026,1,0.212,,,,,Open,K1AL_L1_CRCS_L_2026-06-04_1,2026-06-05 06:44:56,1
891f1c5b,cmm,Measurement,Produksi,CRCS L,K1AL L1,A153,Posisi X,2,04 Jun 2026,1,0.313,,,,,Open,K1AL_L1_CRCS_L_2026-06-04_1,2026-06-05 06:44:56,1
407d7aba,cmm,Measurement,Produksi,CRCS L,K1AL L1,A153,Posisi X,3,04 Jun 2026,1,0.255,,,,,Open,K1AL_L1_CRCS_L_2026-06-04_1,2026-06-05 06:44:56,0
94af085f,cmm,Measurement,Produksi,CRCS L,K1AL L1,A153,Posisi X,4,04 Jun 2026,1,0.357,,,,,Open,K1AL_L1_CRCS_L_2026-06-04_1,2026-06-05 06:44:56,0
483ffbc6,cmm,Measurement,Produksi,CRCS L,K1AL L1,A153,Posisi X,5,04 Jun 2026,1,0.426,,,,,Open,K1AL_L1_CRCS_L_2026-06-04_1,2026-06-05 06:44:56,0
c37c8d97,cmm,Measurement,Produksi,CRCS L,K1AL L1,A153,Posisi Y,2,04 Jun 2026,1,0.313,,,,,Open,K1AL_L1_CRCS_L_2026-06-04_1,2026-06-05 06:44:56,0
400feece,cmm,Measurement,Produksi,CRCS L,K1AL L1,A153,Posisi Y,3,04 Jun 2026,1,0.255,,,,,Open,K1AL_L1_CRCS_L_2026-06-04_1,2026-06-05 06:44:57,0
fa879ae1,cmm,Measurement,Produksi,CRCS L,K1AL L1,A153,Posisi Y,4,04 Jun 2026,1,0.357,,,,,Open,K1AL_L1_CRCS_L_2026-06-04_1,2026-06-05 06:44:57,0
af11624f,cmm,Measurement,Produksi,CRCS L,K1AL L1,A153,Posisi Y,5,04 Jun 2026,1,0.426,,,,,Open,K1AL_L1_CRCS_L_2026-06-04_1,2026-06-05 06:44:57,0
4fc4f4fb,cmm,Measurement,Produksi,CRCS L,K1AL L1,A154,Posisi X,2,04 Jun 2026,1,0.319,,,,,Open,K1AL_L1_CRCS_L_2026-06-04_1,2026-06-05 06:44:57,1
5c3599e0,cmm,Measurement,Produksi,CRCS L,K1AL L1,A154,Posisi X,3,04 Jun 2026,1,0.245,,,,,Open,K1AL_L1_CRCS_L_2026-06-04_1,2026-06-05 06:44:57,1
d7e6513f,cmm,Measurement,Produksi,CRCS L,K1AL L1,A154,Posisi X,4,04 Jun 2026,1,0.325,,,,,Open,K1AL_L1_CRCS_L_2026-06-04_1,2026-06-05 06:44:57,1
e9c2ad8b,cmm,Measurement,Produksi,CRCS L,K1AL L1,A154,Posisi X,5,04 Jun 2026,1,0.406,,,,,Open,K1AL_L1_CRCS_L_2026-06-04_1,2026-06-05 06:44:57,0
fc3982e6,cmm,Measurement,Produksi,CRCS L,K1AL L1,A154,Posisi Y,2,04 Jun 2026,1,0.319,,,,,Open,K1AL_L1_CRCS_L_2026-06-04_1,2026-06-05 06:44:57,0
a56c033e,cmm,Measurement,Produksi,CRCS L,K1AL L1,A154,Posisi Y,3,04 Jun 2026,1,0.245,,,,,Open,K1AL_L1_CRCS_L_2026-06-04_1,2026-06-05 06:44:57,0
18b3e9e7,cmm,Measurement,Produksi,CRCS L,K1AL L1,A154,Posisi Y,4,04 Jun 2026,1,0.325,,,,,Open,K1AL_L1_CRCS_L_2026-06-04_1,2026-06-05 06:44:57,0
56c5c0ff,cmm,Measurement,Produksi,CRCS L,K1AL L1,A154,Posisi Y,5,04 Jun 2026,1,0.406,,,,,Open,K1AL_L1_CRCS_L_2026-06-04_1,2026-06-05 06:44:57,0
02ad4a6b,cmm,Measurement,Produksi,CRCS L,K1AL L1,A155,Posisi X,2,04 Jun 2026,1,0.329,,,,,Open,K1AL_L1_CRCS_L_2026-06-04_1,2026-06-05 06:44:57,1
bad5cac8,cmm,Measurement,Produksi,CRCS L,K1AL L1,A155,Posisi X,3,04 Jun 2026,1,0.238,,,,,Open,K1AL_L1_CRCS_L_2026-06-04_1,2026-06-05 06:44:57,1
9fff925c,cmm,Measurement,Produksi,CRCS L,K1AL L1,A155,Posisi X,4,04 Jun 2026,1,0.388,,,,,Open,K1AL_L1_CRCS_L_2026-06-04_1,2026-06-05 06:44:57,1
4d920ca9,cmm,Measurement,Produksi,CRCS L,K1AL L1,A155,Posisi X,5,04 Jun 2026,1,0.425,,,,,Open,K1AL_L1_CRCS_L_2026-06-04_1,2026-06-05 06:44:57,1
bf9464aa,cmm,Measurement,Produksi,CRCS L,K1AL L1,A155,Posisi X,6,04 Jun 2026,1,0.224,,,,,Open,K1AL_L1_CRCS_L_2026-06-04_1,2026-06-05 06:44:57,1
5f22b03c,cmm,Measurement,Produksi,CRCS L,K1AL L1,A155,Posisi Y,2,04 Jun 2026,1,0.329,,,,,Open,K1AL_L1_CRCS_L_2026-06-04_1,2026-06-05 06:44:57,1
519feb17,cmm,Measurement,Produksi,CRCS L,K1AL L1,A155,Posisi Y,3,04 Jun 2026,1,0.238,,,,,Open,K1AL_L1_CRCS_L_2026-06-04_1,2026-06-05 06:44:57,0
b139e714,cmm,Measurement,Produksi,CRCS L,K1AL L1,A155,Posisi Y,4,04 Jun 2026,1,0.388,,,,,Open,K1AL_L1_CRCS_L_2026-06-04_1,2026-06-05 06:44:57,0
c1647f54,cmm,Measurement,Produksi,CRCS L,K1AL L1,A155,Posisi Y,5,04 Jun 2026,1,0.425,,,,,Open,K1AL_L1_CRCS_L_2026-06-04_1,2026-06-05 06:44:57,0
967e64a6,cmm,Measurement,Produksi,CRCS L,K1AL L1,A155,Posisi Y,6,04 Jun 2026,1,0.224,,,,,Open,K1AL_L1_CRCS_L_2026-06-04_1,2026-06-05 06:44:57,0
820e5aae,cmm,Measurement,Produksi,CRCS L,K1AL L1,A156,Posisi X,2,04 Jun 2026,1,0.294,,,,,Open,K1AL_L1_CRCS_L_2026-06-04_1,2026-06-05 06:44:57,1
16c818d5,cmm,Measurement,Produksi,CRCS L,K1AL L1,A156,Posisi X,4,04 Jun 2026,1,0.322,,,,,Open,K1AL_L1_CRCS_L_2026-06-04_1,2026-06-05 06:44:57,0
5c7860f2,cmm,Measurement,Produksi,CRCS L,K1AL L1,A156,Posisi X,5,04 Jun 2026,1,0.356,,,,,Open,K1AL_L1_CRCS_L_2026-06-04_1,2026-06-05 06:44:57,0
0da154ed,cmm,Measurement,Produksi,CRCS L,K1AL L1,A156,Posisi Y,2,04 Jun 2026,1,0.294,,,,,Open,K1AL_L1_CRCS_L_2026-06-04_1,2026-06-05 06:44:57,1
b5dab78b,cmm,Measurement,Produksi,CRCS L,K1AL L1,A156,Posisi Y,4,04 Jun 2026,1,0.322,,,,,Open,K1AL_L1_CRCS_L_2026-06-04_1,2026-06-05 06:44:57,0
8731fcdf,cmm,Measurement,Produksi,CRCS L,K1AL L1,A156,Posisi Y,5,04 Jun 2026,1,0.356,,,,,Open,K1AL_L1_CRCS_L_2026-06-04_1,2026-06-05 06:44:57,1
01dcf54b,cmm,Measurement,Produksi,CRCS L,K1AL L1,A160,Posisi X,2,04 Jun 2026,1,0.419,,,,,Open,K1AL_L1_CRCS_L_2026-06-04_1,2026-06-05 06:44:57,1
6f767d7b,cmm,Measurement,Produksi,CRCS L,K1AL L1,A160,Posisi X,3,04 Jun 2026,1,0.366,,,,,Open,K1AL_L1_CRCS_L_2026-06-04_1,2026-06-05 06:44:57,1
8369906e,cmm,Measurement,Produksi,CRCS L,K1AL L1,A160,Posisi X,4,04 Jun 2026,1,0.538,,,,,Open,K1AL_L1_CRCS_L_2026-06-04_1,2026-06-05 06:44:57,1
89882fbc,cmm,Measurement,Produksi,CRCS L,K1AL L1,A160,Posisi X,5,04 Jun 2026,1,0.664,,,,,Open,K1AL_L1_CRCS_L_2026-06-04_1,2026-06-05 06:44:57,1
08876f26,cmm,Measurement,Produksi,CRCS L,K1AL L1,A160,Posisi Y,2,04 Jun 2026,1,0.419,,,,,Open,K1AL_L1_CRCS_L_2026-06-04_1,2026-06-05 06:44:57,0
824915e1,cmm,Measurement,Produksi,CRCS L,K1AL L1,A160,Posisi Y,3,04 Jun 2026,1,0.366,,,,,Open,K1AL_L1_CRCS_L_2026-06-04_1,2026-06-05 06:44:57,1
d481e487,cmm,Measurement,Produksi,CRCS L,K1AL L1,A160,Posisi Y,4,04 Jun 2026,1,0.538,,,,,Open,K1AL_L1_CRCS_L_2026-06-04_1,2026-06-05 06:44:57,0
b401726e,cmm,Measurement,Produksi,CRCS L,K1AL L1,A160,Posisi Y,5,04 Jun 2026,1,0.664,,,,,Open,K1AL_L1_CRCS_L_2026-06-04_1,2026-06-05 06:44:57,0
40b26d49,cmm,Measurement,Produksi,CRCS L,K1AL L1,B010,Position To d & e,2,04 Jun 2026,1,0.103,,,,,Open,K1AL_L1_CRCS_L_2026-06-04_1,2026-06-05 06:44:57,0
6f55e85d,cmm,Measurement,Produksi,CRCS L,K1AL L1,B017,Distance From B027,1,04 Jun 2026,1,-0.226,,,,,Open,K1AL_L1_CRCS_L_2026-06-04_1,2026-06-05 06:44:57,0
75da03dc,cmm,Measurement,Produksi,CRCS L,K1AL L1,B018,Distance From B027,1,04 Jun 2026,1,0.181,,,,,Open,K1AL_L1_CRCS_L_2026-06-04_1,2026-06-05 06:44:58,0
285753db,cmm,Measurement,Produksi,CRCS L,K1AL L1,B018,Position To f & g,1,04 Jun 2026,1,0.497,,,,,Open,K1AL_L1_CRCS_L_2026-06-04_1,2026-06-05 06:44:58,0
dd45b544,cmm,Measurement,Produksi,CRCS L,K1AL L1,B018,Position To f & g,2,04 Jun 2026,1,0.305,,,,,Open,K1AL_L1_CRCS_L_2026-06-04_1,2026-06-05 06:44:58,0
82c51997,cmm,Measurement,Produksi,CRCS L,K1AL L1,B018,Position To f & g,3,04 Jun 2026,1,0.317,,,,,Open,K1AL_L1_CRCS_L_2026-06-04_1,2026-06-05 06:44:58,0
e5e2c43f,cmm,Measurement,Produksi,CRCS L,K1AL L1,B018,Position To f & g,4,04 Jun 2026,1,0.34,,,,,Open,K1AL_L1_CRCS_L_2026-06-04_1,2026-06-05 06:44:58,0
f8232368,cmm,Measurement,Produksi,CRCS L,K1AL L1,B018,Position To f & g,5,04 Jun 2026,1,0.31,,,,,Open,K1AL_L1_CRCS_L_2026-06-04_1,2026-06-05 06:44:58,0
fab77c57,cmm,Measurement,Produksi,CRCS L,K1AL L1,B018,Position To f & g,6,04 Jun 2026,1,0.346,,,,,Open,K1AL_L1_CRCS_L_2026-06-04_1,2026-06-05 06:44:58,0
752742da,cmm,Measurement,Produksi,CRCS L,K1AL L1,B025,Position to d & e,2,04 Jun 2026,1,0.103,,,,,Open,K1AL_L1_CRCS_L_2026-06-04_1,2026-06-05 06:44:58,0
d85c428a,cmm,Measurement,Produksi,CRCS L,K1AL L1,B051,Posisi X,6,04 Jun 2026,1,-0.202,,,,,Open,K1AL_L1_CRCS_L_2026-06-04_1,2026-06-05 06:44:58,1
aabedced,cmm,Measurement,Produksi,CRCS L,K1AL L1,B051,Posisi Y,6,04 Jun 2026,1,-0.202,,,,,Open,K1AL_L1_CRCS_L_2026-06-04_1,2026-06-05 06:44:58,1
22a7a362,cmm,Measurement,Produksi,CRCS L,K1AL L1,B073,Posisi X,6,04 Jun 2026,1,-0.203,,,,,Open,K1AL_L1_CRCS_L_2026-06-04_1,2026-06-05 06:44:58,1
cb48021e,cmm,Measurement,Produksi,CRCS L,K1AL L1,B073,Posisi Y,6,04 Jun 2026,1,-0.203,,,,,Open,K1AL_L1_CRCS_L_2026-06-04_1,2026-06-05 06:44:58,0
72f57021,cmm,Measurement,Produksi,CRCS L,K60,A040,POSISI X,4L,10 Apr 2026,2,0.302,,,,,Open,K60_CRCS_L_2026-04-10_2,2026-06-05 06:46:47,1
108dee3e,cmm,Measurement,Produksi,CRCS L,K60,A040,POSISI Y,4L,10 Apr 2026,2,0.302,,,,,Open,K60_CRCS_L_2026-04-10_2,2026-06-05 06:46:47,1
420579b0,cmm,Measurement,Produksi,CRCS L,K60,A041,POSISI X,4L,10 Apr 2026,2,0.218,,,,,Open,K60_CRCS_L_2026-04-10_2,2026-06-05 06:46:47,1
843a35af,cmm,Measurement,Produksi,CRCS L,K60,A041,POSISI Y,4L,10 Apr 2026,2,0.218,,,,,Open,K60_CRCS_L_2026-04-10_2,2026-06-05 06:46:47,1
ba36ff0d,cmm,Measurement,Produksi,CRCS L,K60,A043,POSISI X,4L,10 Apr 2026,2,0.236,,,,,Open,K60_CRCS_L_2026-04-10_2,2026-06-05 06:46:47,1
a41ab954,cmm,Measurement,Produksi,CRCS L,K60,A043,POSISI Y,4L,10 Apr 2026,2,0.236,,,,,Open,K60_CRCS_L_2026-04-10_2,2026-06-05 06:46:48,1
d8aae5e0,cmm,Measurement,Produksi,CRCS L,K60,A045,POSISI X,4R,10 Apr 2026,2,0.215,,,,,Open,K60_CRCS_L_2026-04-10_2,2026-06-05 06:46:48,1
f280fe98,cmm,Measurement,Produksi,CRCS L,K60,A045,POSISI Y,4R,10 Apr 2026,2,0.215,,,,,Open,K60_CRCS_L_2026-04-10_2,2026-06-05 06:46:48,1
b362a58a,cmm,Measurement,Produksi,CRCS L,K60,A046,POSISI X,4L,10 Apr 2026,2,0.239,,,,,Open,K60_CRCS_L_2026-04-10_2,2026-06-05 06:46:48,1
ea4d9b61,cmm,Measurement,Produksi,CRCS L,K60,A046,POSISI Y,4L,10 Apr 2026,2,0.239,,,,,Open,K60_CRCS_L_2026-04-10_2,2026-06-05 06:46:48,1
68164329,cmm,Measurement,Produksi,CRCS L,K60,A050,POSISI X,4R,10 Apr 2026,2,-0.213,,,,,Open,K60_CRCS_L_2026-04-10_2,2026-06-05 06:46:48,1
2debbd5d,cmm,Measurement,Produksi,CRCS L,K60,A050,POSISI Y,4R,10 Apr 2026,2,-0.213,,,,,Open,K60_CRCS_L_2026-04-10_2,2026-06-05 06:46:48,1
b8a98b5f,cmm,Measurement,Produksi,CRCS L,K60,A152,POSISI X,4L,10 Apr 2026,2,-0.052,,,,,Open,K60_CRCS_L_2026-04-10_2,2026-06-05 06:46:48,1
01165e2e,cmm,Measurement,Produksi,CRCS L,K60,A152,POSISI Y,4L,10 Apr 2026,2,-0.052,,,,,Open,K60_CRCS_L_2026-04-10_2,2026-06-05 06:46:48,1
9dbcf369,cmm,Measurement,Produksi,CRCS L,K60,A152,POSISI X TAP,4R,10 Apr 2026,2,0.309,,,,,Open,K60_CRCS_L_2026-04-10_2,2026-06-05 06:46:48,1
a3fb3ce4,cmm,Measurement,Produksi,CRCS L,K60,A152,POSISI Y TAP,4R,10 Apr 2026,2,0.309,,,,,Open,K60_CRCS_L_2026-04-10_2,2026-06-05 06:46:48,1
aec8ec07,cmm,Measurement,Produksi,CRCS L,K60,A153,POSISI X,4L,10 Apr 2026,2,-0.328,,,,,Open,K60_CRCS_L_2026-04-10_2,2026-06-05 06:46:48,1
e796892c,cmm,Measurement,Produksi,CRCS L,K60,A154,POSISI Y,4L,10 Apr 2026,2,-0.328,,,,,Open,K60_CRCS_L_2026-04-10_2,2026-06-05 06:46:48,1
d4b70b14,cmm,Measurement,Produksi,CRCS L,K60,B011,POSISI X,4R,10 Apr 2026,2,0.082,,,,,Open,K60_CRCS_L_2026-04-10_2,2026-06-05 06:46:48,1
25d74e00,cmm,Measurement,Produksi,CRCS L,K60,B011,POSISI Y,4R,10 Apr 2026,2,0.082,,,,,Open,K60_CRCS_L_2026-04-10_2,2026-06-05 06:46:48,1
387b7730,cmm,Measurement,Produksi,CRCS L,K60,B012,POSISI X DARI B011,4R,10 Apr 2026,2,-0.076,,,,,Open,K60_CRCS_L_2026-04-10_2,2026-06-05 06:46:48,1
30fa3349,cmm,Measurement,Produksi,CRCS L,K60,B012,POSISI Y DARI B011,4R,10 Apr 2026,2,-0.076,,,,,Open,K60_CRCS_L_2026-04-10_2,2026-06-05 06:46:48,1
a2e32af8,cmm,Measurement,Produksi,CRCS L,K60,B012,POSISI X DARI B011 Tap,4R,10 Apr 2026,2,-0.265,,,,,Open,K60_CRCS_L_2026-04-10_2,2026-06-05 06:46:48,1
7f4b9138,cmm,Measurement,Produksi,CRCS L,K60,B012,POSISI Y DARI B011 Tap,4R,10 Apr 2026,2,-0.265,,,,,Open,K60_CRCS_L_2026-04-10_2,2026-06-05 06:46:48,1
850c93e6,cmm,Measurement,Produksi,CRCS L,K60,B026,POSISI X,4R,10 Apr 2026,2,0.218,,,,,Open,K60_CRCS_L_2026-04-10_2,2026-06-05 06:46:48,1
46108f47,cmm,Measurement,Produksi,CRCS L,K60,B026,POSISI Y,4R,10 Apr 2026,2,0.218,,,,,Open,K60_CRCS_L_2026-04-10_2,2026-06-05 06:46:48,1
9934cf0f,cmm,Measurement,Produksi,CRCS L,K60,B055,POSISI X,4R,10 Apr 2026,2,-0.282,,,,,Open,K60_CRCS_L_2026-04-10_2,2026-06-05 06:46:48,1
df99fd94,cmm,Measurement,Produksi,CRCS L,K60,B055,POSISI Y,4R,10 Apr 2026,2,-0.282,,,,,Open,K60_CRCS_L_2026-04-10_2,2026-06-05 06:46:48,1
e1e993b9,cmm,Measurement,Produksi,CRCS L,K60,B056,POSISI X,4R,10 Apr 2026,2,-0.286,,,,,Open,K60_CRCS_L_2026-04-10_2,2026-06-05 06:46:48,1
aa3e7c7c,cmm,Measurement,Produksi,CRCS L,K60,B056,POSISI Y,4R,10 Apr 2026,2,-0.286,,,,,Open,K60_CRCS_L_2026-04-10_2,2026-06-05 06:46:48,1
30d52262,cmm,Measurement,Produksi,CRCS L,K60,B057,POSISI X,4R,10 Apr 2026,2,-0.214,,,,,Open,K60_CRCS_L_2026-04-10_2,2026-06-05 06:46:48,1
d493b23a,cmm,Measurement,Produksi,CRCS L,K60,B057,POSISI Y,4R,10 Apr 2026,2,-0.214,,,,,Open,K60_CRCS_L_2026-04-10_2,2026-06-05 06:46:48,1
4d42bf81,cmm,Measurement,Produksi,CRCS L,K60,B060,POSISI X,4R,10 Apr 2026,2,-0.353,,,,,Open,K60_CRCS_L_2026-04-10_2,2026-06-05 06:46:48,1
df1abefd,cmm,Measurement,Produksi,CRCS L,K60,B060,POSISI Y,4R,10 Apr 2026,2,-0.353,,,,,Open,K60_CRCS_L_2026-04-10_2,2026-06-05 06:46:48,1
085a86ce,cmm,Measurement,Produksi,CRCS L,K60,B062,POSISI X,4R,10 Apr 2026,2,-0.235,,,,,Open,K60_CRCS_L_2026-04-10_2,2026-06-05 06:46:48,1
a08872ad,cmm,Measurement,Produksi,CRCS L,K60,B062,POSISI Y,4R,10 Apr 2026,2,-0.235,,,,,Open,K60_CRCS_L_2026-04-10_2,2026-06-05 06:46:48,1
82e34e42,cmm,Measurement,Produksi,CRCS L,K60,B063,POSISI X,4R,10 Apr 2026,2,-0.275,,,,,Open,K60_CRCS_L_2026-04-10_2,2026-06-05 06:46:49,1
cea3f11a,cmm,Measurement,Produksi,CRCS L,K60,B063,POSISI Y,4R,10 Apr 2026,2,-0.275,,,,,Open,K60_CRCS_L_2026-04-10_2,2026-06-05 06:46:49,1
556d3ae7,cmm,Measurement,Produksi,CRCS L,K60,B065,POSISI X,4R,10 Apr 2026,2,0.203,,,,,Open,K60_CRCS_L_2026-04-10_2,2026-06-05 06:46:49,1
ae4380c6,cmm,Measurement,Produksi,CRCS L,K60,B065,POSISI Y,4R,10 Apr 2026,2,0.203,,,,,Open,K60_CRCS_L_2026-04-10_2,2026-06-05 06:46:49,1
13100039,cmm,Measurement,Produksi,CRCS L,K60,B073,POSISI X,4R,10 Apr 2026,2,-0.329,,,,,Open,K60_CRCS_L_2026-04-10_2,2026-06-05 06:46:49,1
d3b5d38e,cmm,Measurement,Produksi,CRCS L,K60,B073,POSISI Y,4R,10 Apr 2026,2,-0.329,,,,,Open,K60_CRCS_L_2026-04-10_2,2026-06-05 06:46:49,1
32479c5a,cmm,Measurement,Produksi,CRCS L,K1AL L2,A151,Posisi X Reamer 8H8,2A,08 Apr 2026,2,0.108,,,,,Open,K1AL_L2_CRCS_L_2026-04-08_2,2026-06-05 08:18:31,1
66ff2f1c,cmm,Measurement,Produksi,CRCS L,K1AL L2,A151,Posisi X Reamer 8H8,2B,08 Apr 2026,2,0.141,,,,,Open,K1AL_L2_CRCS_L_2026-04-08_2,2026-06-05 08:18:31,1
a423b920,cmm,Measurement,Produksi,CRCS L,K1AL L2,A151,Posisi Y Reamer 8H8,2A,08 Apr 2026,2,0.108,,,,,Open,K1AL_L2_CRCS_L_2026-04-08_2,2026-06-05 08:18:31,1
649d830f,cmm,Measurement,Produksi,CRCS L,K1AL L2,A151,Posisi Y Reamer 8H8,2B,08 Apr 2026,2,0.141,,,,,Open,K1AL_L2_CRCS_L_2026-04-08_2,2026-06-05 08:18:31,0
cbe85c18,cmm,Measurement,Produksi,CRCS L,K1AL L2,A152,Posisi Y Reamer 8H8,2A,08 Apr 2026,2,0.099,,,,,Open,K1AL_L2_CRCS_L_2026-04-08_2,2026-06-05 08:18:31,1
19580503,cmm,Measurement,Produksi,CRCS L,K1AL L2,A152,Posisi Y Reamer 8H8,2B,08 Apr 2026,2,0.125,,,,,Open,K1AL_L2_CRCS_L_2026-04-08_2,2026-06-05 08:18:31,1
6280bad8,cmm,Measurement,Produksi,CRCS L,K1AL L2,A153,Posisi X,2A,08 Apr 2026,2,0.212,,,,,Open,K1AL_L2_CRCS_L_2026-04-08_2,2026-06-05 08:18:31,1
5b89d1ea,cmm,Measurement,Produksi,CRCS L,K1AL L2,A153,Posisi X,2B,08 Apr 2026,2,0.265,,,,,Open,K1AL_L2_CRCS_L_2026-04-08_2,2026-06-05 08:18:31,1
b0d0b87a,cmm,Measurement,Produksi,CRCS L,K1AL L2,A153,Posisi Y,2A,08 Apr 2026,2,0.212,,,,,Open,K1AL_L2_CRCS_L_2026-04-08_2,2026-06-05 08:18:31,1
85c473ba,cmm,Measurement,Produksi,CRCS L,K1AL L2,A153,Posisi Y,2B,08 Apr 2026,2,0.265,,,,,Open,K1AL_L2_CRCS_L_2026-04-08_2,2026-06-05 08:18:31,1
6a079692,cmm,Measurement,Produksi,CRCS L,K1AL L2,A154,Posisi X,2A,08 Apr 2026,2,0.305,,,,,Open,K1AL_L2_CRCS_L_2026-04-08_2,2026-06-05 08:18:31,1
2eb64d63,cmm,Measurement,Produksi,CRCS L,K1AL L2,A154,Posisi X,2B,08 Apr 2026,2,0.363,,,,,Open,K1AL_L2_CRCS_L_2026-04-08_2,2026-06-05 08:18:31,1
d60e8b7e,cmm,Measurement,Produksi,CRCS L,K1AL L2,A154,Posisi Y,2A,08 Apr 2026,2,0.305,,,,,Open,K1AL_L2_CRCS_L_2026-04-08_2,2026-06-05 08:18:31,0
a1b39cce,cmm,Measurement,Produksi,CRCS L,K1AL L2,A154,Posisi Y,2B,08 Apr 2026,2,0.363,,,,,Open,K1AL_L2_CRCS_L_2026-04-08_2,2026-06-05 08:18:31,1
e7dc7d3a,cmm,Measurement,Produksi,CRCS L,K1AL L2,A155,Posisi X,2A,08 Apr 2026,2,0.213,,,,,Open,K1AL_L2_CRCS_L_2026-04-08_2,2026-06-05 08:18:31,1
71d5ac2e,cmm,Measurement,Produksi,CRCS L,K1AL L2,A155,Posisi X,2B,08 Apr 2026,2,0.258,,,,,Open,K1AL_L2_CRCS_L_2026-04-08_2,2026-06-05 08:18:31,1
4fea6aea,cmm,Measurement,Produksi,CRCS L,K1AL L2,A155,Posisi Y,2A,08 Apr 2026,2,0.213,,,,,Open,K1AL_L2_CRCS_L_2026-04-08_2,2026-06-05 08:18:31,0
4e81599b,cmm,Measurement,Produksi,CRCS L,K1AL L2,A155,Posisi Y,2B,08 Apr 2026,2,0.258,,,,,Open,K1AL_L2_CRCS_L_2026-04-08_2,2026-06-05 08:18:31,0
6690fa31,cmm,Measurement,Produksi,CRCS L,K1AL L2,A156,Posisi X,2B,08 Apr 2026,2,0.214,,,,,Open,K1AL_L2_CRCS_L_2026-04-08_2,2026-06-05 08:18:31,1
0e19182a,cmm,Measurement,Produksi,CRCS L,K1AL L2,A156,Posisi Y,2B,08 Apr 2026,2,0.214,,,,,Open,K1AL_L2_CRCS_L_2026-04-08_2,2026-06-05 08:18:31,1
ff463704,cmm,Measurement,Produksi,CRCS L,K1AL L2,A160,Posisi X,2A,08 Apr 2026,2,0.299,,,,,Open,K1AL_L2_CRCS_L_2026-04-08_2,2026-06-05 08:18:31,1
c06bec5d,cmm,Measurement,Produksi,CRCS L,K1AL L2,A160,Posisi X,2B,08 Apr 2026,2,0.331,,,,,Open,K1AL_L2_CRCS_L_2026-04-08_2,2026-06-05 08:18:32,1
738e5479,cmm,Measurement,Produksi,CRCS L,K1AL L2,A160,Posisi Y,2A,08 Apr 2026,2,0.299,,,,,Open,K1AL_L2_CRCS_L_2026-04-08_2,2026-06-05 08:18:32,0
eb6dddb6,cmm,Measurement,Produksi,CRCS L,K1AL L2,A160,Posisi Y,2B,08 Apr 2026,2,0.331,,,,,Open,K1AL_L2_CRCS_L_2026-04-08_2,2026-06-05 08:18:32,1
1ba24536,cmm,Measurement,Produksi,CRCS L,K1AL L2,B010,Position To d & e,2A,08 Apr 2026,2,0.149,,,,,Open,K1AL_L2_CRCS_L_2026-04-08_2,2026-06-05 08:18:32,0
4e22bc7c,cmm,Measurement,Produksi,CRCS L,K1AL L2,B010,Position To d & e,2B,08 Apr 2026,2,0.169,,,,,Open,K1AL_L2_CRCS_L_2026-04-08_2,2026-06-05 08:18:32,0
d048b0fa,cmm,Measurement,Produksi,CRCS L,K1AL L2,B011,Posisi X Reamer 8H8,2A,08 Apr 2026,2,-0.055,,,,,Open,K1AL_L2_CRCS_L_2026-04-08_2,2026-06-05 08:18:32,0
90692390,cmm,Measurement,Produksi,CRCS L,K1AL L2,B011,Posisi X Reamer 8H8,2B,08 Apr 2026,2,-0.062,,,,,Open,K1AL_L2_CRCS_L_2026-04-08_2,2026-06-05 08:18:32,0
1ddffb0a,cmm,Measurement,Produksi,CRCS L,K1AL L2,B011,Posisi Y Reamer 8H8,2A,08 Apr 2026,2,-0.055,,,,,Open,K1AL_L2_CRCS_L_2026-04-08_2,2026-06-05 08:18:32,1
c34dfc2d,cmm,Measurement,Produksi,CRCS L,K1AL L2,B011,Posisi Y Reamer 8H8,2B,08 Apr 2026,2,-0.062,,,,,Open,K1AL_L2_CRCS_L_2026-04-08_2,2026-06-05 08:18:32,1
b8aa3827,cmm,Measurement,Produksi,CRCS L,K1AL L2,B012,Posisi X From B011 Drill 5.45,2B,08 Apr 2026,2,-0.215,,,,,Open,K1AL_L2_CRCS_L_2026-04-08_2,2026-06-05 08:18:32,1
098d5e1c,cmm,Measurement,Produksi,CRCS L,K1AL L2,B012,Posisi Y From B011 Drill 5.45,2B,08 Apr 2026,2,-0.215,,,,,Open,K1AL_L2_CRCS_L_2026-04-08_2,2026-06-05 08:18:32,1
d079f335,cmm,Measurement,Produksi,CRCS L,K1AL L2,B017,Distance From B027,2A,08 Apr 2026,2,-0.123,,,,,Open,K1AL_L2_CRCS_L_2026-04-08_2,2026-06-05 08:18:32,1
3a691e28,cmm,Measurement,Produksi,CRCS L,K1AL L2,B017,Distance From B027,2B,08 Apr 2026,2,-0.126,,,,,Open,K1AL_L2_CRCS_L_2026-04-08_2,2026-06-05 08:18:32,1
daa9e227,cmm,Measurement,Produksi,CRCS L,K1AL L2,B017,Position To f & g,2A,08 Apr 2026,2,0.215,,,,,Open,K1AL_L2_CRCS_L_2026-04-08_2,2026-06-05 08:18:32,0
e05ad70e,cmm,Measurement,Produksi,CRCS L,K1AL L2,B017,Position To f & g,2B,08 Apr 2026,2,0.294,,,,,Open,K1AL_L2_CRCS_L_2026-04-08_2,2026-06-05 08:18:32,1
10f0cf07,cmm,Measurement,Produksi,CRCS L,K1AL L2,B018,Position To f & g,2A,08 Apr 2026,2,0.501,,,,,Open,K1AL_L2_CRCS_L_2026-04-08_2,2026-06-05 08:18:32,0
f2ca1e07,cmm,Measurement,Produksi,CRCS L,K1AL L2,B018,Position To f & g,2B,08 Apr 2026,2,0.37,,,,,Open,K1AL_L2_CRCS_L_2026-04-08_2,2026-06-05 08:18:32,1
e0c8ceb6,cmm,Measurement,Produksi,CRCS L,K1AL L2,B025,Position to d & e,2A,08 Apr 2026,2,0.149,,,,,Open,K1AL_L2_CRCS_L_2026-04-08_2,2026-06-05 08:18:32,1
f1369ff0,cmm,Measurement,Produksi,CRCS L,K1AL L2,B025,Position to d & e,2B,08 Apr 2026,2,0.169,,,,,Open,K1AL_L2_CRCS_L_2026-04-08_2,2026-06-05 08:18:32,1
46e47c00,cmm,Measurement,Produksi,CRCS L,K1AL L2,B071,Posisi X,2B,08 Apr 2026,2,-0.23,,,,,Open,K1AL_L2_CRCS_L_2026-04-08_2,2026-06-05 08:18:32,1
20d8b2a1,cmm,Measurement,Produksi,CRCS L,K1AL L2,B071,Posisi Y,2B,08 Apr 2026,2,-0.23,,,,,Open,K1AL_L2_CRCS_L_2026-04-08_2,2026-06-05 08:18:32,1
320d86ba,cmm,Measurement,Produksi,CRCS L,K1AL L2,B072,Posisi X,2B,08 Apr 2026,2,-0.248,,,,,Open,K1AL_L2_CRCS_L_2026-04-08_2,2026-06-05 08:18:32,1
29ab9bcb,cmm,Measurement,Produksi,CRCS L,K1AL L2,B072,Posisi Y,2B,08 Apr 2026,2,-0.248,,,,,Open,K1AL_L2_CRCS_L_2026-04-08_2,2026-06-05 08:18:32,1
ffc4bacc,cmm,Measurement,Produksi,CRCS L,K1AL L2,B073,Posisi X,2A,08 Apr 2026,2,-0.318,,,,,Open,K1AL_L2_CRCS_L_2026-04-08_2,2026-06-05 08:18:32,1
da7a180b,cmm,Measurement,Produksi,CRCS L,K1AL L2,B073,Posisi X,2B,08 Apr 2026,2,-0.315,,,,,Open,K1AL_L2_CRCS_L_2026-04-08_2,2026-06-05 08:18:32,1
53f40327,cmm,Measurement,Produksi,CRCS L,K1AL L2,B073,Posisi Y,2A,08 Apr 2026,2,-0.318,,,,,Open,K1AL_L2_CRCS_L_2026-04-08_2,2026-06-05 08:18:32,1
a57a7457,cmm,Measurement,Produksi,CRCS L,K1AL L2,B073,Posisi Y,2B,08 Apr 2026,2,-0.315,,,,,Open,K1AL_L2_CRCS_L_2026-04-08_2,2026-06-05 08:18:32,1
0d1a715e,cmm,Measurement,Produksi,CRCS L,K1AL L2,B076,Posisi X,2B,08 Apr 2026,2,0.295,,,,,Open,K1AL_L2_CRCS_L_2026-04-08_2,2026-06-05 08:18:32,1
a01c2077,cmm,Measurement,Produksi,CRCS L,K1AL L2,B076,Posisi Y,2B,08 Apr 2026,2,0.295,,,,,Open,K1AL_L2_CRCS_L_2026-04-08_2,2026-06-05 08:18:32,1
7abbcd45,cmm,Measurement,Produksi,CRCS L,K1AL L2,B080,Posisi X Reamer 8H8,2A,08 Apr 2026,2,0.105,,,,,Open,K1AL_L2_CRCS_L_2026-04-08_2,2026-06-05 08:18:32,1
45f76076,cmm,Measurement,Produksi,CRCS L,K1AL L2,B080,Posisi X Reamer 8H8,2B,08 Apr 2026,2,0.114,,,,,Open,K1AL_L2_CRCS_L_2026-04-08_2,2026-06-05 08:18:32,1
01dc7f8e,cmm,Measurement,Produksi,CRCS L,K1AL L2,B080,Posisi Y Reamer 8H8,2A,08 Apr 2026,2,0.105,,,,,Open,K1AL_L2_CRCS_L_2026-04-08_2,2026-06-05 08:18:32,1
386b6f9b,cmm,Measurement,Produksi,CRCS L,K1AL L2,B080,Posisi Y Reamer 8H8,2B,08 Apr 2026,2,0.114,,,,,Open,K1AL_L2_CRCS_L_2026-04-08_2,2026-06-05 08:18:33,1
3b21e7b7,cmm,Measurement,Produksi,CRCS L,K1AL L3,A006,Concentricity to m,3B,06 Apr 2026,1,0.041,,,,,Open,K1AL_L3_CRCS_L_2026-04-06_1,2026-06-05 08:29:17,0
ca0a20e8,cmm,Measurement,Produksi,CRCS L,K1AL L3,A026,Posisi X,3B,06 Apr 2026,1,-0.204,,,,,Open,K1AL_L3_CRCS_L_2026-04-06_1,2026-06-05 08:29:17,1
795f8c6b,cmm,Measurement,Produksi,CRCS L,K1AL L3,A026,Posisi Y,3B,06 Apr 2026,1,-0.204,,,,,Open,K1AL_L3_CRCS_L_2026-04-06_1,2026-06-05 08:29:17,0
08d5ceca,cmm,Measurement,Produksi,CRCS L,K1AL L3,A043,Posisi X,3A,06 Apr 2026,1,-0.361,,,,,Open,K1AL_L3_CRCS_L_2026-04-06_1,2026-06-05 08:29:17,1
923ad271,cmm,Measurement,Produksi,CRCS L,K1AL L3,A043,Posisi X,3B,06 Apr 2026,1,-0.245,,,,,Open,K1AL_L3_CRCS_L_2026-04-06_1,2026-06-05 08:29:17,1
b9ff423c,cmm,Measurement,Produksi,CRCS L,K1AL L3,A043,Posisi Y,3A,06 Apr 2026,1,-0.361,,,,,Open,K1AL_L3_CRCS_L_2026-04-06_1,2026-06-05 08:29:17,0
8fcb0415,cmm,Measurement,Produksi,CRCS L,K1AL L3,A043,Posisi Y,3B,06 Apr 2026,1,-0.245,,,,,Open,K1AL_L3_CRCS_L_2026-04-06_1,2026-06-05 08:29:17,1
98fee4b7,cmm,Measurement,Produksi,CRCS L,K1AL L3,A044,Posisi X,3A,06 Apr 2026,1,-0.307,,,,,Open,K1AL_L3_CRCS_L_2026-04-06_1,2026-06-05 08:29:17,1
5d0dcfec,cmm,Measurement,Produksi,CRCS L,K1AL L3,A044,Posisi Y,3A,06 Apr 2026,1,-0.307,,,,,Open,K1AL_L3_CRCS_L_2026-04-06_1,2026-06-05 08:29:17,0
252ab6dd,cmm,Measurement,Produksi,CRCS L,K1AL L3,A045,Posisi X,3A,06 Apr 2026,1,-0.297,,,,,Open,K1AL_L3_CRCS_L_2026-04-06_1,2026-06-05 08:29:17,1
eab4c8c3,cmm,Measurement,Produksi,CRCS L,K1AL L3,A045,Posisi Y,3A,06 Apr 2026,1,-0.297,,,,,Open,K1AL_L3_CRCS_L_2026-04-06_1,2026-06-05 08:29:17,0
472e2f63,cmm,Measurement,Produksi,CRCS L,K1AL L3,A151,Posisi X Reamer 8H8,3B,06 Apr 2026,1,0.057,,,,,Open,K1AL_L3_CRCS_L_2026-04-06_1,2026-06-05 08:29:17,1
2798ac75,cmm,Measurement,Produksi,CRCS L,K1AL L3,A151,Posisi Y Reamer 8H8,3B,06 Apr 2026,1,0.057,,,,,Open,K1AL_L3_CRCS_L_2026-04-06_1,2026-06-05 08:29:17,1
193d040e,cmm,Measurement,Produksi,CRCS L,K1AL L3,A152,Posisi X Drill 6.45,3B,06 Apr 2026,1,0.205,,,,,Open,K1AL_L3_CRCS_L_2026-04-06_1,2026-06-05 08:29:17,0
7b15a2cd,cmm,Measurement,Produksi,CRCS L,K1AL L3,B010,Position To d & e,3A,06 Apr 2026,1,0.125,,,,,Open,K1AL_L3_CRCS_L_2026-04-06_1,2026-06-05 08:29:17,0
e30910cf,cmm,Measurement,Produksi,CRCS L,K1AL L3,B010,Position To d & e,3B,06 Apr 2026,1,0.11,,,,,Open,K1AL_L3_CRCS_L_2026-04-06_1,2026-06-05 08:29:17,0
96651318,cmm,Measurement,Produksi,CRCS L,K1AL L3,B011,Posisi X Drill 5.45,3A,06 Apr 2026,1,-0.288,,,,,Open,K1AL_L3_CRCS_L_2026-04-06_1,2026-06-05 08:29:17,1
bfb878c3,cmm,Measurement,Produksi,CRCS L,K1AL L3,B017,Position To f & g,3A,06 Apr 2026,1,0.22,,,,,Open,K1AL_L3_CRCS_L_2026-04-06_1,2026-06-05 08:29:17,0
f4b99945,cmm,Measurement,Produksi,CRCS L,K1AL L3,B017,Position To f & g,3B,06 Apr 2026,1,0.349,,,,,Open,K1AL_L3_CRCS_L_2026-04-06_1,2026-06-05 08:29:17,0
c6d2f89a,cmm,Measurement,Produksi,CRCS L,K1AL L3,B018,Position To f & g,3B,06 Apr 2026,1,0.291,,,,,Open,K1AL_L3_CRCS_L_2026-04-06_1,2026-06-05 08:29:17,0
7b4a69b4,cmm,Measurement,Produksi,CRCS L,K1AL L3,B025,Position to d & e,3A,06 Apr 2026,1,0.125,,,,,Open,K1AL_L3_CRCS_L_2026-04-06_1,2026-06-05 08:29:17,1
346cb29a,cmm,Measurement,Produksi,CRCS L,K1AL L3,B025,Position to d & e,3B,06 Apr 2026,1,0.11,,,,,Open,K1AL_L3_CRCS_L_2026-04-06_1,2026-06-05 08:29:17,0
84837aa4,cmm,Measurement,Produksi,CRCS L,K1AL L3,B026,Posisi X,3B,06 Apr 2026,1,-0.204,,,,,Open,K1AL_L3_CRCS_L_2026-04-06_1,2026-06-05 08:29:18,1
a8959a3b,cmm,Measurement,Produksi,CRCS L,K1AL L3,B026,Posisi Y,3B,06 Apr 2026,1,-0.204,,,,,Open,K1AL_L3_CRCS_L_2026-04-06_1,2026-06-05 08:29:18,0
47e25fb3,cmm,Measurement,Produksi,CRCS L,K1AL L3,B052,Posisi X,3B,06 Apr 2026,1,-0.255,,,,,Open,K1AL_L3_CRCS_L_2026-04-06_1,2026-06-05 08:29:18,1
8a246b98,cmm,Measurement,Produksi,CRCS L,K1AL L3,B052,Posisi Y,3B,06 Apr 2026,1,-0.255,,,,,Open,K1AL_L3_CRCS_L_2026-04-06_1,2026-06-05 08:29:18,0
1622b564,cmm,Measurement,Produksi,CRCS L,K1AL L3,B053,Posisi X,3B,06 Apr 2026,1,-0.212,,,,,Open,K1AL_L3_CRCS_L_2026-04-06_1,2026-06-05 08:29:18,1
c3236700,cmm,Measurement,Produksi,CRCS L,K1AL L3,B053,Posisi Y,3B,06 Apr 2026,1,-0.212,,,,,Open,K1AL_L3_CRCS_L_2026-04-06_1,2026-06-05 08:29:18,0
5bc1b424,cmm,Measurement,Produksi,CRCS L,K1AL L3,B057,Posisi X,3A,06 Apr 2026,1,-0.288,,,,,Open,K1AL_L3_CRCS_L_2026-04-06_1,2026-06-05 08:29:18,1
8a9d4243,cmm,Measurement,Produksi,CRCS L,K1AL L3,B057,Posisi Y,3A,06 Apr 2026,1,-0.288,,,,,Open,K1AL_L3_CRCS_L_2026-04-06_1,2026-06-05 08:29:18,0
6db3d43b,cmm,Measurement,Produksi,CRCS L,K1AL L3,B058,Posisi X,3A,06 Apr 2026,1,-0.276,,,,,Open,K1AL_L3_CRCS_L_2026-04-06_1,2026-06-05 08:29:18,1
93ba086b,cmm,Measurement,Produksi,CRCS L,K1AL L3,B058,Posisi Y,3A,06 Apr 2026,1,-0.276,,,,,Open,K1AL_L3_CRCS_L_2026-04-06_1,2026-06-05 08:29:18,0
e630078d,cmm,Measurement,Produksi,CRCS L,K1AL L3,B059,Posisi X,3A,06 Apr 2026,1,-0.34,,,,,Open,K1AL_L3_CRCS_L_2026-04-06_1,2026-06-05 08:29:18,1
d8b9fc6e,cmm,Measurement,Produksi,CRCS L,K1AL L3,B059,Posisi Y,3A,06 Apr 2026,1,-0.34,,,,,Open,K1AL_L3_CRCS_L_2026-04-06_1,2026-06-05 08:29:18,0
98fae12a,cmm,Measurement,Produksi,CRCS L,K1AL L3,B080,Posisi X Reamer 8H8,3A,06 Apr 2026,1,0.109,,,,,Open,K1AL_L3_CRCS_L_2026-04-06_1,2026-06-05 08:29:18,1
0ef56c6b,cmm,Measurement,Produksi,CRCS L,K1AL L3,B080,Posisi X Reamer 8H8,3B,06 Apr 2026,1,0.134,,,,,Open,K1AL_L3_CRCS_L_2026-04-06_1,2026-06-05 08:29:18,0
54d768a3,cmm,Measurement,Produksi,CRCS L,K1AL L3,B080,Posisi Y Reamer 8H8,3A,06 Apr 2026,1,0.109,,,,,Open,K1AL_L3_CRCS_L_2026-04-06_1,2026-06-05 08:29:18,0
15df7798,cmm,Measurement,Produksi,CRCS L,K1AL L3,B080,Posisi Y Reamer 8H8,3B,06 Apr 2026,1,0.134,,,,,Open,K1AL_L3_CRCS_L_2026-04-06_1,2026-06-05 08:29:18,0
d432ed7a,cmm,Measurement,Produksi,CRCS R,K1AL L1,C000,Flatness adjacent bosses,1,04 Jun 2026,1,0.034,,,,,Open,K1AL_L1_CRCS_R_2026-06-04_1,2026-06-05 08:45:59,0
7292d6c0,cmm,Measurement,Produksi,CRCS R,K1AL L1,C016,Posisi X,1,04 Jun 2026,1,0.179,,,,,Open,K1AL_L1_CRCS_R_2026-06-04_1,2026-06-05 08:45:59,1
4ffdc1aa,cmm,Measurement,Produksi,CRCS R,K1AL L1,C016,Posisi X,2,04 Jun 2026,1,0.173,,,,,Open,K1AL_L1_CRCS_R_2026-06-04_1,2026-06-05 08:45:59,1
dacc23c1,cmm,Measurement,Produksi,CRCS R,K1AL L1,C016,Posisi X,4,04 Jun 2026,1,0.193,,,,,Open,K1AL_L1_CRCS_R_2026-06-04_1,2026-06-05 08:45:59,1
a3d683eb,cmm,Measurement,Produksi,CRCS R,K1AL L1,C016,Distance 01,1,04 Jun 2026,1,0.188,,,,,Open,K1AL_L1_CRCS_R_2026-06-04_1,2026-06-05 08:45:59,0
5383731b,cmm,Measurement,Produksi,CRCS R,K1AL L1,C016,Distance 01,2,04 Jun 2026,1,0.188,,,,,Open,K1AL_L1_CRCS_R_2026-06-04_1,2026-06-05 08:45:59,1
08e991fb,cmm,Measurement,Produksi,CRCS R,K1AL L1,C016,Distance 01,4,04 Jun 2026,1,0.207,,,,,Open,K1AL_L1_CRCS_R_2026-06-04_1,2026-06-05 08:45:59,0
84edfbf0,cmm,Measurement,Produksi,CRCS R,K1AL L1,C016,Distance 01,6,04 Jun 2026,1,0.103,,,,,Open,K1AL_L1_CRCS_R_2026-06-04_1,2026-06-05 08:45:59,0
b213922f,cmm,Measurement,Produksi,CRCS R,K1AL L1,C030,Posisi X,1,04 Jun 2026,1,0.056,,,,,Open,K1AL_L1_CRCS_R_2026-06-04_1,2026-06-05 08:45:59,1
f470ed03,cmm,Measurement,Produksi,CRCS R,K1AL L1,C030,Posisi Y,1,04 Jun 2026,1,0.056,,,,,Open,K1AL_L1_CRCS_R_2026-06-04_1,2026-06-05 08:45:59,0
4a2bca19,cmm,Measurement,Produksi,CRCS R,K1AL L1,C159,Posisi X,1,04 Jun 2026,1,0.124,,,,,Open,K1AL_L1_CRCS_R_2026-06-04_1,2026-06-05 08:45:59,0
51ba7b0a,cmm,Measurement,Produksi,CRCS R,K1AL L1,C159,Posisi X,4,04 Jun 2026,1,0.116,,,,,Open,K1AL_L1_CRCS_R_2026-06-04_1,2026-06-05 08:45:59,0
d5de0d4f,cmm,Measurement,Produksi,CRCS R,K1AL L1,C159,Posisi X,6,04 Jun 2026,1,0.119,,,,,Open,K1AL_L1_CRCS_R_2026-06-04_1,2026-06-05 08:45:59,0
2eefcd78,cmm,Measurement,Produksi,CRCS R,K1AL L1,D005,Concentricity to f,1,04 Jun 2026,1,0.177,,,,,Open,K1AL_L1_CRCS_R_2026-06-04_1,2026-06-05 08:45:59,1
9a96acea,cmm,Measurement,Produksi,CRCS R,K1AL L1,D005,Concentricity to f,2,04 Jun 2026,1,0.219,,,,,Open,K1AL_L1_CRCS_R_2026-06-04_1,2026-06-05 08:45:59,0
c15fd7dd,cmm,Measurement,Produksi,CRCS R,K1AL L1,D005,Concentricity to f,3,04 Jun 2026,1,0.106,,,,,Open,K1AL_L1_CRCS_R_2026-06-04_1,2026-06-05 08:45:59,1
0b931cf6,cmm,Measurement,Produksi,CRCS R,K1AL L1,D005,Concentricity to f,4,04 Jun 2026,1,0.166,,,,,Open,K1AL_L1_CRCS_R_2026-06-04_1,2026-06-05 08:45:59,1
3280dd44,cmm,Measurement,Produksi,CRCS R,K1AL L1,D005,Concentricity to f,5,04 Jun 2026,1,0.151,,,,,Open,K1AL_L1_CRCS_R_2026-06-04_1,2026-06-05 08:45:59,0
b6e52113,cmm,Measurement,Produksi,CRCS R,K1AL L1,D015,Angle From D014,1,04 Jun 2026,1,0.709,,,,,Open,K1AL_L1_CRCS_R_2026-06-04_1,2026-06-05 08:45:59,0
4df13eb3,cmm,Measurement,Produksi,CRCS R,K1AL L1,D015,Angle From D014,2,04 Jun 2026,1,0.547,,,,,Open,K1AL_L1_CRCS_R_2026-06-04_1,2026-06-05 08:45:59,0
9c701fc4,cmm,Measurement,Produksi,CRCS R,K1AL L1,D015,Angle From D014,4,04 Jun 2026,1,0.578,,,,,Open,K1AL_L1_CRCS_R_2026-06-04_1,2026-06-05 08:45:59,0
36eef421,cmm,Measurement,Produksi,CRCS R,K1AL L1,D015,Angle From D014,5,04 Jun 2026,1,0.606,,,,,Open,K1AL_L1_CRCS_R_2026-06-04_1,2026-06-05 08:45:59,0
c87469b5,cmm,Measurement,Produksi,CRCS R,K1AL L1,D033,Distance From D032,1,04 Jun 2026,1,-0.389,,,,,Open,K1AL_L1_CRCS_R_2026-06-04_1,2026-06-05 08:45:59,0
37f9f946,cmm,Measurement,Produksi,CRCS R,K1AL L1,D033,Distance From D032,2,04 Jun 2026,1,-0.489,,,,,Open,K1AL_L1_CRCS_R_2026-06-04_1,2026-06-05 08:45:59,0
0c7254b7,cmm,Measurement,Produksi,CRCS R,K1AL L1,D033,Distance From D032,4,04 Jun 2026,1,-0.479,,,,,Open,K1AL_L1_CRCS_R_2026-06-04_1,2026-06-05 08:45:59,0
6867bff0,cmm,Measurement,Produksi,CRCS R,K1AL L1,D033,Distance From D032,5,04 Jun 2026,1,-0.468,,,,,Open,K1AL_L1_CRCS_R_2026-06-04_1,2026-06-05 08:45:59,0
fcc94512,cmm,Measurement,Produksi,CRCS R,K1AL L1,D087,Posisi X,1,04 Jun 2026,1,-0.379,,,,,Open,K1AL_L1_CRCS_R_2026-06-04_1,2026-06-05 08:45:59,1
ca4feb53,cmm,Measurement,Produksi,CRCS R,K1AL L1,D087,Posisi X,4,04 Jun 2026,1,-0.369,,,,,Open,K1AL_L1_CRCS_R_2026-06-04_1,2026-06-05 08:45:59,0
cb48b667,cmm,Measurement,Produksi,CRCS R,K1AL L1,D087,Posisi X,6,04 Jun 2026,1,-0.409,,,,,Open,K1AL_L1_CRCS_R_2026-06-04_1,2026-06-05 08:45:59,0
ad9d0c44,cmm,Measurement,Produksi,CRCS R,K1AL L1,D087,Posisi Y,1,04 Jun 2026,1,-0.379,,,,,Open,K1AL_L1_CRCS_R_2026-06-04_1,2026-06-05 08:45:59,1
42b5319c,cmm,Measurement,Produksi,CRCS R,K1AL L1,D087,Posisi Y,4,04 Jun 2026,1,-0.369,,,,,Open,K1AL_L1_CRCS_R_2026-06-04_1,2026-06-05 08:45:59,1
c27d78a8,cmm,Measurement,Produksi,CRCS R,K1AL L1,D087,Posisi Y,6,04 Jun 2026,1,-0.409,,,,,Open,K1AL_L1_CRCS_R_2026-06-04_1,2026-06-05 08:45:59,1
8dd1f34d,cmm,Measurement,Produksi,CRCS R,K1AL L1,D087,Posisi Z,1,04 Jun 2026,1,-0.379,,,,,Open,K1AL_L1_CRCS_R_2026-06-04_1,2026-06-05 08:45:59,1
5c1c4224,cmm,Measurement,Produksi,CRCS R,K1AL L1,D087,Posisi Z,4,04 Jun 2026,1,-0.369,,,,,Open,K1AL_L1_CRCS_R_2026-06-04_1,2026-06-05 08:45:59,0
3a6f7367,cmm,Measurement,Produksi,CRCS R,K1AL L1,D087,Posisi Z,6,04 Jun 2026,1,-0.409,,,,,Open,K1AL_L1_CRCS_R_2026-06-04_1,2026-06-05 08:45:59,0
9fc058ea,cmm,Measurement,Produksi,CRCS R,K1AL L1,D090,Posisi X,1,04 Jun 2026,1,-0.27,,,,,Open,K1AL_L1_CRCS_R_2026-06-04_1,2026-06-05 08:45:59,1
09717d4a,cmm,Measurement,Produksi,CRCS R,K1AL L1,D090,Posisi X,3,04 Jun 2026,1,-0.278,,,,,Open,K1AL_L1_CRCS_R_2026-06-04_1,2026-06-05 08:46:00,0
7d86e6de,cmm,Measurement,Produksi,CRCS R,K1AL L1,D090,Posisi X,5,04 Jun 2026,1,-0.235,,,,,Open,K1AL_L1_CRCS_R_2026-06-04_1,2026-06-05 08:46:00,0
325ed9ec,cmm,Measurement,Produksi,CRCS R,K1AL L1,D090,Posisi X,6,04 Jun 2026,1,-0.23,,,,,Open,K1AL_L1_CRCS_R_2026-06-04_1,2026-06-05 08:46:00,1
52f11a59,cmm,Measurement,Produksi,CRCS R,K1AL L1,D090,Posisi Y,1,04 Jun 2026,1,-0.27,,,,,Open,K1AL_L1_CRCS_R_2026-06-04_1,2026-06-05 08:46:00,0
60d51d33,cmm,Measurement,Produksi,CRCS R,K1AL L1,D090,Posisi Y,3,04 Jun 2026,1,-0.278,,,,,Open,K1AL_L1_CRCS_R_2026-06-04_1,2026-06-05 08:46:00,0
41a8573c,cmm,Measurement,Produksi,CRCS R,K1AL L1,D090,Posisi Y,5,04 Jun 2026,1,-0.235,,,,,Open,K1AL_L1_CRCS_R_2026-06-04_1,2026-06-05 08:46:00,0
eb306870,cmm,Measurement,Produksi,CRCS R,K1AL L1,D090,Posisi Y,6,04 Jun 2026,1,-0.23,,,,,Open,K1AL_L1_CRCS_R_2026-06-04_1,2026-06-05 08:46:00,0
cbf9c336,cmm,Measurement,Produksi,CRCS R,K1AL L1,D092,Posisi X,3,04 Jun 2026,1,-0.226,,,,,Open,K1AL_L1_CRCS_R_2026-06-04_1,2026-06-05 08:46:00,1
76584e1a,cmm,Measurement,Produksi,CRCS R,K1AL L1,D092,Posisi Y,3,04 Jun 2026,1,-0.226,,,,,Open,K1AL_L1_CRCS_R_2026-06-04_1,2026-06-05 08:46:00,1
bf6fa80e,cmm,Measurement,Produksi,CRCS L,K1AL L3,A006,Concentricity to m,3A,07 Apr 2026,3,0.041,,,,,Open,K1AL_L3_CRCS_L_2026-04-07_3,2026-06-05 08:50:22,0
a051c7aa,cmm,Measurement,Produksi,CRCS L,K1AL L3,A006,Concentricity to m,3B,07 Apr 2026,3,0.041,,,,,Open,K1AL_L3_CRCS_L_2026-04-07_3,2026-06-05 08:50:22,0
408bb9cd,cmm,Measurement,Produksi,CRCS L,K1AL L3,B010,Position To d & e,3A,07 Apr 2026,3,0.157,,,,,Open,K1AL_L3_CRCS_L_2026-04-07_3,2026-06-05 08:50:22,0
99289ab0,cmm,Measurement,Produksi,CRCS L,K1AL L3,B010,Position To d & e,3B,07 Apr 2026,3,0.115,,,,,Open,K1AL_L3_CRCS_L_2026-04-07_3,2026-06-05 08:50:22,0
43c3527a,cmm,Measurement,Produksi,CRCS L,K1AL L3,B012,Posisi X From B011 Reamer 8H8,3A,07 Apr 2026,3,0.054,,,,,Open,K1AL_L3_CRCS_L_2026-04-07_3,2026-06-05 08:50:23,1
7b3e36fb,cmm,Measurement,Produksi,CRCS L,K1AL L3,B012,Posisi X From B011 Reamer 8H8,3B,07 Apr 2026,3,0.07,,,,,Open,K1AL_L3_CRCS_L_2026-04-07_3,2026-06-05 08:50:23,1
ca641015,cmm,Measurement,Produksi,CRCS L,K1AL L3,B012,Posisi Y From B011 Reamer 8H8,3A,07 Apr 2026,3,0.054,,,,,Open,K1AL_L3_CRCS_L_2026-04-07_3,2026-06-05 08:50:23,0
26d3896a,cmm,Measurement,Produksi,CRCS L,K1AL L3,B012,Posisi Y From B011 Reamer 8H8,3B,07 Apr 2026,3,0.07,,,,,Open,K1AL_L3_CRCS_L_2026-04-07_3,2026-06-05 08:50:23,0
8ed3ccb5,cmm,Measurement,Produksi,CRCS L,K1AL L3,B017,Position To f & g,3B,07 Apr 2026,3,0.265,,,,,Open,K1AL_L3_CRCS_L_2026-04-07_3,2026-06-05 08:50:23,0
aa760533,cmm,Measurement,Produksi,CRCS L,K1AL L3,B018,Position To f & g,3A,07 Apr 2026,3,0.298,,,,,Open,K1AL_L3_CRCS_L_2026-04-07_3,2026-06-05 08:50:23,1
64a2b714,cmm,Measurement,Produksi,CRCS L,K1AL L3,B024,Posisi Y,3A,07 Apr 2026,3,-0.222,,,,,Open,K1AL_L3_CRCS_L_2026-04-07_3,2026-06-05 08:50:23,0
1385b9b4,cmm,Measurement,Produksi,CRCS L,K1AL L3,B025,Position to d & e,3A,07 Apr 2026,3,0.157,,,,,Open,K1AL_L3_CRCS_L_2026-04-07_3,2026-06-05 08:50:23,0
c7198645,cmm,Measurement,Produksi,CRCS L,K1AL L3,B025,Position to d & e,3B,07 Apr 2026,3,0.115,,,,,Open,K1AL_L3_CRCS_L_2026-04-07_3,2026-06-05 08:50:23,0
5a2d5ec6,cmm,Measurement,Produksi,CRCS L,K1AL L3,B053,Posisi X,3A,07 Apr 2026,3,-0.22,,,,,Open,K1AL_L3_CRCS_L_2026-04-07_3,2026-06-05 08:50:23,1
c03be7f7,cmm,Measurement,Produksi,CRCS L,K1AL L3,B053,Posisi Y,3A,07 Apr 2026,3,-0.22,,,,,Open,K1AL_L3_CRCS_L_2026-04-07_3,2026-06-05 08:50:23,1
6323aa30,cmm,Measurement,Produksi,CRCS L,K1AL L3,B054,Posisi X,3A,07 Apr 2026,3,-0.205,,,,,Open,K1AL_L3_CRCS_L_2026-04-07_3,2026-06-05 08:50:23,1
b0f4a192,cmm,Measurement,Produksi,CRCS L,K1AL L3,B054,Posisi Y,3A,07 Apr 2026,3,-0.205,,,,,Open,K1AL_L3_CRCS_L_2026-04-07_3,2026-06-05 08:50:23,0
131626ec,cmm,Measurement,Produksi,CRCS L,K1AL L3,B073,Posisi X,3A,07 Apr 2026,3,-0.313,,,,,Open,K1AL_L3_CRCS_L_2026-04-07_3,2026-06-05 08:50:23,1
dfba1423,cmm,Measurement,Produksi,CRCS L,K1AL L3,B073,Posisi Y,3A,07 Apr 2026,3,-0.313,,,,,Open,K1AL_L3_CRCS_L_2026-04-07_3,2026-06-05 08:50:23,1
2eae4906,cmm,Measurement,Produksi,CRCS L,K1AL L3,B074,Posisi X,3A,07 Apr 2026,3,-0.222,,,,,Open,K1AL_L3_CRCS_L_2026-04-07_3,2026-06-05 08:50:23,1
be15cb1d,cmm,Measurement,Produksi,CRCS L,K1AL L3,B074,Posisi Y,3A,07 Apr 2026,3,-0.222,,,,,Open,K1AL_L3_CRCS_L_2026-04-07_3,2026-06-05 08:50:23,0
8b387162,cmm,Measurement,Produksi,CRCS L,K1AL L3,B075,Posisi X,3B,07 Apr 2026,3,-0.212,,,,,Open,K1AL_L3_CRCS_L_2026-04-07_3,2026-06-05 08:50:23,1
3fce3adf,cmm,Measurement,Produksi,CRCS L,K1AL L3,B075,Posisi Y,3B,07 Apr 2026,3,-0.212,,,,,Open,K1AL_L3_CRCS_L_2026-04-07_3,2026-06-05 08:50:23,0
b97ccf80,cmm,Measurement,Produksi,CRCS L,K1AL L3,B080,Posisi X Reamer 8H8,3B,07 Apr 2026,3,0.118,,,,,Open,K1AL_L3_CRCS_L_2026-04-07_3,2026-06-05 08:50:23,1
8bc94ea8,cmm,Measurement,Produksi,CRCS L,K1AL L3,B080,Posisi Y Reamer 8H8,3B,07 Apr 2026,3,0.118,,,,,Open,K1AL_L3_CRCS_L_2026-04-07_3,2026-06-05 08:50:23,0
c106d789,cmm,Measurement,Produksi,CRCS L,K1AL L1,A003,Posisi Y From A006,1,04 Jun 2026,1,-0.122,,,,,Open,K1AL_L1_CRCS_L_2026-06-04_1,2026-06-05 08:57:45,0
58d87c55,cmm,Measurement,Produksi,CRCS L,K1AL L1,A005,Perpendicularity To n,1,04 Jun 2026,1,0.014,,,,,Open,K1AL_L1_CRCS_L_2026-06-04_1,2026-06-05 08:57:45,0
a0c51a1f,cmm,Measurement,Produksi,CRCS L,K1AL L1,A006,Concentricity to m,1,04 Jun 2026,1,0.107,,,,,Open,K1AL_L1_CRCS_L_2026-06-04_1,2026-06-05 08:57:45,0
32d51d6c,cmm,Measurement,Produksi,CRCS L,K1AL L1,A006,Concentricity to m,3,04 Jun 2026,1,0.038,,,,,Open,K1AL_L1_CRCS_L_2026-06-04_1,2026-06-05 08:57:45,0
5f181383,cmm,Measurement,Produksi,CRCS L,K1AL L1,A006,Concentricity to m,5,04 Jun 2026,1,0.032,,,,,Open,K1AL_L1_CRCS_L_2026-06-04_1,2026-06-05 08:57:45,1
1cfd91e3,cmm,Measurement,Produksi,CRCS L,K1AL L1,A006,Concentricity to m,6,04 Jun 2026,1,0.036,,,,,Open,K1AL_L1_CRCS_L_2026-06-04_1,2026-06-05 08:57:45,0
304c2006,cmm,Measurement,Produksi,CRCS L,K1AL L1,A007,Distance From A006,1,04 Jun 2026,1,0.055,,,,,Open,K1AL_L1_CRCS_L_2026-06-04_1,2026-06-05 08:57:45,1
0fe04d34,cmm,Measurement,Produksi,CRCS L,K1AL L1,A008,Posisi Y,1,04 Jun 2026,1,0.117,,,,,Open,K1AL_L1_CRCS_L_2026-06-04_1,2026-06-05 08:57:45,0
ddcdbcd2,cmm,Measurement,Produksi,CRCS L,K1AL L1,A008,Distance From A006,1,04 Jun 2026,1,0.059,,,,,Open,K1AL_L1_CRCS_L_2026-06-04_1,2026-06-05 08:57:45,1
3bef6381,cmm,Measurement,Produksi,CRCS L,K1AL L1,A042,Posisi X,3,04 Jun 2026,1,-0.209,,,,,Open,K1AL_L1_CRCS_L_2026-06-04_1,2026-06-05 08:57:45,1
82612e04,cmm,Measurement,Produksi,CRCS L,K1AL L1,A042,Posisi X,4,04 Jun 2026,1,-0.333,,,,,Open,K1AL_L1_CRCS_L_2026-06-04_1,2026-06-05 08:57:45,1
b2a5bdb1,cmm,Measurement,Produksi,CRCS L,K1AL L1,A042,Posisi X,5,04 Jun 2026,1,-0.229,,,,,Open,K1AL_L1_CRCS_L_2026-06-04_1,2026-06-05 08:57:45,0
96df7c23,cmm,Measurement,Produksi,CRCS L,K1AL L1,A042,Posisi Y,3,04 Jun 2026,1,-0.209,,,,,Open,K1AL_L1_CRCS_L_2026-06-04_1,2026-06-05 08:57:45,0
27b6140a,cmm,Measurement,Produksi,CRCS L,K1AL L1,A042,Posisi Y,4,04 Jun 2026,1,-0.333,,,,,Open,K1AL_L1_CRCS_L_2026-06-04_1,2026-06-05 08:57:45,0
b491fab5,cmm,Measurement,Produksi,CRCS L,K1AL L1,A042,Posisi Y,5,04 Jun 2026,1,-0.229,,,,,Open,K1AL_L1_CRCS_L_2026-06-04_1,2026-06-05 08:57:45,0
89a3f324,cmm,Measurement,Produksi,CRCS L,K1AL L1,A151,Posisi X Drill 6.45,2,04 Jun 2026,1,0.204,,,,,Open,K1AL_L1_CRCS_L_2026-06-04_1,2026-06-05 08:57:45,1
559d1791,cmm,Measurement,Produksi,CRCS L,K1AL L1,A151,Posisi X Drill 6.45,4,04 Jun 2026,1,0.28,,,,,Open,K1AL_L1_CRCS_L_2026-06-04_1,2026-06-05 08:57:45,1
38db3438,cmm,Measurement,Produksi,CRCS L,K1AL L1,A151,Posisi X Drill 6.45,5,04 Jun 2026,1,0.317,,,,,Open,K1AL_L1_CRCS_L_2026-06-04_1,2026-06-05 08:57:45,1
5eb7484a,cmm,Measurement,Produksi,CRCS L,K1AL L1,A151,Posisi Y Drill 6.45,2,04 Jun 2026,1,0.204,,,,,Open,K1AL_L1_CRCS_L_2026-06-04_1,2026-06-05 08:57:45,0
cba9aa11,cmm,Measurement,Produksi,CRCS L,K1AL L1,A151,Posisi Y Drill 6.45,4,04 Jun 2026,1,0.28,,,,,Open,K1AL_L1_CRCS_L_2026-06-04_1,2026-06-05 08:57:45,0
3756cb52,cmm,Measurement,Produksi,CRCS L,K1AL L1,A151,Posisi Y Drill 6.45,5,04 Jun 2026,1,0.317,,,,,Open,K1AL_L1_CRCS_L_2026-06-04_1,2026-06-05 08:57:45,0
37ad0525,cmm,Measurement,Produksi,CRCS L,K1AL L1,A152,Posisi Y Drill 6.45,4,04 Jun 2026,1,0.235,,,,,Open,K1AL_L1_CRCS_L_2026-06-04_1,2026-06-05 08:57:45,0
45d5b907,cmm,Measurement,Produksi,CRCS L,K1AL L1,A152,Posisi Y Drill 6.45,5,04 Jun 2026,1,0.245,,,,,Open,K1AL_L1_CRCS_L_2026-06-04_1,2026-06-05 08:57:45,0
4039ff1b,cmm,Measurement,Produksi,CRCS L,K1AL L1,A152,Posisi X Drill 6.45,6,04 Jun 2026,1,0.212,,,,,Open,K1AL_L1_CRCS_L_2026-06-04_1,2026-06-05 08:57:45,1
44c86541,cmm,Measurement,Produksi,CRCS L,K1AL L1,A153,Posisi X,2,04 Jun 2026,1,0.313,,,,,Open,K1AL_L1_CRCS_L_2026-06-04_1,2026-06-05 08:57:45,1
9f479a69,cmm,Measurement,Produksi,CRCS L,K1AL L1,A153,Posisi X,3,04 Jun 2026,1,0.255,,,,,Open,K1AL_L1_CRCS_L_2026-06-04_1,2026-06-05 08:57:45,0
621fe0fd,cmm,Measurement,Produksi,CRCS L,K1AL L1,A153,Posisi X,4,04 Jun 2026,1,0.357,,,,,Open,K1AL_L1_CRCS_L_2026-06-04_1,2026-06-05 08:57:45,0
584b3d7f,cmm,Measurement,Produksi,CRCS L,K1AL L1,A153,Posisi X,5,04 Jun 2026,1,0.426,,,,,Open,K1AL_L1_CRCS_L_2026-06-04_1,2026-06-05 08:57:45,0
1702c21c,cmm,Measurement,Produksi,CRCS L,K1AL L1,A153,Posisi Y,2,04 Jun 2026,1,0.313,,,,,Open,K1AL_L1_CRCS_L_2026-06-04_1,2026-06-05 08:57:45,0
26333d31,cmm,Measurement,Produksi,CRCS L,K1AL L1,A153,Posisi Y,3,04 Jun 2026,1,0.255,,,,,Open,K1AL_L1_CRCS_L_2026-06-04_1,2026-06-05 08:57:45,0
6ff9e1ff,cmm,Measurement,Produksi,CRCS L,K1AL L1,A153,Posisi Y,4,04 Jun 2026,1,0.357,,,,,Open,K1AL_L1_CRCS_L_2026-06-04_1,2026-06-05 08:57:45,0
093e61ef,cmm,Measurement,Produksi,CRCS L,K1AL L1,A153,Posisi Y,5,04 Jun 2026,1,0.426,,,,,Open,K1AL_L1_CRCS_L_2026-06-04_1,2026-06-05 08:57:45,0
1a5aba74,cmm,Measurement,Produksi,CRCS L,K1AL L1,A154,Posisi X,2,04 Jun 2026,1,0.319,,,,,Open,K1AL_L1_CRCS_L_2026-06-04_1,2026-06-05 08:57:45,1
35f5b33c,cmm,Measurement,Produksi,CRCS L,K1AL L1,A154,Posisi X,3,04 Jun 2026,1,0.245,,,,,Open,K1AL_L1_CRCS_L_2026-06-04_1,2026-06-05 08:57:46,1
bd79e8ce,cmm,Measurement,Produksi,CRCS L,K1AL L1,A154,Posisi X,4,04 Jun 2026,1,0.325,,,,,Open,K1AL_L1_CRCS_L_2026-06-04_1,2026-06-05 08:57:46,1
43f31447,cmm,Measurement,Produksi,CRCS L,K1AL L1,A154,Posisi X,5,04 Jun 2026,1,0.406,,,,,Open,K1AL_L1_CRCS_L_2026-06-04_1,2026-06-05 08:57:46,0
bfe16de4,cmm,Measurement,Produksi,CRCS L,K1AL L1,A154,Posisi Y,2,04 Jun 2026,1,0.319,,,,,Open,K1AL_L1_CRCS_L_2026-06-04_1,2026-06-05 08:57:46,0
f4cb427f,cmm,Measurement,Produksi,CRCS L,K1AL L1,A154,Posisi Y,3,04 Jun 2026,1,0.245,,,,,Open,K1AL_L1_CRCS_L_2026-06-04_1,2026-06-05 08:57:46,0
0b66d723,cmm,Measurement,Produksi,CRCS L,K1AL L1,A154,Posisi Y,4,04 Jun 2026,1,0.325,,,,,Open,K1AL_L1_CRCS_L_2026-06-04_1,2026-06-05 08:57:46,0
4cde8e9c,cmm,Measurement,Produksi,CRCS L,K1AL L1,A154,Posisi Y,5,04 Jun 2026,1,0.406,,,,,Open,K1AL_L1_CRCS_L_2026-06-04_1,2026-06-05 08:57:46,0
25c76de5,cmm,Measurement,Produksi,CRCS L,K1AL L1,A155,Posisi X,2,04 Jun 2026,1,0.329,,,,,Open,K1AL_L1_CRCS_L_2026-06-04_1,2026-06-05 08:57:46,1
0c75120d,cmm,Measurement,Produksi,CRCS L,K1AL L1,A155,Posisi X,3,04 Jun 2026,1,0.238,,,,,Open,K1AL_L1_CRCS_L_2026-06-04_1,2026-06-05 08:57:46,1
0eeec5c3,cmm,Measurement,Produksi,CRCS L,K1AL L1,A155,Posisi X,4,04 Jun 2026,1,0.388,,,,,Open,K1AL_L1_CRCS_L_2026-06-04_1,2026-06-05 08:57:46,1
daef60df,cmm,Measurement,Produksi,CRCS L,K1AL L1,A155,Posisi X,5,04 Jun 2026,1,0.425,,,,,Open,K1AL_L1_CRCS_L_2026-06-04_1,2026-06-05 08:57:46,1
7a6b6bfd,cmm,Measurement,Produksi,CRCS L,K1AL L1,A155,Posisi X,6,04 Jun 2026,1,0.224,,,,,Open,K1AL_L1_CRCS_L_2026-06-04_1,2026-06-05 08:57:46,1
140568c7,cmm,Measurement,Produksi,CRCS L,K1AL L1,A155,Posisi Y,2,04 Jun 2026,1,0.329,,,,,Open,K1AL_L1_CRCS_L_2026-06-04_1,2026-06-05 08:57:46,1
4648fe0c,cmm,Measurement,Produksi,CRCS L,K1AL L1,A155,Posisi Y,3,04 Jun 2026,1,0.238,,,,,Open,K1AL_L1_CRCS_L_2026-06-04_1,2026-06-05 08:57:46,0
78d18e79,cmm,Measurement,Produksi,CRCS L,K1AL L1,A155,Posisi Y,4,04 Jun 2026,1,0.388,,,,,Open,K1AL_L1_CRCS_L_2026-06-04_1,2026-06-05 08:57:46,0
1d9d7ca6,cmm,Measurement,Produksi,CRCS L,K1AL L1,A155,Posisi Y,5,04 Jun 2026,1,0.425,,,,,Open,K1AL_L1_CRCS_L_2026-06-04_1,2026-06-05 08:57:46,0
d365478a,cmm,Measurement,Produksi,CRCS L,K1AL L1,A155,Posisi Y,6,04 Jun 2026,1,0.224,,,,,Open,K1AL_L1_CRCS_L_2026-06-04_1,2026-06-05 08:57:46,0
7aa0353a,cmm,Measurement,Produksi,CRCS L,K1AL L1,A156,Posisi X,2,04 Jun 2026,1,0.294,,,,,Open,K1AL_L1_CRCS_L_2026-06-04_1,2026-06-05 08:57:46,1
64b1851e,cmm,Measurement,Produksi,CRCS L,K1AL L1,A156,Posisi X,4,04 Jun 2026,1,0.322,,,,,Open,K1AL_L1_CRCS_L_2026-06-04_1,2026-06-05 08:57:46,0
b29d8f10,cmm,Measurement,Produksi,CRCS L,K1AL L1,A156,Posisi X,5,04 Jun 2026,1,0.356,,,,,Open,K1AL_L1_CRCS_L_2026-06-04_1,2026-06-05 08:57:46,0
6b8076ef,cmm,Measurement,Produksi,CRCS L,K1AL L1,A156,Posisi Y,2,04 Jun 2026,1,0.294,,,,,Open,K1AL_L1_CRCS_L_2026-06-04_1,2026-06-05 08:57:46,1
f180bf36,cmm,Measurement,Produksi,CRCS L,K1AL L1,A156,Posisi Y,4,04 Jun 2026,1,0.322,,,,,Open,K1AL_L1_CRCS_L_2026-06-04_1,2026-06-05 08:57:46,0
5d6d73a6,cmm,Measurement,Produksi,CRCS L,K1AL L1,A156,Posisi Y,5,04 Jun 2026,1,0.356,,,,,Open,K1AL_L1_CRCS_L_2026-06-04_1,2026-06-05 08:57:46,1
bd114b96,cmm,Measurement,Produksi,CRCS L,K1AL L1,A160,Posisi X,2,04 Jun 2026,1,0.419,,,,,Open,K1AL_L1_CRCS_L_2026-06-04_1,2026-06-05 08:57:46,1
74434953,cmm,Measurement,Produksi,CRCS L,K1AL L1,A160,Posisi X,3,04 Jun 2026,1,0.366,,,,,Open,K1AL_L1_CRCS_L_2026-06-04_1,2026-06-05 08:57:46,1
03ffe610,cmm,Measurement,Produksi,CRCS L,K1AL L1,A160,Posisi X,4,04 Jun 2026,1,0.538,,,,,Open,K1AL_L1_CRCS_L_2026-06-04_1,2026-06-05 08:57:46,1
d38cf856,cmm,Measurement,Produksi,CRCS L,K1AL L1,A160,Posisi X,5,04 Jun 2026,1,0.664,,,,,Open,K1AL_L1_CRCS_L_2026-06-04_1,2026-06-05 08:57:46,1
1781c621,cmm,Measurement,Produksi,CRCS L,K1AL L1,A160,Posisi Y,2,04 Jun 2026,1,0.419,,,,,Open,K1AL_L1_CRCS_L_2026-06-04_1,2026-06-05 08:57:46,0
408daf2d,cmm,Measurement,Produksi,CRCS L,K1AL L1,A160,Posisi Y,3,04 Jun 2026,1,0.366,,,,,Open,K1AL_L1_CRCS_L_2026-06-04_1,2026-06-05 08:57:46,1
ea08fa4d,cmm,Measurement,Produksi,CRCS L,K1AL L1,A160,Posisi Y,4,04 Jun 2026,1,0.538,,,,,Open,K1AL_L1_CRCS_L_2026-06-04_1,2026-06-05 08:57:46,0
54253a09,cmm,Measurement,Produksi,CRCS L,K1AL L1,A160,Posisi Y,5,04 Jun 2026,1,0.664,,,,,Open,K1AL_L1_CRCS_L_2026-06-04_1,2026-06-05 08:57:46,0
dceb2887,cmm,Measurement,Produksi,CRCS L,K1AL L1,B010,Position To d & e,2,04 Jun 2026,1,0.103,,,,,Open,K1AL_L1_CRCS_L_2026-06-04_1,2026-06-05 08:57:46,0
71b6f7eb,cmm,Measurement,Produksi,CRCS L,K1AL L1,B017,Distance From B027,1,04 Jun 2026,1,-0.226,,,,,Open,K1AL_L1_CRCS_L_2026-06-04_1,2026-06-05 08:57:46,0
58930bc5,cmm,Measurement,Produksi,CRCS L,K1AL L1,B018,Distance From B027,1,04 Jun 2026,1,0.181,,,,,Open,K1AL_L1_CRCS_L_2026-06-04_1,2026-06-05 08:57:46,0
fa0e0090,cmm,Measurement,Produksi,CRCS L,K1AL L1,B018,Position To f & g,1,04 Jun 2026,1,0.497,,,,,Open,K1AL_L1_CRCS_L_2026-06-04_1,2026-06-05 08:57:46,0
9e487062,cmm,Measurement,Produksi,CRCS L,K1AL L1,B018,Position To f & g,2,04 Jun 2026,1,0.305,,,,,Open,K1AL_L1_CRCS_L_2026-06-04_1,2026-06-05 08:57:46,0
095b7635,cmm,Measurement,Produksi,CRCS L,K1AL L1,B018,Position To f & g,3,04 Jun 2026,1,0.317,,,,,Open,K1AL_L1_CRCS_L_2026-06-04_1,2026-06-05 08:57:46,0
161c0f9c,cmm,Measurement,Produksi,CRCS L,K1AL L1,B018,Position To f & g,4,04 Jun 2026,1,0.34,,,,,Open,K1AL_L1_CRCS_L_2026-06-04_1,2026-06-05 08:57:46,0
f93bc1bd,cmm,Measurement,Produksi,CRCS L,K1AL L1,B018,Position To f & g,5,04 Jun 2026,1,0.31,,,,,Open,K1AL_L1_CRCS_L_2026-06-04_1,2026-06-05 08:57:46,0
23f5ce69,cmm,Measurement,Produksi,CRCS L,K1AL L1,B018,Position To f & g,6,04 Jun 2026,1,0.346,,,,,Open,K1AL_L1_CRCS_L_2026-06-04_1,2026-06-05 08:57:47,0
2b005a32,cmm,Measurement,Produksi,CRCS L,K1AL L1,B025,Position to d & e,2,04 Jun 2026,1,0.103,,,,,Open,K1AL_L1_CRCS_L_2026-06-04_1,2026-06-05 08:57:47,0
911b097e,cmm,Measurement,Produksi,CRCS L,K1AL L1,B051,Posisi X,6,04 Jun 2026,1,-0.202,,,,,Open,K1AL_L1_CRCS_L_2026-06-04_1,2026-06-05 08:57:47,1
a18f5c14,cmm,Measurement,Produksi,CRCS L,K1AL L1,B051,Posisi Y,6,04 Jun 2026,1,-0.202,,,,,Open,K1AL_L1_CRCS_L_2026-06-04_1,2026-06-05 08:57:47,1
1665675a,cmm,Measurement,Produksi,CRCS L,K1AL L1,B073,Posisi X,6,04 Jun 2026,1,-0.203,,,,,Open,K1AL_L1_CRCS_L_2026-06-04_1,2026-06-05 08:57:47,1
720931b8,cmm,Measurement,Produksi,CRCS L,K1AL L1,B073,Posisi Y,6,04 Jun 2026,1,-0.203,,,,,Open,K1AL_L1_CRCS_L_2026-06-04_1,2026-06-05 08:57:47,0
1b11158d,cmm,Measurement,Produksi,CRCS L,K1AL L1,A003,Posisi Y From A006,1,04 Jun 2026,1,-0.122,,,,,Open,K1AL_L1_CRCS_L_2026-06-04_1,2026-06-05 09:03:31,0
c54b39b4,cmm,Measurement,Produksi,CRCS L,K1AL L1,A005,Perpendicularity To n,1,04 Jun 2026,1,0.014,,,,,Open,K1AL_L1_CRCS_L_2026-06-04_1,2026-06-05 09:03:31,0
e13b0627,cmm,Measurement,Produksi,CRCS L,K1AL L1,A006,Concentricity to m,1,04 Jun 2026,1,0.107,,,,,Open,K1AL_L1_CRCS_L_2026-06-04_1,2026-06-05 09:03:31,0
9f941db7,cmm,Measurement,Produksi,CRCS L,K1AL L1,A006,Concentricity to m,3,04 Jun 2026,1,0.038,,,,,Open,K1AL_L1_CRCS_L_2026-06-04_1,2026-06-05 09:03:31,0
9f6b6192,cmm,Measurement,Produksi,CRCS L,K1AL L1,A006,Concentricity to m,5,04 Jun 2026,1,0.032,,,,,Open,K1AL_L1_CRCS_L_2026-06-04_1,2026-06-05 09:03:31,1
40c3c6e3,cmm,Measurement,Produksi,CRCS L,K1AL L1,A006,Concentricity to m,6,04 Jun 2026,1,0.036,,,,,Open,K1AL_L1_CRCS_L_2026-06-04_1,2026-06-05 09:03:31,0
ab000684,cmm,Measurement,Produksi,CRCS L,K1AL L1,A007,Distance From A006,1,04 Jun 2026,1,0.055,,,,,Open,K1AL_L1_CRCS_L_2026-06-04_1,2026-06-05 09:03:31,1
1725e410,cmm,Measurement,Produksi,CRCS L,K1AL L1,A008,Posisi Y,1,04 Jun 2026,1,0.117,,,,,Open,K1AL_L1_CRCS_L_2026-06-04_1,2026-06-05 09:03:31,0
edd331a0,cmm,Measurement,Produksi,CRCS L,K1AL L1,A008,Distance From A006,1,04 Jun 2026,1,0.059,,,,,Open,K1AL_L1_CRCS_L_2026-06-04_1,2026-06-05 09:03:31,1
39fb576c,cmm,Measurement,Produksi,CRCS L,K1AL L1,A042,Posisi X,3,04 Jun 2026,1,-0.209,,,,,Open,K1AL_L1_CRCS_L_2026-06-04_1,2026-06-05 09:03:31,1
849a4594,cmm,Measurement,Produksi,CRCS L,K1AL L1,A042,Posisi X,4,04 Jun 2026,1,-0.333,,,,,Open,K1AL_L1_CRCS_L_2026-06-04_1,2026-06-05 09:03:31,1
eac6560c,cmm,Measurement,Produksi,CRCS L,K1AL L1,A042,Posisi X,5,04 Jun 2026,1,-0.229,,,,,Open,K1AL_L1_CRCS_L_2026-06-04_1,2026-06-05 09:03:31,0
ffb9761f,cmm,Measurement,Produksi,CRCS L,K1AL L1,A042,Posisi Y,3,04 Jun 2026,1,-0.209,,,,,Open,K1AL_L1_CRCS_L_2026-06-04_1,2026-06-05 09:03:31,0
9284bf7f,cmm,Measurement,Produksi,CRCS L,K1AL L1,A042,Posisi Y,4,04 Jun 2026,1,-0.333,,,,,Open,K1AL_L1_CRCS_L_2026-06-04_1,2026-06-05 09:03:31,0
7b1f7671,cmm,Measurement,Produksi,CRCS L,K1AL L1,A042,Posisi Y,5,04 Jun 2026,1,-0.229,,,,,Open,K1AL_L1_CRCS_L_2026-06-04_1,2026-06-05 09:03:31,0
5b60617d,cmm,Measurement,Produksi,CRCS L,K1AL L1,A151,Posisi X Drill 6.45,2,04 Jun 2026,1,0.204,,,,,Open,K1AL_L1_CRCS_L_2026-06-04_1,2026-06-05 09:03:31,1
08b507cd,cmm,Measurement,Produksi,CRCS L,K1AL L1,A151,Posisi X Drill 6.45,4,04 Jun 2026,1,0.28,,,,,Open,K1AL_L1_CRCS_L_2026-06-04_1,2026-06-05 09:03:31,1
95a7179f,cmm,Measurement,Produksi,CRCS L,K1AL L1,A151,Posisi X Drill 6.45,5,04 Jun 2026,1,0.317,,,,,Open,K1AL_L1_CRCS_L_2026-06-04_1,2026-06-05 09:03:31,1
e0e5ca9b,cmm,Measurement,Produksi,CRCS L,K1AL L1,A151,Posisi Y Drill 6.45,2,04 Jun 2026,1,0.204,,,,,Open,K1AL_L1_CRCS_L_2026-06-04_1,2026-06-05 09:03:31,0
2253940f,cmm,Measurement,Produksi,CRCS L,K1AL L1,A151,Posisi Y Drill 6.45,4,04 Jun 2026,1,0.28,,,,,Open,K1AL_L1_CRCS_L_2026-06-04_1,2026-06-05 09:03:31,0
5318c6be,cmm,Measurement,Produksi,CRCS L,K1AL L1,A151,Posisi Y Drill 6.45,5,04 Jun 2026,1,0.317,,,,,Open,K1AL_L1_CRCS_L_2026-06-04_1,2026-06-05 09:03:31,0
a118b015,cmm,Measurement,Produksi,CRCS L,K1AL L1,A152,Posisi Y Drill 6.45,4,04 Jun 2026,1,0.235,,,,,Open,K1AL_L1_CRCS_L_2026-06-04_1,2026-06-05 09:03:31,0
365c0a4e,cmm,Measurement,Produksi,CRCS L,K1AL L1,A152,Posisi Y Drill 6.45,5,04 Jun 2026,1,0.245,,,,,Open,K1AL_L1_CRCS_L_2026-06-04_1,2026-06-05 09:03:31,0
77ab9bf2,cmm,Measurement,Produksi,CRCS L,K1AL L1,A152,Posisi X Drill 6.45,6,04 Jun 2026,1,0.212,,,,,Open,K1AL_L1_CRCS_L_2026-06-04_1,2026-06-05 09:03:32,1
a1f46f75,cmm,Measurement,Produksi,CRCS L,K1AL L1,A153,Posisi X,2,04 Jun 2026,1,0.313,,,,,Open,K1AL_L1_CRCS_L_2026-06-04_1,2026-06-05 09:03:32,1
6426a60a,cmm,Measurement,Produksi,CRCS L,K1AL L1,A153,Posisi X,3,04 Jun 2026,1,0.255,,,,,Open,K1AL_L1_CRCS_L_2026-06-04_1,2026-06-05 09:03:32,0
46ea9c4e,cmm,Measurement,Produksi,CRCS L,K1AL L1,A153,Posisi X,4,04 Jun 2026,1,0.357,,,,,Open,K1AL_L1_CRCS_L_2026-06-04_1,2026-06-05 09:03:32,0
471dcaa5,cmm,Measurement,Produksi,CRCS L,K1AL L1,A153,Posisi X,5,04 Jun 2026,1,0.426,,,,,Open,K1AL_L1_CRCS_L_2026-06-04_1,2026-06-05 09:03:32,0
57d27aad,cmm,Measurement,Produksi,CRCS L,K1AL L1,A153,Posisi Y,2,04 Jun 2026,1,0.313,,,,,Open,K1AL_L1_CRCS_L_2026-06-04_1,2026-06-05 09:03:32,0
3c6d76f0,cmm,Measurement,Produksi,CRCS L,K1AL L1,A153,Posisi Y,3,04 Jun 2026,1,0.255,,,,,Open,K1AL_L1_CRCS_L_2026-06-04_1,2026-06-05 09:03:32,0
ada70744,cmm,Measurement,Produksi,CRCS L,K1AL L1,A153,Posisi Y,4,04 Jun 2026,1,0.357,,,,,Open,K1AL_L1_CRCS_L_2026-06-04_1,2026-06-05 09:03:32,0
1e8740a3,cmm,Measurement,Produksi,CRCS L,K1AL L1,A153,Posisi Y,5,04 Jun 2026,1,0.426,,,,,Open,K1AL_L1_CRCS_L_2026-06-04_1,2026-06-05 09:03:32,0
2a739eee,cmm,Measurement,Produksi,CRCS L,K1AL L1,A154,Posisi X,2,04 Jun 2026,1,0.319,,,,,Open,K1AL_L1_CRCS_L_2026-06-04_1,2026-06-05 09:03:32,1
5da70e8b,cmm,Measurement,Produksi,CRCS L,K1AL L1,A154,Posisi X,3,04 Jun 2026,1,0.245,,,,,Open,K1AL_L1_CRCS_L_2026-06-04_1,2026-06-05 09:03:32,1
56e8b3dd,cmm,Measurement,Produksi,CRCS L,K1AL L1,A154,Posisi X,4,04 Jun 2026,1,0.325,,,,,Open,K1AL_L1_CRCS_L_2026-06-04_1,2026-06-05 09:03:32,1
08409d30,cmm,Measurement,Produksi,CRCS L,K1AL L1,A154,Posisi X,5,04 Jun 2026,1,0.406,,,,,Open,K1AL_L1_CRCS_L_2026-06-04_1,2026-06-05 09:03:32,0
7bf71690,cmm,Measurement,Produksi,CRCS L,K1AL L1,A154,Posisi Y,2,04 Jun 2026,1,0.319,,,,,Open,K1AL_L1_CRCS_L_2026-06-04_1,2026-06-05 09:03:32,0
b3117f45,cmm,Measurement,Produksi,CRCS L,K1AL L1,A154,Posisi Y,3,04 Jun 2026,1,0.245,,,,,Open,K1AL_L1_CRCS_L_2026-06-04_1,2026-06-05 09:03:32,0
89675968,cmm,Measurement,Produksi,CRCS L,K1AL L1,A154,Posisi Y,4,04 Jun 2026,1,0.325,,,,,Open,K1AL_L1_CRCS_L_2026-06-04_1,2026-06-05 09:03:32,0
0243cbf9,cmm,Measurement,Produksi,CRCS L,K1AL L1,A154,Posisi Y,5,04 Jun 2026,1,0.406,,,,,Open,K1AL_L1_CRCS_L_2026-06-04_1,2026-06-05 09:03:32,0
fcb19360,cmm,Measurement,Produksi,CRCS L,K1AL L1,A155,Posisi X,2,04 Jun 2026,1,0.329,,,,,Open,K1AL_L1_CRCS_L_2026-06-04_1,2026-06-05 09:03:32,1
faea8911,cmm,Measurement,Produksi,CRCS L,K1AL L1,A155,Posisi X,3,04 Jun 2026,1,0.238,,,,,Open,K1AL_L1_CRCS_L_2026-06-04_1,2026-06-05 09:03:32,1
4f5143d5,cmm,Measurement,Produksi,CRCS L,K1AL L1,A155,Posisi X,4,04 Jun 2026,1,0.388,,,,,Open,K1AL_L1_CRCS_L_2026-06-04_1,2026-06-05 09:03:32,1
0c66a892,cmm,Measurement,Produksi,CRCS L,K1AL L1,A155,Posisi X,5,04 Jun 2026,1,0.425,,,,,Open,K1AL_L1_CRCS_L_2026-06-04_1,2026-06-05 09:03:32,1
b473ad1c,cmm,Measurement,Produksi,CRCS L,K1AL L1,A155,Posisi X,6,04 Jun 2026,1,0.224,,,,,Open,K1AL_L1_CRCS_L_2026-06-04_1,2026-06-05 09:03:32,1
80861317,cmm,Measurement,Produksi,CRCS L,K1AL L1,A155,Posisi Y,2,04 Jun 2026,1,0.329,,,,,Open,K1AL_L1_CRCS_L_2026-06-04_1,2026-06-05 09:03:32,1
cba0f19e,cmm,Measurement,Produksi,CRCS L,K1AL L1,A155,Posisi Y,3,04 Jun 2026,1,0.238,,,,,Open,K1AL_L1_CRCS_L_2026-06-04_1,2026-06-05 09:03:32,0
4b771eb6,cmm,Measurement,Produksi,CRCS L,K1AL L1,A155,Posisi Y,4,04 Jun 2026,1,0.388,,,,,Open,K1AL_L1_CRCS_L_2026-06-04_1,2026-06-05 09:03:33,0
c6eaba39,cmm,Measurement,Produksi,CRCS L,K1AL L1,A155,Posisi Y,5,04 Jun 2026,1,0.425,,,,,Open,K1AL_L1_CRCS_L_2026-06-04_1,2026-06-05 09:03:33,0
f3158270,cmm,Measurement,Produksi,CRCS L,K1AL L1,A155,Posisi Y,6,04 Jun 2026,1,0.224,,,,,Open,K1AL_L1_CRCS_L_2026-06-04_1,2026-06-05 09:03:33,0
60d09dfa,cmm,Measurement,Produksi,CRCS L,K1AL L1,A156,Posisi X,2,04 Jun 2026,1,0.294,,,,,Open,K1AL_L1_CRCS_L_2026-06-04_1,2026-06-05 09:03:33,1
0d03ed90,cmm,Measurement,Produksi,CRCS L,K1AL L1,A156,Posisi X,4,04 Jun 2026,1,0.322,,,,,Open,K1AL_L1_CRCS_L_2026-06-04_1,2026-06-05 09:03:33,0
d47cb4d1,cmm,Measurement,Produksi,CRCS L,K1AL L1,A156,Posisi X,5,04 Jun 2026,1,0.356,,,,,Open,K1AL_L1_CRCS_L_2026-06-04_1,2026-06-05 09:03:33,0
59280a79,cmm,Measurement,Produksi,CRCS L,K1AL L1,A156,Posisi Y,2,04 Jun 2026,1,0.294,,,,,Open,K1AL_L1_CRCS_L_2026-06-04_1,2026-06-05 09:03:33,1
efbd7689,cmm,Measurement,Produksi,CRCS L,K1AL L1,A156,Posisi Y,4,04 Jun 2026,1,0.322,,,,,Open,K1AL_L1_CRCS_L_2026-06-04_1,2026-06-05 09:03:33,0
ad921437,cmm,Measurement,Produksi,CRCS L,K1AL L1,A156,Posisi Y,5,04 Jun 2026,1,0.356,,,,,Open,K1AL_L1_CRCS_L_2026-06-04_1,2026-06-05 09:03:33,1
b67bbe77,cmm,Measurement,Produksi,CRCS L,K1AL L1,A160,Posisi X,2,04 Jun 2026,1,0.419,,,,,Open,K1AL_L1_CRCS_L_2026-06-04_1,2026-06-05 09:03:33,1
4b6b49d3,cmm,Measurement,Produksi,CRCS L,K1AL L1,A160,Posisi X,3,04 Jun 2026,1,0.366,,,,,Open,K1AL_L1_CRCS_L_2026-06-04_1,2026-06-05 09:03:33,1
4b575912,cmm,Measurement,Produksi,CRCS L,K1AL L1,A160,Posisi X,4,04 Jun 2026,1,0.538,,,,,Open,K1AL_L1_CRCS_L_2026-06-04_1,2026-06-05 09:03:33,1
86f1afd4,cmm,Measurement,Produksi,CRCS L,K1AL L1,A160,Posisi X,5,04 Jun 2026,1,0.664,,,,,Open,K1AL_L1_CRCS_L_2026-06-04_1,2026-06-05 09:03:33,1
6e4475a0,cmm,Measurement,Produksi,CRCS L,K1AL L1,A160,Posisi Y,2,04 Jun 2026,1,0.419,,,,,Open,K1AL_L1_CRCS_L_2026-06-04_1,2026-06-05 09:03:33,0
02932aae,cmm,Measurement,Produksi,CRCS L,K1AL L1,A160,Posisi Y,3,04 Jun 2026,1,0.366,,,,,Open,K1AL_L1_CRCS_L_2026-06-04_1,2026-06-05 09:03:33,1
3cf22b05,cmm,Measurement,Produksi,CRCS L,K1AL L1,A160,Posisi Y,4,04 Jun 2026,1,0.538,,,,,Open,K1AL_L1_CRCS_L_2026-06-04_1,2026-06-05 09:03:33,0
dc7e058d,cmm,Measurement,Produksi,CRCS L,K1AL L1,A160,Posisi Y,5,04 Jun 2026,1,0.664,,,,,Open,K1AL_L1_CRCS_L_2026-06-04_1,2026-06-05 09:03:33,0
7c1d8747,cmm,Measurement,Produksi,CRCS L,K1AL L1,B010,Position To d & e,2,04 Jun 2026,1,0.103,,,,,Open,K1AL_L1_CRCS_L_2026-06-04_1,2026-06-05 09:03:33,0
1ff0fbc9,cmm,Measurement,Produksi,CRCS L,K1AL L1,B017,Distance From B027,1,04 Jun 2026,1,-0.226,,,,,Open,K1AL_L1_CRCS_L_2026-06-04_1,2026-06-05 09:03:33,0
a08cf91d,cmm,Measurement,Produksi,CRCS L,K1AL L1,B018,Distance From B027,1,04 Jun 2026,1,0.181,,,,,Open,K1AL_L1_CRCS_L_2026-06-04_1,2026-06-05 09:03:33,0
57d6866d,cmm,Measurement,Produksi,CRCS L,K1AL L1,B018,Position To f & g,1,04 Jun 2026,1,0.497,,,,,Open,K1AL_L1_CRCS_L_2026-06-04_1,2026-06-05 09:03:33,0
c3981510,cmm,Measurement,Produksi,CRCS L,K1AL L1,B018,Position To f & g,2,04 Jun 2026,1,0.305,,,,,Open,K1AL_L1_CRCS_L_2026-06-04_1,2026-06-05 09:03:33,0
9aae7937,cmm,Measurement,Produksi,CRCS L,K1AL L1,B018,Position To f & g,3,04 Jun 2026,1,0.317,,,,,Open,K1AL_L1_CRCS_L_2026-06-04_1,2026-06-05 09:03:33,0
f4cd5dfd,cmm,Measurement,Produksi,CRCS L,K1AL L1,B018,Position To f & g,4,04 Jun 2026,1,0.34,,,,,Open,K1AL_L1_CRCS_L_2026-06-04_1,2026-06-05 09:03:34,0
938038cc,cmm,Measurement,Produksi,CRCS L,K1AL L1,B018,Position To f & g,5,04 Jun 2026,1,0.31,,,,,Open,K1AL_L1_CRCS_L_2026-06-04_1,2026-06-05 09:03:34,0
4b7f615a,cmm,Measurement,Produksi,CRCS L,K1AL L1,B018,Position To f & g,6,04 Jun 2026,1,0.346,,,,,Open,K1AL_L1_CRCS_L_2026-06-04_1,2026-06-05 09:03:34,0
cda71705,cmm,Measurement,Produksi,CRCS L,K1AL L1,B025,Position to d & e,2,04 Jun 2026,1,0.103,,,,,Open,K1AL_L1_CRCS_L_2026-06-04_1,2026-06-05 09:03:34,0
d779ee24,cmm,Measurement,Produksi,CRCS L,K1AL L1,B051,Posisi X,6,04 Jun 2026,1,-0.202,,,,,Open,K1AL_L1_CRCS_L_2026-06-04_1,2026-06-05 09:03:34,1
fee472f6,cmm,Measurement,Produksi,CRCS L,K1AL L1,B051,Posisi Y,6,04 Jun 2026,1,-0.202,,,,,Open,K1AL_L1_CRCS_L_2026-06-04_1,2026-06-05 09:03:34,1
627c4521,cmm,Measurement,Produksi,CRCS L,K1AL L1,B073,Posisi X,6,04 Jun 2026,1,-0.203,,,,,Open,K1AL_L1_CRCS_L_2026-06-04_1,2026-06-05 09:03:34,1
6b0086c2,cmm,Measurement,Produksi,CRCS L,K1AL L1,B073,Posisi Y,6,04 Jun 2026,1,-0.203,,,,,Open,K1AL_L1_CRCS_L_2026-06-04_1,2026-06-05 09:03:34,0
ba81281f,cmm,Measurement,Produksi,CRCS L,K1AL L3,A006,Concentricity to m,3A,04 Jun 2026,1,0.06,,,,,Open,K1AL_L3_CRCS_L_2026-06-04_1,2026-06-05 09:10:42,0
dfc75182,cmm,Measurement,Produksi,CRCS L,K1AL L3,A006,Concentricity to m,3B,04 Jun 2026,1,0.032,,,,,Open,K1AL_L3_CRCS_L_2026-06-04_1,2026-06-05 09:10:42,0
c4c3d2d5,cmm,Measurement,Produksi,CRCS L,K1AL L3,A151,Posisi X Drill 6.45,3A,04 Jun 2026,1,0.209,,,,,Open,K1AL_L3_CRCS_L_2026-06-04_1,2026-06-05 09:10:42,1
2d5675b3,cmm,Measurement,Produksi,CRCS L,K1AL L3,A151,Posisi Y Drill 6.45,3A,04 Jun 2026,1,0.209,,,,,Open,K1AL_L3_CRCS_L_2026-06-04_1,2026-06-05 09:10:42,0
a0ac8590,cmm,Measurement,Produksi,CRCS L,K1AL L3,A153,Posisi X,3A,04 Jun 2026,1,0.273,,,,,Open,K1AL_L3_CRCS_L_2026-06-04_1,2026-06-05 09:10:42,1
c14fb182,cmm,Measurement,Produksi,CRCS L,K1AL L3,A153,Posisi Y,3A,04 Jun 2026,1,0.273,,,,,Open,K1AL_L3_CRCS_L_2026-06-04_1,2026-06-05 09:10:42,1
97175e24,cmm,Measurement,Produksi,CRCS L,K1AL L3,A154,Posisi X,3A,04 Jun 2026,1,0.389,,,,,Open,K1AL_L3_CRCS_L_2026-06-04_1,2026-06-05 09:10:43,1
f1b89001,cmm,Measurement,Produksi,CRCS L,K1AL L3,A154,Posisi X,3B,04 Jun 2026,1,0.207,,,,,Open,K1AL_L3_CRCS_L_2026-06-04_1,2026-06-05 09:10:43,1
94b19042,cmm,Measurement,Produksi,CRCS L,K1AL L3,A154,Posisi Y,3A,04 Jun 2026,1,0.389,,,,,Open,K1AL_L3_CRCS_L_2026-06-04_1,2026-06-05 09:10:43,0
d3bdab36,cmm,Measurement,Produksi,CRCS L,K1AL L3,A154,Posisi Y,3B,04 Jun 2026,1,0.207,,,,,Open,K1AL_L3_CRCS_L_2026-06-04_1,2026-06-05 09:10:43,0
92f191e2,cmm,Measurement,Produksi,CRCS L,K1AL L3,A155,Posisi X,3A,04 Jun 2026,1,0.37,,,,,Open,K1AL_L3_CRCS_L_2026-06-04_1,2026-06-05 09:10:43,0
361dbb93,cmm,Measurement,Produksi,CRCS L,K1AL L3,A155,Posisi X,3B,04 Jun 2026,1,0.253,,,,,Open,K1AL_L3_CRCS_L_2026-06-04_1,2026-06-05 09:10:43,0
c5532465,cmm,Measurement,Produksi,CRCS L,K1AL L3,A155,Posisi Y,3A,04 Jun 2026,1,0.37,,,,,Open,K1AL_L3_CRCS_L_2026-06-04_1,2026-06-05 09:10:43,1
2c293ceb,cmm,Measurement,Produksi,CRCS L,K1AL L3,A155,Posisi Y,3B,04 Jun 2026,1,0.253,,,,,Open,K1AL_L3_CRCS_L_2026-06-04_1,2026-06-05 09:10:43,0
5c5efa29,cmm,Measurement,Produksi,CRCS L,K1AL L3,A156,Posisi X,3A,04 Jun 2026,1,0.314,,,,,Open,K1AL_L3_CRCS_L_2026-06-04_1,2026-06-05 09:10:43,1
f347ba2d,cmm,Measurement,Produksi,CRCS L,K1AL L3,A156,Posisi Y,3A,04 Jun 2026,1,0.314,,,,,Open,K1AL_L3_CRCS_L_2026-06-04_1,2026-06-05 09:10:43,0
82b189cf,cmm,Measurement,Produksi,CRCS L,K1AL L3,A160,Posisi X,3A,04 Jun 2026,1,0.371,,,,,Open,K1AL_L3_CRCS_L_2026-06-04_1,2026-06-05 09:10:43,1
e447b221,cmm,Measurement,Produksi,CRCS L,K1AL L3,A160,Posisi Y,3A,04 Jun 2026,1,0.371,,,,,Open,K1AL_L3_CRCS_L_2026-06-04_1,2026-06-05 09:10:43,0
1b112c19,cmm,Measurement,Produksi,CRCS L,K1AL L3,B011,Posisi X Reamer 8H8,3B,04 Jun 2026,1,-0.1,,,,,Open,K1AL_L3_CRCS_L_2026-06-04_1,2026-06-05 09:10:43,0
0ec84a1b,cmm,Measurement,Produksi,CRCS L,K1AL L3,B011,Posisi Y Reamer 8H8,3B,04 Jun 2026,1,-0.1,,,,,Open,K1AL_L3_CRCS_L_2026-06-04_1,2026-06-05 09:10:43,0
5815aca3,cmm,Measurement,Produksi,CRCS L,K1AL L3,B017,Position To f & g,3A,04 Jun 2026,1,0.215,,,,,Open,K1AL_L3_CRCS_L_2026-06-04_1,2026-06-05 09:10:43,0
75a8f096,cmm,Measurement,Produksi,CRCS L,K1AL L3,B018,Distance From B027,3B,04 Jun 2026,1,-0.115,,,,,Open,K1AL_L3_CRCS_L_2026-06-04_1,2026-06-05 09:10:43,0
5b1af0be,cmm,Measurement,Produksi,CRCS L,K1AL L3,B018,Position To f & g,3A,04 Jun 2026,1,0.475,,,,,Open,K1AL_L3_CRCS_L_2026-06-04_1,2026-06-05 09:10:43,0
e803e13d,cmm,Measurement,Produksi,CRCS L,K1AL L3,B018,Position To f & g,3B,04 Jun 2026,1,0.491,,,,,Open,K1AL_L3_CRCS_L_2026-06-04_1,2026-06-05 09:10:43,0
dfa62666,cmm,Measurement,Produksi,CRCS L,K1AL L3,B053,Posisi X,3A,04 Jun 2026,1,-0.287,,,,,Open,K1AL_L3_CRCS_L_2026-06-04_1,2026-06-05 09:10:44,1
14c25cd9,cmm,Measurement,Produksi,CRCS L,K1AL L3,B053,Posisi X,3B,04 Jun 2026,1,-0.242,,,,,Open,K1AL_L3_CRCS_L_2026-06-04_1,2026-06-05 09:10:44,1
bc9723f6,cmm,Measurement,Produksi,CRCS L,K1AL L3,B053,Posisi Y,3A,04 Jun 2026,1,-0.287,,,,,Open,K1AL_L3_CRCS_L_2026-06-04_1,2026-06-05 09:10:44,0
c1c0fe09,cmm,Measurement,Produksi,CRCS L,K1AL L3,B053,Posisi Y,3B,04 Jun 2026,1,-0.242,,,,,Open,K1AL_L3_CRCS_L_2026-06-04_1,2026-06-05 09:10:44,1
a2a74344,cmm,Measurement,Produksi,CRCS L,K1AL L3,B055,Posisi X,3A,04 Jun 2026,1,0.257,,,,,Open,K1AL_L3_CRCS_L_2026-06-04_1,2026-06-05 09:10:44,1
194ecd0d,cmm,Measurement,Produksi,CRCS L,K1AL L3,B055,Posisi Y,3A,04 Jun 2026,1,0.257,,,,,Open,K1AL_L3_CRCS_L_2026-06-04_1,2026-06-05 09:10:44,0
58a0e5c6,cmm,Measurement,Produksi,CRCS L,K1AL L3,B080,Posisi X Reamer 8H8,3A,04 Jun 2026,1,0.101,,,,,Open,K1AL_L3_CRCS_L_2026-06-04_1,2026-06-05 09:10:44,1
ca7468ba,cmm,Measurement,Produksi,CRCS L,K1AL L3,B080,Posisi Y Reamer 8H8,3A,04 Jun 2026,1,0.101,,,,,Open,K1AL_L3_CRCS_L_2026-06-04_1,2026-06-05 09:10:44,0
457f051e,cmm,Measurement,Produksi,CRCS L,K1AL L3,B081,Posisi X From B080,3B,04 Jun 2026,1,-0.154,,,,,Open,K1AL_L3_CRCS_L_2026-06-04_1,2026-06-05 09:10:44,1
0ca4251e,cmm,Measurement,Produksi,CRCS L,K1AL L3,B081,Posisi Y From B080,3B,04 Jun 2026,1,-0.154,,,,,Open,K1AL_L3_CRCS_L_2026-06-04_1,2026-06-05 09:10:44,0
3b956383,cmm,Measurement,Produksi,CRCS R,K1AL L1,C000,Flatness adjacent bosses,1,04 Jun 2026,1,0.034,,,,,Open,K1AL_L1_CRCS_R_2026-06-04_1,2026-06-05 09:22:10,0
139af683,cmm,Measurement,Produksi,CRCS R,K1AL L1,C016,Posisi X,1,04 Jun 2026,1,0.179,,,,,Open,K1AL_L1_CRCS_R_2026-06-04_1,2026-06-05 09:22:10,1
c9d9e277,cmm,Measurement,Produksi,CRCS R,K1AL L1,C016,Posisi X,2,04 Jun 2026,1,0.173,,,,,Open,K1AL_L1_CRCS_R_2026-06-04_1,2026-06-05 09:22:10,1
27cfbbe0,cmm,Measurement,Produksi,CRCS R,K1AL L1,C016,Posisi X,4,04 Jun 2026,1,0.193,,,,,Open,K1AL_L1_CRCS_R_2026-06-04_1,2026-06-05 09:22:10,1
c180add7,cmm,Measurement,Produksi,CRCS R,K1AL L1,C016,Distance 01,1,04 Jun 2026,1,0.188,,,,,Open,K1AL_L1_CRCS_R_2026-06-04_1,2026-06-05 09:22:10,0
9bca73c6,cmm,Measurement,Produksi,CRCS R,K1AL L1,C016,Distance 01,2,04 Jun 2026,1,0.188,,,,,Open,K1AL_L1_CRCS_R_2026-06-04_1,2026-06-05 09:22:10,1
7fb7b44c,cmm,Measurement,Produksi,CRCS R,K1AL L1,C016,Distance 01,4,04 Jun 2026,1,0.207,,,,,Open,K1AL_L1_CRCS_R_2026-06-04_1,2026-06-05 09:22:10,0
a1d95cc6,cmm,Measurement,Produksi,CRCS R,K1AL L1,C016,Distance 01,6,04 Jun 2026,1,0.103,,,,,Open,K1AL_L1_CRCS_R_2026-06-04_1,2026-06-05 09:22:10,0
77e6f2ce,cmm,Measurement,Produksi,CRCS R,K1AL L1,C030,Posisi X,1,04 Jun 2026,1,0.056,,,,,Open,K1AL_L1_CRCS_R_2026-06-04_1,2026-06-05 09:22:10,1
a1ac60bf,cmm,Measurement,Produksi,CRCS R,K1AL L1,C030,Posisi Y,1,04 Jun 2026,1,0.056,,,,,Open,K1AL_L1_CRCS_R_2026-06-04_1,2026-06-05 09:22:10,0
c81a695b,cmm,Measurement,Produksi,CRCS R,K1AL L1,C159,Posisi X,1,04 Jun 2026,1,0.124,,,,,Open,K1AL_L1_CRCS_R_2026-06-04_1,2026-06-05 09:22:10,0
81173b14,cmm,Measurement,Produksi,CRCS R,K1AL L1,C159,Posisi X,4,04 Jun 2026,1,0.116,,,,,Open,K1AL_L1_CRCS_R_2026-06-04_1,2026-06-05 09:22:10,0
3dbe20d1,cmm,Measurement,Produksi,CRCS R,K1AL L1,C159,Posisi X,6,04 Jun 2026,1,0.119,,,,,Open,K1AL_L1_CRCS_R_2026-06-04_1,2026-06-05 09:22:10,0
c88608e8,cmm,Measurement,Produksi,CRCS R,K1AL L1,D005,Concentricity to f,1,04 Jun 2026,1,0.177,,,,,Open,K1AL_L1_CRCS_R_2026-06-04_1,2026-06-05 09:22:10,1
3d8cee83,cmm,Measurement,Produksi,CRCS R,K1AL L1,D005,Concentricity to f,2,04 Jun 2026,1,0.219,,,,,Open,K1AL_L1_CRCS_R_2026-06-04_1,2026-06-05 09:22:10,0
8ac2fd21,cmm,Measurement,Produksi,CRCS R,K1AL L1,D005,Concentricity to f,3,04 Jun 2026,1,0.106,,,,,Open,K1AL_L1_CRCS_R_2026-06-04_1,2026-06-05 09:22:10,1
5faebfc5,cmm,Measurement,Produksi,CRCS R,K1AL L1,D005,Concentricity to f,4,04 Jun 2026,1,0.166,,,,,Open,K1AL_L1_CRCS_R_2026-06-04_1,2026-06-05 09:22:10,1
e5a785f9,cmm,Measurement,Produksi,CRCS R,K1AL L1,D005,Concentricity to f,5,04 Jun 2026,1,0.151,,,,,Open,K1AL_L1_CRCS_R_2026-06-04_1,2026-06-05 09:22:10,0
e914d555,cmm,Measurement,Produksi,CRCS R,K1AL L1,D015,Angle From D014,1,04 Jun 2026,1,0.709,,,,,Open,K1AL_L1_CRCS_R_2026-06-04_1,2026-06-05 09:22:10,0
44a5b026,cmm,Measurement,Produksi,CRCS R,K1AL L1,D015,Angle From D014,2,04 Jun 2026,1,0.547,,,,,Open,K1AL_L1_CRCS_R_2026-06-04_1,2026-06-05 09:22:10,0
69772524,cmm,Measurement,Produksi,CRCS R,K1AL L1,D015,Angle From D014,4,04 Jun 2026,1,0.578,,,,,Open,K1AL_L1_CRCS_R_2026-06-04_1,2026-06-05 09:22:10,0
0a4b8093,cmm,Measurement,Produksi,CRCS R,K1AL L1,D015,Angle From D014,5,04 Jun 2026,1,0.606,,,,,Open,K1AL_L1_CRCS_R_2026-06-04_1,2026-06-05 09:22:10,0
1a56cc2b,cmm,Measurement,Produksi,CRCS R,K1AL L1,D033,Distance From D032,1,04 Jun 2026,1,-0.389,,,,,Open,K1AL_L1_CRCS_R_2026-06-04_1,2026-06-05 09:22:10,0
61a4acc9,cmm,Measurement,Produksi,CRCS R,K1AL L1,D033,Distance From D032,2,04 Jun 2026,1,-0.489,,,,,Open,K1AL_L1_CRCS_R_2026-06-04_1,2026-06-05 09:22:11,0
1b094af1,cmm,Measurement,Produksi,CRCS R,K1AL L1,D033,Distance From D032,4,04 Jun 2026,1,-0.479,,,,,Open,K1AL_L1_CRCS_R_2026-06-04_1,2026-06-05 09:22:11,0
d5fd8ae6,cmm,Measurement,Produksi,CRCS R,K1AL L1,D033,Distance From D032,5,04 Jun 2026,1,-0.468,,,,,Open,K1AL_L1_CRCS_R_2026-06-04_1,2026-06-05 09:22:11,0
ee28b001,cmm,Measurement,Produksi,CRCS R,K1AL L1,D087,Posisi X,1,04 Jun 2026,1,-0.379,,,,,Open,K1AL_L1_CRCS_R_2026-06-04_1,2026-06-05 09:22:11,1
c400dbaa,cmm,Measurement,Produksi,CRCS R,K1AL L1,D087,Posisi X,4,04 Jun 2026,1,-0.369,,,,,Open,K1AL_L1_CRCS_R_2026-06-04_1,2026-06-05 09:22:11,0
ed8322ae,cmm,Measurement,Produksi,CRCS R,K1AL L1,D087,Posisi X,6,04 Jun 2026,1,-0.409,,,,,Open,K1AL_L1_CRCS_R_2026-06-04_1,2026-06-05 09:22:11,0
9a0002bb,cmm,Measurement,Produksi,CRCS R,K1AL L1,D087,Posisi Y,1,04 Jun 2026,1,-0.379,,,,,Open,K1AL_L1_CRCS_R_2026-06-04_1,2026-06-05 09:22:11,1
6cb36489,cmm,Measurement,Produksi,CRCS R,K1AL L1,D087,Posisi Y,4,04 Jun 2026,1,-0.369,,,,,Open,K1AL_L1_CRCS_R_2026-06-04_1,2026-06-05 09:22:11,1
cbddb64d,cmm,Measurement,Produksi,CRCS R,K1AL L1,D087,Posisi Y,6,04 Jun 2026,1,-0.409,,,,,Open,K1AL_L1_CRCS_R_2026-06-04_1,2026-06-05 09:22:11,1
03474236,cmm,Measurement,Produksi,CRCS R,K1AL L1,D087,Posisi Z,1,04 Jun 2026,1,-0.379,,,,,Open,K1AL_L1_CRCS_R_2026-06-04_1,2026-06-05 09:22:11,1
6a7b71bf,cmm,Measurement,Produksi,CRCS R,K1AL L1,D087,Posisi Z,4,04 Jun 2026,1,-0.369,,,,,Open,K1AL_L1_CRCS_R_2026-06-04_1,2026-06-05 09:22:11,0
3c62d65a,cmm,Measurement,Produksi,CRCS R,K1AL L1,D087,Posisi Z,6,04 Jun 2026,1,-0.409,,,,,Open,K1AL_L1_CRCS_R_2026-06-04_1,2026-06-05 09:22:11,0
9a68ad55,cmm,Measurement,Produksi,CRCS R,K1AL L1,D090,Posisi X,1,04 Jun 2026,1,-0.27,,,,,Open,K1AL_L1_CRCS_R_2026-06-04_1,2026-06-05 09:22:11,1
f0fe0869,cmm,Measurement,Produksi,CRCS R,K1AL L1,D090,Posisi X,3,04 Jun 2026,1,-0.278,,,,,Open,K1AL_L1_CRCS_R_2026-06-04_1,2026-06-05 09:22:11,0
4813526d,cmm,Measurement,Produksi,CRCS R,K1AL L1,D090,Posisi X,5,04 Jun 2026,1,-0.235,,,,,Open,K1AL_L1_CRCS_R_2026-06-04_1,2026-06-05 09:22:11,0
efe4ee46,cmm,Measurement,Produksi,CRCS R,K1AL L1,D090,Posisi X,6,04 Jun 2026,1,-0.23,,,,,Open,K1AL_L1_CRCS_R_2026-06-04_1,2026-06-05 09:22:11,1
cf06d336,cmm,Measurement,Produksi,CRCS R,K1AL L1,D090,Posisi Y,1,04 Jun 2026,1,-0.27,,,,,Open,K1AL_L1_CRCS_R_2026-06-04_1,2026-06-05 09:22:11,0
a65070b5,cmm,Measurement,Produksi,CRCS R,K1AL L1,D090,Posisi Y,3,04 Jun 2026,1,-0.278,,,,,Open,K1AL_L1_CRCS_R_2026-06-04_1,2026-06-05 09:22:11,0
535d8e06,cmm,Measurement,Produksi,CRCS R,K1AL L1,D090,Posisi Y,5,04 Jun 2026,1,-0.235,,,,,Open,K1AL_L1_CRCS_R_2026-06-04_1,2026-06-05 09:22:11,0
a4fed322,cmm,Measurement,Produksi,CRCS R,K1AL L1,D090,Posisi Y,6,04 Jun 2026,1,-0.23,,,,,Open,K1AL_L1_CRCS_R_2026-06-04_1,2026-06-05 09:22:11,0
cd9e9dcf,cmm,Measurement,Produksi,CRCS R,K1AL L1,D092,Posisi X,3,04 Jun 2026,1,-0.226,,,,,Open,K1AL_L1_CRCS_R_2026-06-04_1,2026-06-05 09:22:11,1
6ed20066,cmm,Measurement,Produksi,CRCS R,K1AL L1,D092,Posisi Y,3,04 Jun 2026,1,-0.226,,,,,Open,K1AL_L1_CRCS_R_2026-06-04_1,2026-06-05 09:22:11,1
90fb402f,cmm,Measurement,Produksi,CRCS R,K1AL L1,C016,Diameter,9,10 Apr 2026,2,0.359,,,,,Open,K1AL_L1_CRCS_R_2026-04-10_2,2026-06-05 09:22:38,1
7e24fb83,cmm,Measurement,Produksi,CRCS R,K1AL L1,C016,Diameter,11,10 Apr 2026,2,0.344,,,,,Open,K1AL_L1_CRCS_R_2026-04-10_2,2026-06-05 09:22:38,1
3e69d3f7,cmm,Measurement,Produksi,CRCS R,K1AL L1,C016,Posisi X,7,10 Apr 2026,2,0.155,,,,,Open,K1AL_L1_CRCS_R_2026-04-10_2,2026-06-05 09:22:38,1
ba5b2e72,cmm,Measurement,Produksi,CRCS R,K1AL L1,C016,Posisi X,8,10 Apr 2026,2,0.193,,,,,Open,K1AL_L1_CRCS_R_2026-04-10_2,2026-06-05 09:22:38,1
a82b5d03,cmm,Measurement,Produksi,CRCS R,K1AL L1,C016,Posisi X,9,10 Apr 2026,2,0.359,,,,,Open,K1AL_L1_CRCS_R_2026-04-10_2,2026-06-05 09:22:38,1
3bef092b,cmm,Measurement,Produksi,CRCS R,K1AL L1,C016,Posisi X,10,10 Apr 2026,2,0.279,,,,,Open,K1AL_L1_CRCS_R_2026-04-10_2,2026-06-05 09:22:38,1
ee71555a,cmm,Measurement,Produksi,CRCS R,K1AL L1,C016,Posisi X,11,10 Apr 2026,2,0.344,,,,,Open,K1AL_L1_CRCS_R_2026-04-10_2,2026-06-05 09:22:38,1
4a972bec,cmm,Measurement,Produksi,CRCS R,K1AL L1,C016,Posisi Y,9,10 Apr 2026,2,0.359,,,,,Open,K1AL_L1_CRCS_R_2026-04-10_2,2026-06-05 09:22:38,1
54589b7e,cmm,Measurement,Produksi,CRCS R,K1AL L1,C016,Posisi Y,10,10 Apr 2026,2,0.279,,,,,Open,K1AL_L1_CRCS_R_2026-04-10_2,2026-06-05 09:22:38,1
25cd9f5a,cmm,Measurement,Produksi,CRCS R,K1AL L1,C016,Posisi Y,11,10 Apr 2026,2,0.344,,,,,Open,K1AL_L1_CRCS_R_2026-04-10_2,2026-06-05 09:22:38,1
ef09d2a3,cmm,Measurement,Produksi,CRCS R,K1AL L1,C016,Distance 01,7,10 Apr 2026,2,0.173,,,,,Open,K1AL_L1_CRCS_R_2026-04-10_2,2026-06-05 09:22:38,1
f683af19,cmm,Measurement,Produksi,CRCS R,K1AL L1,C016,Distance 01,8,10 Apr 2026,2,0.202,,,,,Open,K1AL_L1_CRCS_R_2026-04-10_2,2026-06-05 09:22:38,1
1c3c7292,cmm,Measurement,Produksi,CRCS R,K1AL L1,C016,Distance 01,9,10 Apr 2026,2,0.383,,,,,Open,K1AL_L1_CRCS_R_2026-04-10_2,2026-06-05 09:22:38,1
41b5329e,cmm,Measurement,Produksi,CRCS R,K1AL L1,C016,Distance 01,10,10 Apr 2026,2,0.309,,,,,Open,K1AL_L1_CRCS_R_2026-04-10_2,2026-06-05 09:22:38,1
59860b5a,cmm,Measurement,Produksi,CRCS R,K1AL L1,C016,Distance 01,11,10 Apr 2026,2,0.354,,,,,Open,K1AL_L1_CRCS_R_2026-04-10_2,2026-06-05 09:22:38,1
3ca23cf7,cmm,Measurement,Produksi,CRCS R,K1AL L1,C030,Posisi X,9,10 Apr 2026,2,0.055,,,,,Open,K1AL_L1_CRCS_R_2026-04-10_2,2026-06-05 09:22:38,1
c29d0076,cmm,Measurement,Produksi,CRCS R,K1AL L1,C030,Posisi Y,9,10 Apr 2026,2,0.055,,,,,Open,K1AL_L1_CRCS_R_2026-04-10_2,2026-06-05 09:22:38,1
f671b87d,cmm,Measurement,Produksi,CRCS R,K1AL L1,C159,Posisi X,7,10 Apr 2026,2,-0.105,,,,,Open,K1AL_L1_CRCS_R_2026-04-10_2,2026-06-05 09:22:38,1
8fcc8ce1,cmm,Measurement,Produksi,CRCS R,K1AL L1,C160,Posisi X,9,10 Apr 2026,2,0.205,,,,,Open,K1AL_L1_CRCS_R_2026-04-10_2,2026-06-05 09:22:38,1
e3b97858,cmm,Measurement,Produksi,CRCS R,K1AL L1,C160,Posisi Y,9,10 Apr 2026,2,0.205,,,,,Open,K1AL_L1_CRCS_R_2026-04-10_2,2026-06-05 09:22:38,1
cfe33379,cmm,Measurement,Produksi,CRCS R,K1AL L1,C163,Posisi X,8,10 Apr 2026,2,0.208,,,,,Open,K1AL_L1_CRCS_R_2026-04-10_2,2026-06-05 09:22:38,1
6ff86764,cmm,Measurement,Produksi,CRCS R,K1AL L1,C163,Posisi Y,8,10 Apr 2026,2,0.208,,,,,Open,K1AL_L1_CRCS_R_2026-04-10_2,2026-06-05 09:22:38,1
54092b0f,cmm,Measurement,Produksi,CRCS R,K1AL L1,D005,Concentricity to f,7,10 Apr 2026,2,0.258,,,,,Open,K1AL_L1_CRCS_R_2026-04-10_2,2026-06-05 09:22:38,1
ed85512e,cmm,Measurement,Produksi,CRCS R,K1AL L1,D005,Concentricity to f,8,10 Apr 2026,2,0.107,,,,,Open,K1AL_L1_CRCS_R_2026-04-10_2,2026-06-05 09:22:38,1
e709d259,cmm,Measurement,Produksi,CRCS R,K1AL L1,D005,Concentricity to f,10,10 Apr 2026,2,0.141,,,,,Open,K1AL_L1_CRCS_R_2026-04-10_2,2026-06-05 09:22:38,1
23ea8988,cmm,Measurement,Produksi,CRCS R,K1AL L1,D005,Concentricity to f,11,10 Apr 2026,2,0.225,,,,,Open,K1AL_L1_CRCS_R_2026-04-10_2,2026-06-05 09:22:38,1
caaeabd4,cmm,Measurement,Produksi,CRCS R,K1AL L1,D033,Distance From D032,7,10 Apr 2026,2,0.269,,,,,Open,K1AL_L1_CRCS_R_2026-04-10_2,2026-06-05 09:22:38,1
bf5f591c,cmm,Measurement,Produksi,CRCS R,K1AL L1,D033,Distance From D032,11,10 Apr 2026,2,0.217,,,,,Open,K1AL_L1_CRCS_R_2026-04-10_2,2026-06-05 09:22:38,1
d6d62829,cmm,Measurement,Produksi,CRCS R,K1AL L1,D087,Angle 2,9,10 Apr 2026,2,-3.044,,,,,Open,K1AL_L1_CRCS_R_2026-04-10_2,2026-06-05 09:22:38,1
1621637d,cmm,Measurement,Produksi,CRCS R,K1AL L1,D087,Posisi X,9,10 Apr 2026,2,-0.399,,,,,Open,K1AL_L1_CRCS_R_2026-04-10_2,2026-06-05 09:22:38,1
65bdd831,cmm,Measurement,Produksi,CRCS R,K1AL L1,D087,Posisi X,10,10 Apr 2026,2,-0.417,,,,,Open,K1AL_L1_CRCS_R_2026-04-10_2,2026-06-05 09:22:39,1
ccc8eab6,cmm,Measurement,Produksi,CRCS R,K1AL L1,D087,Posisi Y,9,10 Apr 2026,2,-0.399,,,,,Open,K1AL_L1_CRCS_R_2026-04-10_2,2026-06-05 09:22:39,1
3b38bc8a,cmm,Measurement,Produksi,CRCS R,K1AL L1,D087,Posisi Y,10,10 Apr 2026,2,-0.417,,,,,Open,K1AL_L1_CRCS_R_2026-04-10_2,2026-06-05 09:22:39,1
a44d0fc0,cmm,Measurement,Produksi,CRCS R,K1AL L1,D087,Posisi Z,9,10 Apr 2026,2,-0.399,,,,,Open,K1AL_L1_CRCS_R_2026-04-10_2,2026-06-05 09:22:39,1
c4b4ff0c,cmm,Measurement,Produksi,CRCS R,K1AL L1,D087,Posisi Z,10,10 Apr 2026,2,-0.417,,,,,Open,K1AL_L1_CRCS_R_2026-04-10_2,2026-06-05 09:22:39,1
3730bcb4,cmm,Measurement,Produksi,CRCS R,K1AL L1,D093,Posisi X,7,10 Apr 2026,2,0.204,,,,,Open,K1AL_L1_CRCS_R_2026-04-10_2,2026-06-05 09:22:39,1
b182b1d5,cmm,Measurement,Produksi,CRCS R,K1AL L1,D093,Posisi X,10,10 Apr 2026,2,0.23,,,,,Open,K1AL_L1_CRCS_R_2026-04-10_2,2026-06-05 09:22:39,1
59fd3eb9,cmm,Measurement,Produksi,CRCS R,K1AL L1,D093,Posisi Y,7,10 Apr 2026,2,0.204,,,,,Open,K1AL_L1_CRCS_R_2026-04-10_2,2026-06-05 09:22:39,1
5239a530,cmm,Measurement,Produksi,CRCS R,K1AL L1,D093,Posisi Y,10,10 Apr 2026,2,0.23,,,,,Open,K1AL_L1_CRCS_R_2026-04-10_2,2026-06-05 09:22:39,1
47202e81,cmm,Measurement,Produksi,CYL COMP,K2VJ,J151,POSITION X,AL,06 Mar 2026,1,-0.3456,,,,,Open,K2VJ_CYL_COMP_2026-03-06_1,2026-06-05 09:24:33,0
c56efc20,cmm,Measurement,Produksi,CYL COMP,K2VJ,J151,POSITION X,AR,06 Mar 2026,1,-0.3541,,,,,Open,K2VJ_CYL_COMP_2026-03-06_1,2026-06-05 09:24:33,0
943e23ce,cmm,Measurement,Produksi,CYL COMP,K2VJ,J151,POSITION X,CL,06 Mar 2026,1,-0.6424,,,,,Open,K2VJ_CYL_COMP_2026-03-06_1,2026-06-05 09:24:33,0
d9ac707e,cmm,Measurement,Produksi,CYL COMP,K2VJ,J151,POSITION X,CR,06 Mar 2026,1,-0.6073,,,,,Open,K2VJ_CYL_COMP_2026-03-06_1,2026-06-05 09:24:34,0
d74c8fbe,cmm,Measurement,Produksi,CYL COMP,K2VJ,J151,POSITION X,DL,06 Mar 2026,1,-0.756,,,,,Open,K2VJ_CYL_COMP_2026-03-06_1,2026-06-05 09:24:34,0
51942272,cmm,Measurement,Produksi,CYL COMP,K2VJ,J151,POSITION X,DR,06 Mar 2026,1,-0.7444,,,,,Open,K2VJ_CYL_COMP_2026-03-06_1,2026-06-05 09:24:34,0
de3c444f,cmm,Measurement,Produksi,CYL COMP,K2VJ,J151,POSITION X,EL,06 Mar 2026,1,-0.7465,,,,,Open,K2VJ_CYL_COMP_2026-03-06_1,2026-06-05 09:24:34,0
64946253,cmm,Measurement,Produksi,CYL COMP,K2VJ,J151,POSITION X,ER,06 Mar 2026,1,-0.7607,,,,,Open,K2VJ_CYL_COMP_2026-03-06_1,2026-06-05 09:24:34,0
61d81b2e,cmm,Measurement,Produksi,CYL COMP,K2VJ,J151,POSITION Y,BL,06 Mar 2026,1,-0.2255,,,,,Open,K2VJ_CYL_COMP_2026-03-06_1,2026-06-05 09:24:34,0
44cce9a7,cmm,Measurement,Produksi,CYL COMP,K2VJ,J151,POSITION Y,DL,06 Mar 2026,1,0.3851,,,,,Open,K2VJ_CYL_COMP_2026-03-06_1,2026-06-05 09:24:34,0
c9fc3221,cmm,Measurement,Produksi,CYL COMP,K2VJ,J151,POSITION Y,DR,06 Mar 2026,1,0.2526,,,,,Open,K2VJ_CYL_COMP_2026-03-06_1,2026-06-05 09:24:34,0
d8a921b8,cmm,Measurement,Produksi,CYL COMP,K2VJ,J152,POSITION X,AL,06 Mar 2026,1,0.2287,,,,,Open,K2VJ_CYL_COMP_2026-03-06_1,2026-06-05 09:24:34,0
ea16afb7,cmm,Measurement,Produksi,CYL COMP,K2VJ,J152,POSITION X,AR,06 Mar 2026,1,0.2321,,,,,Open,K2VJ_CYL_COMP_2026-03-06_1,2026-06-05 09:24:34,1
08eff915,cmm,Measurement,Produksi,CYL COMP,K2VJ,J152,POSITION X,CL,06 Mar 2026,1,0.5466,,,,,Open,K2VJ_CYL_COMP_2026-03-06_1,2026-06-05 09:24:34,0
363d6d03,cmm,Measurement,Produksi,CYL COMP,K2VJ,J152,POSITION X,CR,06 Mar 2026,1,0.4981,,,,,Open,K2VJ_CYL_COMP_2026-03-06_1,2026-06-05 09:24:34,0
6d34bbc1,cmm,Measurement,Produksi,CYL COMP,K2VJ,J152,POSITION X,DL,06 Mar 2026,1,0.6081,,,,,Open,K2VJ_CYL_COMP_2026-03-06_1,2026-06-05 09:24:34,0
4493cbf2,cmm,Measurement,Produksi,CYL COMP,K2VJ,J152,POSITION X,DR,06 Mar 2026,1,0.6049,,,,,Open,K2VJ_CYL_COMP_2026-03-06_1,2026-06-05 09:24:34,0
c405dcfe,cmm,Measurement,Produksi,CYL COMP,K2VJ,J152,POSITION X,EL,06 Mar 2026,1,0.5757,,,,,Open,K2VJ_CYL_COMP_2026-03-06_1,2026-06-05 09:24:34,1
bbe77b07,cmm,Measurement,Produksi,CYL COMP,K2VJ,J152,POSITION X,ER,06 Mar 2026,1,0.5905,,,,,Open,K2VJ_CYL_COMP_2026-03-06_1,2026-06-05 09:24:34,1
e3fffe1a,cmm,Measurement,Produksi,CYL COMP,K2VJ,J152,POSITION Y,AL,06 Mar 2026,1,-0.3328,,,,,Open,K2VJ_CYL_COMP_2026-03-06_1,2026-06-05 09:24:34,0
d62dc459,cmm,Measurement,Produksi,CYL COMP,K2VJ,J152,POSITION Y,AR,06 Mar 2026,1,-0.435,,,,,Open,K2VJ_CYL_COMP_2026-03-06_1,2026-06-05 09:24:34,0
45e733eb,cmm,Measurement,Produksi,CYL COMP,K2VJ,J152,POSITION Y,CL,06 Mar 2026,1,-0.3259,,,,,Open,K2VJ_CYL_COMP_2026-03-06_1,2026-06-05 09:24:34,0
c7bed120,cmm,Measurement,Produksi,CYL COMP,K2VJ,J152,POSITION Y,CR,06 Mar 2026,1,-0.234,,,,,Open,K2VJ_CYL_COMP_2026-03-06_1,2026-06-05 09:24:34,0
3153ec2c,cmm,Measurement,Produksi,CYL COMP,K2VJ,J152,POSITION Y,DL,06 Mar 2026,1,-0.3083,,,,,Open,K2VJ_CYL_COMP_2026-03-06_1,2026-06-05 09:24:34,0
0f857d14,cmm,Measurement,Produksi,CYL COMP,K2VJ,J152,POSITION Y,DR,06 Mar 2026,1,-0.3367,,,,,Open,K2VJ_CYL_COMP_2026-03-06_1,2026-06-05 09:24:34,0
0b28e3a5,cmm,Measurement,Produksi,CYL COMP,K2VJ,J152,POSITION Y,EL,06 Mar 2026,1,-0.4818,,,,,Open,K2VJ_CYL_COMP_2026-03-06_1,2026-06-05 09:24:34,1
a87a6fa2,cmm,Measurement,Produksi,CYL COMP,K2VJ,J152,POSITION Y,ER,06 Mar 2026,1,-0.5652,,,,,Open,K2VJ_CYL_COMP_2026-03-06_1,2026-06-05 09:24:34,0
9c8a7cda,cmm,Measurement,Produksi,CYL COMP,K2VJ,J163,POSITION X,AL,06 Mar 2026,1,-0.0544,,,,,Open,K2VJ_CYL_COMP_2026-03-06_1,2026-06-05 09:24:34,0
753d5216,cmm,Measurement,Produksi,CYL COMP,K2VJ,K301,POSITION X THD CENTER,BR,06 Mar 2026,1,0.207,,,,,Open,K2VJ_CYL_COMP_2026-03-06_1,2026-06-05 09:24:34,0
357a0d43,cmm,Measurement,Produksi,CYL COMP,K2VJ,K301,POSITION X THD CENTER,CL,06 Mar 2026,1,0.5584,,,,,Open,K2VJ_CYL_COMP_2026-03-06_1,2026-06-05 09:24:34,0
4c7ca529,cmm,Measurement,Produksi,CYL COMP,K2VJ,K301,POSITION X THD CENTER,CR,06 Mar 2026,1,0.4826,,,,,Open,K2VJ_CYL_COMP_2026-03-06_1,2026-06-05 09:24:34,1
3961f2fc,cmm,Measurement,Produksi,CYL COMP,K2VJ,K301,POSITION X THD CENTER,DL,06 Mar 2026,1,0.3662,,,,,Open,K2VJ_CYL_COMP_2026-03-06_1,2026-06-05 09:24:34,0
ac54f34f,cmm,Measurement,Produksi,CYL COMP,K2VJ,K301,POSITION X THD CENTER,DR,06 Mar 2026,1,0.3485,,,,,Open,K2VJ_CYL_COMP_2026-03-06_1,2026-06-05 09:24:34,1
d51e1974,cmm,Measurement,Produksi,CYL COMP,K2VJ,K301,POSITION X THD CENTER,EL,06 Mar 2026,1,0.4124,,,,,Open,K2VJ_CYL_COMP_2026-03-06_1,2026-06-05 09:24:34,0
49567317,cmm,Measurement,Produksi,CYL COMP,K2VJ,K301,POSITION X THD CENTER,ER,06 Mar 2026,1,0.4209,,,,,Open,K2VJ_CYL_COMP_2026-03-06_1,2026-06-05 09:24:34,0
c3ad75e9,cmm,Measurement,Produksi,CYL COMP,K2VJ,K301,POSITION Y,CL,06 Mar 2026,1,0.2204,,,,,Open,K2VJ_CYL_COMP_2026-03-06_1,2026-06-05 09:24:34,0
083f9fa0,cmm,Measurement,Produksi,CYL COMP,K2VJ,K301,POSITION Y,DL,06 Mar 2026,1,-0.227,,,,,Open,K2VJ_CYL_COMP_2026-03-06_1,2026-06-05 09:24:34,0
c675cdce,cmm,Measurement,Produksi,CYL COMP,K2VJ,K301,POSITION Y,DR,06 Mar 2026,1,-0.2645,,,,,Open,K2VJ_CYL_COMP_2026-03-06_1,2026-06-05 09:24:34,1
a36756dc,cmm,Measurement,Produksi,CYL COMP,K2VJ,K302,POSITION Y,CL,06 Mar 2026,1,0.2207,,,,,Open,K2VJ_CYL_COMP_2026-03-06_1,2026-06-05 09:24:34,0
4f95ae77,cmm,Measurement,Produksi,CYL COMP,K2VJ,K302,POSITION Y,CR,06 Mar 2026,1,0.2054,,,,,Open,K2VJ_CYL_COMP_2026-03-06_1,2026-06-05 09:24:34,0
6e39c206,cmm,Measurement,Produksi,CYL COMP,K2VJ,K302,POSITION Y,DL,06 Mar 2026,1,-0.2448,,,,,Open,K2VJ_CYL_COMP_2026-03-06_1,2026-06-05 09:24:34,0
9fd8ba76,cmm,Measurement,Produksi,CYL COMP,K2VJ,K302,POSITION Y,DR,06 Mar 2026,1,-0.3158,,,,,Open,K2VJ_CYL_COMP_2026-03-06_1,2026-06-05 09:24:34,1
52a092fd,cmm,Measurement,Produksi,CYL COMP,K2VJ,K303,POSITION X,CL,06 Mar 2026,1,0.2748,,,,,Open,K2VJ_CYL_COMP_2026-03-06_1,2026-06-05 09:24:34,0
d337070f,cmm,Measurement,Produksi,CYL COMP,K2VJ,K303,POSITION X,CR,06 Mar 2026,1,0.2529,,,,,Open,K2VJ_CYL_COMP_2026-03-06_1,2026-06-05 09:24:34,0
8c561ad9,cmm,Measurement,Produksi,CYL COMP,K2VJ,K303,POSITION X,EL,06 Mar 2026,1,-0.3422,,,,,Open,K2VJ_CYL_COMP_2026-03-06_1,2026-06-05 09:24:34,1
80334bb8,cmm,Measurement,Produksi,CYL COMP,K2VJ,K303,POSITION X,ER,06 Mar 2026,1,-0.386,,,,,Open,K2VJ_CYL_COMP_2026-03-06_1,2026-06-05 09:24:34,0
bfeac416,cmm,Measurement,Produksi,CYL COMP,K2VJ,K304,POSITION Y,AL,06 Mar 2026,1,-0.3175,,,,,Open,K2VJ_CYL_COMP_2026-03-06_1,2026-06-05 09:24:34,0
98a547fa,cmm,Measurement,Produksi,CYL COMP,K2VJ,K304,POSITION Y,AR,06 Mar 2026,1,-0.2966,,,,,Open,K2VJ_CYL_COMP_2026-03-06_1,2026-06-05 09:24:34,0
3165641b,cmm,Measurement,Produksi,CYL COMP,K2VJ,K304,POSITION Y,BR,06 Mar 2026,1,-0.2141,,,,,Open,K2VJ_CYL_COMP_2026-03-06_1,2026-06-05 09:24:34,0
0ea6d2cc,cmm,Measurement,Produksi,CYL COMP,K2VJ,K304,POSITION Y,DL,06 Mar 2026,1,-0.329,,,,,Open,K2VJ_CYL_COMP_2026-03-06_1,2026-06-05 09:24:34,0
2ecd4a54,cmm,Measurement,Produksi,CYL COMP,K2VJ,K304,POSITION Y,DR,06 Mar 2026,1,-0.3285,,,,,Open,K2VJ_CYL_COMP_2026-03-06_1,2026-06-05 09:24:34,0
b89d6abc,cmm,Measurement,Produksi,CYL COMP,K2VJ,K304,POSITION Y,EL,06 Mar 2026,1,-0.2812,,,,,Open,K2VJ_CYL_COMP_2026-03-06_1,2026-06-05 09:24:34,0
f07d51db,cmm,Measurement,Produksi,CYL COMP,K2VJ,K304,POSITION Y,ER,06 Mar 2026,1,-0.326,,,,,Open,K2VJ_CYL_COMP_2026-03-06_1,2026-06-05 09:24:34,0
6a374f71,cmm,Measurement,Produksi,CYL COMP,K2VJ,K304,POSITION X,CL,06 Mar 2026,1,-0.4028,,,,,Open,K2VJ_CYL_COMP_2026-03-06_1,2026-06-05 09:24:34,0
e8a91805,cmm,Measurement,Produksi,CYL COMP,K2VJ,K304,POSITION X,CR,06 Mar 2026,1,-0.3853,,,,,Open,K2VJ_CYL_COMP_2026-03-06_1,2026-06-05 09:24:35,0
ed25254e,cmm,Measurement,Produksi,CYL COMP,K2VJ,K304,POSITION X,DL,06 Mar 2026,1,-0.5122,,,,,Open,K2VJ_CYL_COMP_2026-03-06_1,2026-06-05 09:24:35,0
c5186634,cmm,Measurement,Produksi,CYL COMP,K2VJ,K304,POSITION X,DR,06 Mar 2026,1,-0.452,,,,,Open,K2VJ_CYL_COMP_2026-03-06_1,2026-06-05 09:24:35,0
a5607734,cmm,Measurement,Produksi,CYL COMP,K2VJ,K304,POSITION X,EL,06 Mar 2026,1,-0.2321,,,,,Open,K2VJ_CYL_COMP_2026-03-06_1,2026-06-05 09:24:35,0
9e5483ce,cmm,Measurement,Produksi,CYL COMP,K2VJ,K305,POSITION X,AL,06 Mar 2026,1,-0.4149,,,,,Open,K2VJ_CYL_COMP_2026-03-06_1,2026-06-05 09:24:35,0
7005604c,cmm,Measurement,Produksi,CYL COMP,K2VJ,K305,POSITION X,AR,06 Mar 2026,1,-0.378,,,,,Open,K2VJ_CYL_COMP_2026-03-06_1,2026-06-05 09:24:35,0
5f94180a,cmm,Measurement,Produksi,CYL COMP,K2VJ,K305,POSITION X,BL,06 Mar 2026,1,-0.5028,,,,,Open,K2VJ_CYL_COMP_2026-03-06_1,2026-06-05 09:24:35,1
77830b89,cmm,Measurement,Produksi,CYL COMP,K2VJ,K305,POSITION X,BR,06 Mar 2026,1,-0.5613,,,,,Open,K2VJ_CYL_COMP_2026-03-06_1,2026-06-05 09:24:35,0
74112de5,cmm,Measurement,Produksi,CYL COMP,K2VJ,K305,POSITION X,CL,06 Mar 2026,1,-0.3658,,,,,Open,K2VJ_CYL_COMP_2026-03-06_1,2026-06-05 09:24:35,1
543c37da,cmm,Measurement,Produksi,CYL COMP,K2VJ,K305,POSITION X,CR,06 Mar 2026,1,-0.3268,,,,,Open,K2VJ_CYL_COMP_2026-03-06_1,2026-06-05 09:24:35,0
b6055de6,cmm,Measurement,Produksi,CYL COMP,K2VJ,K305,POSITION X,DL,06 Mar 2026,1,-0.6402,,,,,Open,K2VJ_CYL_COMP_2026-03-06_1,2026-06-05 09:24:35,0
306f04b7,cmm,Measurement,Produksi,CYL COMP,K2VJ,K305,POSITION X,DR,06 Mar 2026,1,-0.6644,,,,,Open,K2VJ_CYL_COMP_2026-03-06_1,2026-06-05 09:24:35,0
a2569b07,cmm,Measurement,Produksi,CYL COMP,K2VJ,K305,POSITION X,EL,06 Mar 2026,1,-0.6746,,,,,Open,K2VJ_CYL_COMP_2026-03-06_1,2026-06-05 09:24:35,0
8d1bd5a5,cmm,Measurement,Produksi,CYL COMP,K2VJ,K305,POSITION X,ER,06 Mar 2026,1,-0.7176,,,,,Open,K2VJ_CYL_COMP_2026-03-06_1,2026-06-05 09:24:35,0
0f72d330,cmm,Measurement,Produksi,CYL COMP,K2VJ,K305,POSITION Y THD FACE HEAD,CR,06 Mar 2026,1,-0.2083,,,,,Open,K2VJ_CYL_COMP_2026-03-06_1,2026-06-05 09:24:35,0
7aae76ff,cmm,Measurement,Produksi,CYL COMP,K2VJ,K305,POSITION Y,EL,06 Mar 2026,1,-0.2209,,,,,Open,K2VJ_CYL_COMP_2026-03-06_1,2026-06-05 09:24:35,0
29523a67,cmm,Measurement,Produksi,CYL COMP,K2VJ,K305,POSITION Y,ER,06 Mar 2026,1,-0.2714,,,,,Open,K2VJ_CYL_COMP_2026-03-06_1,2026-06-05 09:24:35,0
9f6c95c6,cmm,Measurement,Produksi,CYL COMP,K2VJ,K401,POSITION X,DL,06 Mar 2026,1,0.3382,,,,,Open,K2VJ_CYL_COMP_2026-03-06_1,2026-06-05 09:24:35,1
40502ee1,cmm,Measurement,Produksi,CYL COMP,K2VJ,K401,POSITION X,DR,06 Mar 2026,1,0.302,,,,,Open,K2VJ_CYL_COMP_2026-03-06_1,2026-06-05 09:24:35,0
1d3e4c71,cmm,Measurement,Produksi,CYL COMP,K2VJ,K401,POSITION X,EL,06 Mar 2026,1,0.4206,,,,,Open,K2VJ_CYL_COMP_2026-03-06_1,2026-06-05 09:24:35,0
43da3fc9,cmm,Measurement,Produksi,CYL COMP,K2VJ,K401,POSITION X,ER,06 Mar 2026,1,0.4195,,,,,Open,K2VJ_CYL_COMP_2026-03-06_1,2026-06-05 09:24:35,0
0cb203ad,cmm,Measurement,Produksi,CYL COMP,K2VJ,K401,POSITION Y,AL,06 Mar 2026,1,-0.3239,,,,,Open,K2VJ_CYL_COMP_2026-03-06_1,2026-06-05 09:24:35,0
92852ab3,cmm,Measurement,Produksi,CYL COMP,K2VJ,K401,POSITION Y,AR,06 Mar 2026,1,-0.3297,,,,,Open,K2VJ_CYL_COMP_2026-03-06_1,2026-06-05 09:24:35,0
7f50eedf,cmm,Measurement,Produksi,CYL COMP,K2VJ,K402,POSITION Y,AL,06 Mar 2026,1,-0.2943,,,,,Open,K2VJ_CYL_COMP_2026-03-06_1,2026-06-05 09:24:35,1
f2479064,cmm,Measurement,Produksi,CYL COMP,K2VJ,K402,POSITION Y,AR,06 Mar 2026,1,-0.3072,,,,,Open,K2VJ_CYL_COMP_2026-03-06_1,2026-06-05 09:24:35,0
a0c29dda,cmm,Measurement,Produksi,CYL COMP,K2VJ,K402,POSITION Y,CL,06 Mar 2026,1,-0.1806,,,,,Open,K2VJ_CYL_COMP_2026-03-06_1,2026-06-05 09:24:35,0
b872fa64,cmm,Measurement,Produksi,CYL COMP,K2VJ,K402,POSITION Y,EL,06 Mar 2026,1,-0.1599,,,,,Open,K2VJ_CYL_COMP_2026-03-06_1,2026-06-05 09:24:35,0
e14f7902,cmm,Measurement,Produksi,CYL COMP,K2VJ,K402,POSITION Y,ER,06 Mar 2026,1,-0.1569,,,,,Open,K2VJ_CYL_COMP_2026-03-06_1,2026-06-05 09:24:35,1
1df66358,cmm,Measurement,Produksi,CYL COMP,K2VJ,K402,POSITION X,CL,06 Mar 2026,1,-0.1464,,,,,Open,K2VJ_CYL_COMP_2026-03-06_1,2026-06-05 09:24:35,0
2f0ba84a,cmm,Measurement,Produksi,CYL COMP,K2VJ,K402,POSITION X,CR,06 Mar 2026,1,-0.1409,,,,,Open,K2VJ_CYL_COMP_2026-03-06_1,2026-06-05 09:24:35,0
350389b4,cmm,Measurement,Produksi,CYL COMP,K2VJ,K402,POSITION X,EL,06 Mar 2026,1,0.1277,,,,,Open,K2VJ_CYL_COMP_2026-03-06_1,2026-06-05 09:24:35,0
7d68a6c2,cmm,Measurement,Produksi,CYL COMP,K2VJ,K402,POSITION X,ER,06 Mar 2026,1,0.1761,,,,,Open,K2VJ_CYL_COMP_2026-03-06_1,2026-06-05 09:24:35,1
3fc3321b,cmm,Measurement,Produksi,CYL COMP,K2VJ,K403,POSITION X,CL,06 Mar 2026,1,-0.3784,,,,,Open,K2VJ_CYL_COMP_2026-03-06_1,2026-06-05 09:24:35,0
b3e0b6d7,cmm,Measurement,Produksi,CYL COMP,K2VJ,K403,POSITION X,CR,06 Mar 2026,1,-0.3589,,,,,Open,K2VJ_CYL_COMP_2026-03-06_1,2026-06-05 09:24:35,0
13973098,cmm,Measurement,Produksi,CYL COMP,K2VJ,K403,POSITION X,DL,06 Mar 2026,1,0.1761,,,,,Open,K2VJ_CYL_COMP_2026-03-06_1,2026-06-05 09:24:35,0
b016c7a6,cmm,Measurement,Produksi,CYL COMP,K2VJ,K403,POSITION X,DR,06 Mar 2026,1,0.1864,,,,,Open,K2VJ_CYL_COMP_2026-03-06_1,2026-06-05 09:24:35,0
f9f0d754,cmm,Measurement,Produksi,CYL COMP,K2VJ,K403,POSITION X,EL,06 Mar 2026,1,0.1971,,,,,Open,K2VJ_CYL_COMP_2026-03-06_1,2026-06-05 09:24:35,1
2bd7c679,cmm,Measurement,Produksi,CYL COMP,K2VJ,K403,POSITION X,ER,06 Mar 2026,1,0.2003,,,,,Open,K2VJ_CYL_COMP_2026-03-06_1,2026-06-05 09:24:35,0
e74f3071,cmm,Measurement,Produksi,CYL COMP,K2VJ,K403,POSITION Y,AL,06 Mar 2026,1,-0.1547,,,,,Open,K2VJ_CYL_COMP_2026-03-06_1,2026-06-05 09:24:35,1
cdb44ce2,cmm,Measurement,Produksi,CYL COMP,K2VJ,K403,POSITION Y,CL,06 Mar 2026,1,-0.1671,,,,,Open,K2VJ_CYL_COMP_2026-03-06_1,2026-06-05 09:24:35,1
f72713d3,cmm,Measurement,Produksi,CYL COMP,K2VJ,L151,DISTANCE DOWELL (Y),BR,06 Mar 2026,1,-0.0535,,,,,Open,K2VJ_CYL_COMP_2026-03-06_1,2026-06-05 09:24:35,0
d92c3c47,cmm,Measurement,Produksi,CYL COMP,K2VJ,L151,DISTANCE DOWELL (X),EL,06 Mar 2026,1,-0.0663,,,,,Open,K2VJ_CYL_COMP_2026-03-06_1,2026-06-05 09:24:35,0
ac10f7f8,cmm,Measurement,Produksi,CYL COMP,K2VJ,L151,DISTANCE DOWELL (X),ER,06 Mar 2026,1,-0.0508,,,,,Open,K2VJ_CYL_COMP_2026-03-06_1,2026-06-05 09:24:35,0
229014d2,cmm,Measurement,Produksi,CYL COMP,K2VJ,L152,POSITION X,CL,06 Mar 2026,1,0.3496,,,,,Open,K2VJ_CYL_COMP_2026-03-06_1,2026-06-05 09:24:35,0
5710dee6,cmm,Measurement,Produksi,CYL COMP,K2VJ,L152,POSITION X,CR,06 Mar 2026,1,0.3104,,,,,Open,K2VJ_CYL_COMP_2026-03-06_1,2026-06-05 09:24:35,0
05bcdee2,cmm,Measurement,Produksi,CYL COMP,K2VJ,L152,POSITION X,DL,06 Mar 2026,1,0.5167,,,,,Open,K2VJ_CYL_COMP_2026-03-06_1,2026-06-05 09:24:35,0
8f2a6644,cmm,Measurement,Produksi,CYL COMP,K2VJ,L152,POSITION X,DR,06 Mar 2026,1,0.5177,,,,,Open,K2VJ_CYL_COMP_2026-03-06_1,2026-06-05 09:24:35,0
3aa26876,cmm,Measurement,Produksi,CYL COMP,K2VJ,L152,POSITION X,EL,06 Mar 2026,1,0.4855,,,,,Open,K2VJ_CYL_COMP_2026-03-06_1,2026-06-05 09:24:35,0
b93dc044,cmm,Measurement,Produksi,CYL COMP,K2VJ,L152,POSITION X,ER,06 Mar 2026,1,0.4835,,,,,Open,K2VJ_CYL_COMP_2026-03-06_1,2026-06-05 09:24:35,0
82154eb1,cmm,Measurement,Produksi,CYL COMP,K2VJ,L152,POSITION Y,AL,06 Mar 2026,1,-0.3551,,,,,Open,K2VJ_CYL_COMP_2026-03-06_1,2026-06-05 09:24:35,0
4ad45d1f,cmm,Measurement,Produksi,CYL COMP,K2VJ,L152,POSITION Y,AR,06 Mar 2026,1,-0.4235,,,,,Open,K2VJ_CYL_COMP_2026-03-06_1,2026-06-05 09:24:35,0
17304697,cmm,Measurement,Produksi,CYL COMP,K2VJ,L152,POSITION Y,CL,06 Mar 2026,1,-0.2736,,,,,Open,K2VJ_CYL_COMP_2026-03-06_1,2026-06-05 09:24:35,0
a34b9dd8,cmm,Measurement,Produksi,CYL COMP,K2VJ,L152,POSITION Y,CR,06 Mar 2026,1,-0.2381,,,,,Open,K2VJ_CYL_COMP_2026-03-06_1,2026-06-05 09:24:36,1
61d16098,cmm,Measurement,Produksi,CYL COMP,K2VJ,L152,POSITION Y,DL,06 Mar 2026,1,-0.3218,,,,,Open,K2VJ_CYL_COMP_2026-03-06_1,2026-06-05 09:24:36,0
071fdd20,cmm,Measurement,Produksi,CYL COMP,K2VJ,L152,POSITION Y,DR,06 Mar 2026,1,-0.2219,,,,,Open,K2VJ_CYL_COMP_2026-03-06_1,2026-06-05 09:24:36,0
2fcf21d1,cmm,Measurement,Produksi,CYL COMP,K2VJ,L152,POSITION Y,EL,06 Mar 2026,1,-0.4236,,,,,Open,K2VJ_CYL_COMP_2026-03-06_1,2026-06-05 09:24:36,0
9d35949d,cmm,Measurement,Produksi,CYL COMP,K2VJ,L152,POSITION Y,ER,06 Mar 2026,1,-0.4771,,,,,Open,K2VJ_CYL_COMP_2026-03-06_1,2026-06-05 09:24:36,0
71561bab,cmm,Measurement,Produksi,CYL COMP,K2VJ,L153,POSITION X,AL,06 Mar 2026,1,-0.3182,,,,,Open,K2VJ_CYL_COMP_2026-03-06_1,2026-06-05 09:24:36,1
9d26262c,cmm,Measurement,Produksi,CYL COMP,K2VJ,L153,POSITION X,AR,06 Mar 2026,1,-0.3135,,,,,Open,K2VJ_CYL_COMP_2026-03-06_1,2026-06-05 09:24:36,0
df0b4ee7,cmm,Measurement,Produksi,CYL COMP,K2VJ,L153,POSITION X,CL,06 Mar 2026,1,-0.6792,,,,,Open,K2VJ_CYL_COMP_2026-03-06_1,2026-06-05 09:24:36,1
346f5b88,cmm,Measurement,Produksi,CYL COMP,K2VJ,L153,POSITION X,CR,06 Mar 2026,1,-0.6186,,,,,Open,K2VJ_CYL_COMP_2026-03-06_1,2026-06-05 09:24:36,0
e937e673,cmm,Measurement,Produksi,CYL COMP,K2VJ,L153,POSITION X,DL,06 Mar 2026,1,-0.9786,,,,,Open,K2VJ_CYL_COMP_2026-03-06_1,2026-06-05 09:24:36,0
62977e64,cmm,Measurement,Produksi,CYL COMP,K2VJ,L153,POSITION X,DR,06 Mar 2026,1,-0.9309,,,,,Open,K2VJ_CYL_COMP_2026-03-06_1,2026-06-05 09:24:36,1
c8e5a452,cmm,Measurement,Produksi,CYL COMP,K2VJ,L153,POSITION X,EL,06 Mar 2026,1,-0.8856,,,,,Open,K2VJ_CYL_COMP_2026-03-06_1,2026-06-05 09:24:36,0
f9a2c846,cmm,Measurement,Produksi,CYL COMP,K2VJ,L153,POSITION X,ER,06 Mar 2026,1,-0.91,,,,,Open,K2VJ_CYL_COMP_2026-03-06_1,2026-06-05 09:24:36,1
c9738d2e,cmm,Measurement,Produksi,CYL COMP,K2VJ,L153,POSITION Y,BL,06 Mar 2026,1,-0.2287,,,,,Open,K2VJ_CYL_COMP_2026-03-06_1,2026-06-05 09:24:36,0
86cbd085,cmm,Measurement,Produksi,CYL COMP,K2VJ,L153,POSITION Y,CL,06 Mar 2026,1,0.2977,,,,,Open,K2VJ_CYL_COMP_2026-03-06_1,2026-06-05 09:24:36,0
7f020fde,cmm,Measurement,Produksi,CYL COMP,K2VJ,L153,POSITION Y,CR,06 Mar 2026,1,0.2563,,,,,Open,K2VJ_CYL_COMP_2026-03-06_1,2026-06-05 09:24:36,0
b9ce6ce5,cmm,Measurement,Produksi,CYL COMP,K2VJ,L153,POSITION Y,DL,06 Mar 2026,1,0.2808,,,,,Open,K2VJ_CYL_COMP_2026-03-06_1,2026-06-05 09:24:36,0
b668c3af,cmm,Measurement,Produksi,CYL COMP,K2VJ,L154,POSITION X,BL,06 Mar 2026,1,-0.3503,,,,,Open,K2VJ_CYL_COMP_2026-03-06_1,2026-06-05 09:24:36,0
97791867,cmm,Measurement,Produksi,CYL COMP,K2VJ,L154,POSITION X,CL,06 Mar 2026,1,0.5431,,,,,Open,K2VJ_CYL_COMP_2026-03-06_1,2026-06-05 09:24:36,1
512cec39,cmm,Measurement,Produksi,CYL COMP,K2VJ,L154,POSITION X,CR,06 Mar 2026,1,0.4605,,,,,Open,K2VJ_CYL_COMP_2026-03-06_1,2026-06-05 09:24:36,0
526f57e4,cmm,Measurement,Produksi,CYL COMP,K2VJ,L154,POSITION X,DL,06 Mar 2026,1,1.0067,,,,,Open,K2VJ_CYL_COMP_2026-03-06_1,2026-06-05 09:24:36,1
e8a6a703,cmm,Measurement,Produksi,CYL COMP,K2VJ,L154,POSITION X,DR,06 Mar 2026,1,0.9201,,,,,Open,K2VJ_CYL_COMP_2026-03-06_1,2026-06-05 09:24:36,1
93e8726d,cmm,Measurement,Produksi,CYL COMP,K2VJ,L154,POSITION X,EL,06 Mar 2026,1,0.9327,,,,,Open,K2VJ_CYL_COMP_2026-03-06_1,2026-06-05 09:24:36,1
6fc2f166,cmm,Measurement,Produksi,CYL COMP,K2VJ,L154,POSITION X,ER,06 Mar 2026,1,0.9857,,,,,Open,K2VJ_CYL_COMP_2026-03-06_1,2026-06-05 09:24:36,0
d35aa13d,cmm,Measurement,Produksi,CYL COMP,K2VJ,L154,POSITION Y,AL,06 Mar 2026,1,-0.544,,,,,Open,K2VJ_CYL_COMP_2026-03-06_1,2026-06-05 09:24:36,0
034d9005,cmm,Measurement,Produksi,CYL COMP,K2VJ,L154,POSITION Y,AR,06 Mar 2026,1,-0.6396,,,,,Open,K2VJ_CYL_COMP_2026-03-06_1,2026-06-05 09:24:36,0
85f2c510,cmm,Measurement,Produksi,CYL COMP,K2VJ,L154,POSITION Y,BL,06 Mar 2026,1,-0.2889,,,,,Open,K2VJ_CYL_COMP_2026-03-06_1,2026-06-05 09:24:36,0
79a2f80f,cmm,Measurement,Produksi,CYL COMP,K2VJ,L154,POSITION Y,BR,06 Mar 2026,1,-0.3518,,,,,Open,K2VJ_CYL_COMP_2026-03-06_1,2026-06-05 09:24:36,0
e3b15272,cmm,Measurement,Produksi,CYL COMP,K2VJ,L154,POSITION Y,CL,06 Mar 2026,1,-0.4833,,,,,Open,K2VJ_CYL_COMP_2026-03-06_1,2026-06-05 09:24:36,0
54181d1c,cmm,Measurement,Produksi,CYL COMP,K2VJ,L154,POSITION Y,CR,06 Mar 2026,1,-0.3968,,,,,Open,K2VJ_CYL_COMP_2026-03-06_1,2026-06-05 09:24:36,0
0434be4f,cmm,Measurement,Produksi,CYL COMP,K2VJ,L154,POSITION Y,EL,06 Mar 2026,1,-0.3237,,,,,Open,K2VJ_CYL_COMP_2026-03-06_1,2026-06-05 09:24:36,0
bfb3bfe0,cmm,Measurement,Produksi,CYL COMP,K2VJ,L154,POSITION Y,ER,06 Mar 2026,1,-0.3741,,,,,Open,K2VJ_CYL_COMP_2026-03-06_1,2026-06-05 09:24:36,0
b555ebef,cmm,Measurement,Produksi,CYL COMP,K2VJ,L163,POSITION Y,CL,06 Mar 2026,1,-0.3038,,,,,Open,K2VJ_CYL_COMP_2026-03-06_1,2026-06-05 09:24:36,0
7e4d95b3,cmm,Measurement,Produksi,CYL COMP,K2VJ,L163,POSITION Y,CR,06 Mar 2026,1,-0.3315,,,,,Open,K2VJ_CYL_COMP_2026-03-06_1,2026-06-05 09:24:36,0
d9645cc5,cmm,Measurement,Produksi,CYL COMP,K2VJ,L163,POSITION Y,DL,06 Mar 2026,1,-0.432,,,,,Open,K2VJ_CYL_COMP_2026-03-06_1,2026-06-05 09:24:36,0
86876e6d,cmm,Measurement,Produksi,CYL COMP,K2VJ,L163,POSITION Y,DR,06 Mar 2026,1,-0.4041,,,,,Open,K2VJ_CYL_COMP_2026-03-06_1,2026-06-05 09:24:36,0
c2ae64c4,cmm,Measurement,Produksi,CYL COMP,K2VJ,L164,POSITION X,AL,06 Mar 2026,1,0.0518,,,,,Open,K2VJ_CYL_COMP_2026-03-06_1,2026-06-05 09:24:36,1
4647aa91,cmm,Measurement,Produksi,CYL COMP,K2VJ,L164,POSITION X,EL,06 Mar 2026,1,-0.0807,,,,,Open,K2VJ_CYL_COMP_2026-03-06_1,2026-06-05 09:24:36,0
c946dec1,cmm,Measurement,Produksi,CYL COMP,K2VJ,L164,POSITION Y,ER,06 Mar 2026,1,0.0541,,,,,Open,K2VJ_CYL_COMP_2026-03-06_1,2026-06-05 09:24:36,1
728c81bf,cmm,Measurement,Produksi,CRCS L,K1AL L1,A003,Posisi Y From A006,1,04 Jun 2026,1,-0.122,,,,,Open,K1AL_L1_CRCS_L_2026-06-04_1,2026-06-05 09:24:49,0
a8d1c30e,cmm,Measurement,Produksi,CRCS L,K1AL L1,A005,Perpendicularity To n,1,04 Jun 2026,1,0.014,,,,,Open,K1AL_L1_CRCS_L_2026-06-04_1,2026-06-05 09:24:49,0
5129c598,cmm,Measurement,Produksi,CRCS L,K1AL L1,A006,Concentricity to m,1,04 Jun 2026,1,0.107,,,,,Open,K1AL_L1_CRCS_L_2026-06-04_1,2026-06-05 09:24:49,0
e71dabb1,cmm,Measurement,Produksi,CRCS L,K1AL L1,A006,Concentricity to m,3,04 Jun 2026,1,0.038,,,,,Open,K1AL_L1_CRCS_L_2026-06-04_1,2026-06-05 09:24:49,0
05e20206,cmm,Measurement,Produksi,CRCS L,K1AL L1,A006,Concentricity to m,5,04 Jun 2026,1,0.032,,,,,Open,K1AL_L1_CRCS_L_2026-06-04_1,2026-06-05 09:24:49,1
a9e9a74a,cmm,Measurement,Produksi,CRCS L,K1AL L1,A006,Concentricity to m,6,04 Jun 2026,1,0.036,,,,,Open,K1AL_L1_CRCS_L_2026-06-04_1,2026-06-05 09:24:49,0
92668ff3,cmm,Measurement,Produksi,CRCS L,K1AL L1,A007,Distance From A006,1,04 Jun 2026,1,0.055,,,,,Open,K1AL_L1_CRCS_L_2026-06-04_1,2026-06-05 09:24:49,1
8ac8c953,cmm,Measurement,Produksi,CRCS L,K1AL L1,A008,Posisi Y,1,04 Jun 2026,1,0.117,,,,,Open,K1AL_L1_CRCS_L_2026-06-04_1,2026-06-05 09:24:49,0
01206bcf,cmm,Measurement,Produksi,CRCS L,K1AL L1,A008,Distance From A006,1,04 Jun 2026,1,0.059,,,,,Open,K1AL_L1_CRCS_L_2026-06-04_1,2026-06-05 09:24:49,1
047aa772,cmm,Measurement,Produksi,CRCS L,K1AL L1,A042,Posisi X,3,04 Jun 2026,1,-0.209,,,,,Open,K1AL_L1_CRCS_L_2026-06-04_1,2026-06-05 09:24:49,1
9738c68f,cmm,Measurement,Produksi,CRCS L,K1AL L1,A042,Posisi X,4,04 Jun 2026,1,-0.333,,,,,Open,K1AL_L1_CRCS_L_2026-06-04_1,2026-06-05 09:24:49,1
bdf51e42,cmm,Measurement,Produksi,CRCS L,K1AL L1,A042,Posisi X,5,04 Jun 2026,1,-0.229,,,,,Open,K1AL_L1_CRCS_L_2026-06-04_1,2026-06-05 09:24:49,0
30c6f9e3,cmm,Measurement,Produksi,CRCS L,K1AL L1,A042,Posisi Y,3,04 Jun 2026,1,-0.209,,,,,Open,K1AL_L1_CRCS_L_2026-06-04_1,2026-06-05 09:24:49,0
1655314f,cmm,Measurement,Produksi,CRCS L,K1AL L1,A042,Posisi Y,4,04 Jun 2026,1,-0.333,,,,,Open,K1AL_L1_CRCS_L_2026-06-04_1,2026-06-05 09:24:49,0
441d752a,cmm,Measurement,Produksi,CRCS L,K1AL L1,A042,Posisi Y,5,04 Jun 2026,1,-0.229,,,,,Open,K1AL_L1_CRCS_L_2026-06-04_1,2026-06-05 09:24:49,0
942c2980,cmm,Measurement,Produksi,CRCS L,K1AL L1,A151,Posisi X Drill 6.45,2,04 Jun 2026,1,0.204,,,,,Open,K1AL_L1_CRCS_L_2026-06-04_1,2026-06-05 09:24:49,1
d6b7349a,cmm,Measurement,Produksi,CRCS L,K1AL L1,A151,Posisi X Drill 6.45,4,04 Jun 2026,1,0.28,,,,,Open,K1AL_L1_CRCS_L_2026-06-04_1,2026-06-05 09:24:49,1
9bf03224,cmm,Measurement,Produksi,CRCS L,K1AL L1,A151,Posisi X Drill 6.45,5,04 Jun 2026,1,0.317,,,,,Open,K1AL_L1_CRCS_L_2026-06-04_1,2026-06-05 09:24:49,1
6c7fa115,cmm,Measurement,Produksi,CRCS L,K1AL L1,A151,Posisi Y Drill 6.45,2,04 Jun 2026,1,0.204,,,,,Open,K1AL_L1_CRCS_L_2026-06-04_1,2026-06-05 09:24:49,0
0906e3f0,cmm,Measurement,Produksi,CRCS L,K1AL L1,A151,Posisi Y Drill 6.45,4,04 Jun 2026,1,0.28,,,,,Open,K1AL_L1_CRCS_L_2026-06-04_1,2026-06-05 09:24:49,0
6a86c224,cmm,Measurement,Produksi,CRCS L,K1AL L1,A151,Posisi Y Drill 6.45,5,04 Jun 2026,1,0.317,,,,,Open,K1AL_L1_CRCS_L_2026-06-04_1,2026-06-05 09:24:49,0
25b04dab,cmm,Measurement,Produksi,CRCS L,K1AL L1,A152,Posisi Y Drill 6.45,4,04 Jun 2026,1,0.235,,,,,Open,K1AL_L1_CRCS_L_2026-06-04_1,2026-06-05 09:24:50,0
bbee713f,cmm,Measurement,Produksi,CRCS L,K1AL L1,A152,Posisi Y Drill 6.45,5,04 Jun 2026,1,0.245,,,,,Open,K1AL_L1_CRCS_L_2026-06-04_1,2026-06-05 09:24:50,0
99a272c3,cmm,Measurement,Produksi,CRCS L,K1AL L1,A152,Posisi X Drill 6.45,6,04 Jun 2026,1,0.212,,,,,Open,K1AL_L1_CRCS_L_2026-06-04_1,2026-06-05 09:24:50,1
14080622,cmm,Measurement,Produksi,CRCS L,K1AL L1,A153,Posisi X,2,04 Jun 2026,1,0.313,,,,,Open,K1AL_L1_CRCS_L_2026-06-04_1,2026-06-05 09:24:50,1
5e6150c7,cmm,Measurement,Produksi,CRCS L,K1AL L1,A153,Posisi X,3,04 Jun 2026,1,0.255,,,,,Open,K1AL_L1_CRCS_L_2026-06-04_1,2026-06-05 09:24:50,0
e7e7d13a,cmm,Measurement,Produksi,CRCS L,K1AL L1,A153,Posisi X,4,04 Jun 2026,1,0.357,,,,,Open,K1AL_L1_CRCS_L_2026-06-04_1,2026-06-05 09:24:50,0
04330055,cmm,Measurement,Produksi,CRCS L,K1AL L1,A153,Posisi X,5,04 Jun 2026,1,0.426,,,,,Open,K1AL_L1_CRCS_L_2026-06-04_1,2026-06-05 09:24:50,0
1e1183df,cmm,Measurement,Produksi,CRCS L,K1AL L1,A153,Posisi Y,2,04 Jun 2026,1,0.313,,,,,Open,K1AL_L1_CRCS_L_2026-06-04_1,2026-06-05 09:24:50,0
6895d481,cmm,Measurement,Produksi,CRCS L,K1AL L1,A153,Posisi Y,3,04 Jun 2026,1,0.255,,,,,Open,K1AL_L1_CRCS_L_2026-06-04_1,2026-06-05 09:24:50,0
113def33,cmm,Measurement,Produksi,CRCS L,K1AL L1,A153,Posisi Y,4,04 Jun 2026,1,0.357,,,,,Open,K1AL_L1_CRCS_L_2026-06-04_1,2026-06-05 09:24:50,0
de2091c8,cmm,Measurement,Produksi,CRCS L,K1AL L1,A153,Posisi Y,5,04 Jun 2026,1,0.426,,,,,Open,K1AL_L1_CRCS_L_2026-06-04_1,2026-06-05 09:24:50,0
536fe001,cmm,Measurement,Produksi,CRCS L,K1AL L1,A154,Posisi X,2,04 Jun 2026,1,0.319,,,,,Open,K1AL_L1_CRCS_L_2026-06-04_1,2026-06-05 09:24:50,1
0497e909,cmm,Measurement,Produksi,CRCS L,K1AL L1,A154,Posisi X,3,04 Jun 2026,1,0.245,,,,,Open,K1AL_L1_CRCS_L_2026-06-04_1,2026-06-05 09:24:50,1
69afbfd2,cmm,Measurement,Produksi,CRCS L,K1AL L1,A154,Posisi X,4,04 Jun 2026,1,0.325,,,,,Open,K1AL_L1_CRCS_L_2026-06-04_1,2026-06-05 09:24:50,1
a5e85925,cmm,Measurement,Produksi,CRCS L,K1AL L1,A154,Posisi X,5,04 Jun 2026,1,0.406,,,,,Open,K1AL_L1_CRCS_L_2026-06-04_1,2026-06-05 09:24:50,0
4a1a5101,cmm,Measurement,Produksi,CRCS L,K1AL L1,A154,Posisi Y,2,04 Jun 2026,1,0.319,,,,,Open,K1AL_L1_CRCS_L_2026-06-04_1,2026-06-05 09:24:50,0
cf0088ec,cmm,Measurement,Produksi,CRCS L,K1AL L1,A154,Posisi Y,3,04 Jun 2026,1,0.245,,,,,Open,K1AL_L1_CRCS_L_2026-06-04_1,2026-06-05 09:24:50,0
5934a2c3,cmm,Measurement,Produksi,CRCS L,K1AL L1,A154,Posisi Y,4,04 Jun 2026,1,0.325,,,,,Open,K1AL_L1_CRCS_L_2026-06-04_1,2026-06-05 09:24:50,0
c438f32f,cmm,Measurement,Produksi,CRCS L,K1AL L1,A154,Posisi Y,5,04 Jun 2026,1,0.406,,,,,Open,K1AL_L1_CRCS_L_2026-06-04_1,2026-06-05 09:24:50,0
45779fc8,cmm,Measurement,Produksi,CRCS L,K1AL L1,A155,Posisi X,2,04 Jun 2026,1,0.329,,,,,Open,K1AL_L1_CRCS_L_2026-06-04_1,2026-06-05 09:24:50,1
1fc3668e,cmm,Measurement,Produksi,CRCS L,K1AL L1,A155,Posisi X,3,04 Jun 2026,1,0.238,,,,,Open,K1AL_L1_CRCS_L_2026-06-04_1,2026-06-05 09:24:50,1
b2c4ac64,cmm,Measurement,Produksi,CRCS L,K1AL L1,A155,Posisi X,4,04 Jun 2026,1,0.388,,,,,Open,K1AL_L1_CRCS_L_2026-06-04_1,2026-06-05 09:24:50,1
585f25c4,cmm,Measurement,Produksi,CRCS L,K1AL L1,A155,Posisi X,5,04 Jun 2026,1,0.425,,,,,Open,K1AL_L1_CRCS_L_2026-06-04_1,2026-06-05 09:24:50,1
ba4a9813,cmm,Measurement,Produksi,CRCS L,K1AL L1,A155,Posisi X,6,04 Jun 2026,1,0.224,,,,,Open,K1AL_L1_CRCS_L_2026-06-04_1,2026-06-05 09:24:50,1
2a72f072,cmm,Measurement,Produksi,CRCS L,K1AL L1,A155,Posisi Y,2,04 Jun 2026,1,0.329,,,,,Open,K1AL_L1_CRCS_L_2026-06-04_1,2026-06-05 09:24:50,1
aaa94e77,cmm,Measurement,Produksi,CRCS L,K1AL L1,A155,Posisi Y,3,04 Jun 2026,1,0.238,,,,,Open,K1AL_L1_CRCS_L_2026-06-04_1,2026-06-05 09:24:50,0
df2f47d0,cmm,Measurement,Produksi,CRCS L,K1AL L1,A155,Posisi Y,4,04 Jun 2026,1,0.388,,,,,Open,K1AL_L1_CRCS_L_2026-06-04_1,2026-06-05 09:24:50,0
0ee63609,cmm,Measurement,Produksi,CRCS L,K1AL L1,A155,Posisi Y,5,04 Jun 2026,1,0.425,,,,,Open,K1AL_L1_CRCS_L_2026-06-04_1,2026-06-05 09:24:50,0
7a56c010,cmm,Measurement,Produksi,CRCS L,K1AL L1,A155,Posisi Y,6,04 Jun 2026,1,0.224,,,,,Open,K1AL_L1_CRCS_L_2026-06-04_1,2026-06-05 09:24:50,0
93972368,cmm,Measurement,Produksi,CRCS L,K1AL L1,A156,Posisi X,2,04 Jun 2026,1,0.294,,,,,Open,K1AL_L1_CRCS_L_2026-06-04_1,2026-06-05 09:24:50,1
149c683a,cmm,Measurement,Produksi,CRCS L,K1AL L1,A156,Posisi X,4,04 Jun 2026,1,0.322,,,,,Open,K1AL_L1_CRCS_L_2026-06-04_1,2026-06-05 09:24:50,0
a154bd0a,cmm,Measurement,Produksi,CRCS L,K1AL L1,A156,Posisi X,5,04 Jun 2026,1,0.356,,,,,Open,K1AL_L1_CRCS_L_2026-06-04_1,2026-06-05 09:24:50,0
a1e6c80c,cmm,Measurement,Produksi,CRCS L,K1AL L1,A156,Posisi Y,2,04 Jun 2026,1,0.294,,,,,Open,K1AL_L1_CRCS_L_2026-06-04_1,2026-06-05 09:24:50,1
68b53ea4,cmm,Measurement,Produksi,CRCS L,K1AL L1,A156,Posisi Y,4,04 Jun 2026,1,0.322,,,,,Open,K1AL_L1_CRCS_L_2026-06-04_1,2026-06-05 09:24:50,0
042da650,cmm,Measurement,Produksi,CRCS L,K1AL L1,A156,Posisi Y,5,04 Jun 2026,1,0.356,,,,,Open,K1AL_L1_CRCS_L_2026-06-04_1,2026-06-05 09:24:50,1
d17bed27,cmm,Measurement,Produksi,CRCS L,K1AL L1,A160,Posisi X,2,04 Jun 2026,1,0.419,,,,,Open,K1AL_L1_CRCS_L_2026-06-04_1,2026-06-05 09:24:50,1
4a34853b,cmm,Measurement,Produksi,CRCS L,K1AL L1,A160,Posisi X,3,04 Jun 2026,1,0.366,,,,,Open,K1AL_L1_CRCS_L_2026-06-04_1,2026-06-05 09:24:50,1
f8af073d,cmm,Measurement,Produksi,CRCS L,K1AL L1,A160,Posisi X,4,04 Jun 2026,1,0.538,,,,,Open,K1AL_L1_CRCS_L_2026-06-04_1,2026-06-05 09:24:50,1
f370c49b,cmm,Measurement,Produksi,CRCS L,K1AL L1,A160,Posisi X,5,04 Jun 2026,1,0.664,,,,,Open,K1AL_L1_CRCS_L_2026-06-04_1,2026-06-05 09:24:50,1
2e2dcf86,cmm,Measurement,Produksi,CRCS L,K1AL L1,A160,Posisi Y,2,04 Jun 2026,1,0.419,,,,,Open,K1AL_L1_CRCS_L_2026-06-04_1,2026-06-05 09:24:50,0
29017a9e,cmm,Measurement,Produksi,CRCS L,K1AL L1,A160,Posisi Y,3,04 Jun 2026,1,0.366,,,,,Open,K1AL_L1_CRCS_L_2026-06-04_1,2026-06-05 09:24:50,1
d5902144,cmm,Measurement,Produksi,CRCS L,K1AL L1,A160,Posisi Y,4,04 Jun 2026,1,0.538,,,,,Open,K1AL_L1_CRCS_L_2026-06-04_1,2026-06-05 09:24:50,0
a60bceb3,cmm,Measurement,Produksi,CRCS L,K1AL L1,A160,Posisi Y,5,04 Jun 2026,1,0.664,,,,,Open,K1AL_L1_CRCS_L_2026-06-04_1,2026-06-05 09:24:50,0
f0b3bdd4,cmm,Measurement,Produksi,CRCS L,K1AL L1,B010,Position To d & e,2,04 Jun 2026,1,0.103,,,,,Open,K1AL_L1_CRCS_L_2026-06-04_1,2026-06-05 09:24:50,0
ed5d6511,cmm,Measurement,Produksi,CRCS L,K1AL L1,B017,Distance From B027,1,04 Jun 2026,1,-0.226,,,,,Open,K1AL_L1_CRCS_L_2026-06-04_1,2026-06-05 09:24:50,0
1e23e2bf,cmm,Measurement,Produksi,CRCS L,K1AL L1,B018,Distance From B027,1,04 Jun 2026,1,0.181,,,,,Open,K1AL_L1_CRCS_L_2026-06-04_1,2026-06-05 09:24:50,0
ca0c00e7,cmm,Measurement,Produksi,CRCS L,K1AL L1,B018,Position To f & g,1,04 Jun 2026,1,0.497,,,,,Open,K1AL_L1_CRCS_L_2026-06-04_1,2026-06-05 09:24:50,0
8bd0ebb3,cmm,Measurement,Produksi,CRCS L,K1AL L1,B018,Position To f & g,2,04 Jun 2026,1,0.305,,,,,Open,K1AL_L1_CRCS_L_2026-06-04_1,2026-06-05 09:24:51,0
41e9f30f,cmm,Measurement,Produksi,CRCS L,K1AL L1,B018,Position To f & g,3,04 Jun 2026,1,0.317,,,,,Open,K1AL_L1_CRCS_L_2026-06-04_1,2026-06-05 09:24:51,0
dba19dab,cmm,Measurement,Produksi,CRCS L,K1AL L1,B018,Position To f & g,4,04 Jun 2026,1,0.34,,,,,Open,K1AL_L1_CRCS_L_2026-06-04_1,2026-06-05 09:24:51,0
ad896276,cmm,Measurement,Produksi,CRCS L,K1AL L1,B018,Position To f & g,5,04 Jun 2026,1,0.31,,,,,Open,K1AL_L1_CRCS_L_2026-06-04_1,2026-06-05 09:24:51,0
19656f04,cmm,Measurement,Produksi,CRCS L,K1AL L1,B018,Position To f & g,6,04 Jun 2026,1,0.346,,,,,Open,K1AL_L1_CRCS_L_2026-06-04_1,2026-06-05 09:24:51,0
5d94ce84,cmm,Measurement,Produksi,CRCS L,K1AL L1,B025,Position to d & e,2,04 Jun 2026,1,0.103,,,,,Open,K1AL_L1_CRCS_L_2026-06-04_1,2026-06-05 09:24:51,0
f80a7922,cmm,Measurement,Produksi,CRCS L,K1AL L1,B051,Posisi X,6,04 Jun 2026,1,-0.202,,,,,Open,K1AL_L1_CRCS_L_2026-06-04_1,2026-06-05 09:24:51,1
c877277c,cmm,Measurement,Produksi,CRCS L,K1AL L1,B051,Posisi Y,6,04 Jun 2026,1,-0.202,,,,,Open,K1AL_L1_CRCS_L_2026-06-04_1,2026-06-05 09:24:51,1
3b799201,cmm,Measurement,Produksi,CRCS L,K1AL L1,B073,Posisi X,6,04 Jun 2026,1,-0.203,,,,,Open,K1AL_L1_CRCS_L_2026-06-04_1,2026-06-05 09:24:51,1
9d3b1c4b,cmm,Measurement,Produksi,CRCS L,K1AL L1,B073,Posisi Y,6,04 Jun 2026,1,-0.203,,,,,Open,K1AL_L1_CRCS_L_2026-06-04_1,2026-06-05 09:24:51,0
fb91f091,cmm,Measurement,Produksi,CRCS L,K1AL L3,A006,Concentricity to m,3A,04 Jun 2026,1,0.06,,,,,Open,K1AL_L3_CRCS_L_2026-06-04_1,2026-06-05 09:29:14,0
7ae87e16,cmm,Measurement,Produksi,CRCS L,K1AL L3,A006,Concentricity to m,3B,04 Jun 2026,1,0.032,,,,,Open,K1AL_L3_CRCS_L_2026-06-04_1,2026-06-05 09:29:14,0
510b8a31,cmm,Measurement,Produksi,CRCS L,K1AL L3,A151,Posisi X Drill 6.45,3A,04 Jun 2026,1,0.209,,,,,Open,K1AL_L3_CRCS_L_2026-06-04_1,2026-06-05 09:29:14,1
b47ab911,cmm,Measurement,Produksi,CRCS L,K1AL L3,A151,Posisi Y Drill 6.45,3A,04 Jun 2026,1,0.209,,,,,Open,K1AL_L3_CRCS_L_2026-06-04_1,2026-06-05 09:29:14,0
40a922ab,cmm,Measurement,Produksi,CRCS L,K1AL L3,A153,Posisi X,3A,04 Jun 2026,1,0.273,,,,,Open,K1AL_L3_CRCS_L_2026-06-04_1,2026-06-05 09:29:14,1
ea65bc92,cmm,Measurement,Produksi,CRCS L,K1AL L3,A153,Posisi Y,3A,04 Jun 2026,1,0.273,,,,,Open,K1AL_L3_CRCS_L_2026-06-04_1,2026-06-05 09:29:14,1
af1be987,cmm,Measurement,Produksi,CRCS L,K1AL L3,A154,Posisi X,3A,04 Jun 2026,1,0.389,,,,,Open,K1AL_L3_CRCS_L_2026-06-04_1,2026-06-05 09:29:14,1
1087fc77,cmm,Measurement,Produksi,CRCS L,K1AL L3,A154,Posisi X,3B,04 Jun 2026,1,0.207,,,,,Open,K1AL_L3_CRCS_L_2026-06-04_1,2026-06-05 09:29:15,1
09e5132b,cmm,Measurement,Produksi,CRCS L,K1AL L3,A154,Posisi Y,3A,04 Jun 2026,1,0.389,,,,,Open,K1AL_L3_CRCS_L_2026-06-04_1,2026-06-05 09:29:15,0
f32beb6a,cmm,Measurement,Produksi,CRCS L,K1AL L3,A154,Posisi Y,3B,04 Jun 2026,1,0.207,,,,,Open,K1AL_L3_CRCS_L_2026-06-04_1,2026-06-05 09:29:15,0
f0007414,cmm,Measurement,Produksi,CRCS L,K1AL L3,A155,Posisi X,3A,04 Jun 2026,1,0.37,,,,,Open,K1AL_L3_CRCS_L_2026-06-04_1,2026-06-05 09:29:15,0
7d18ede1,cmm,Measurement,Produksi,CRCS L,K1AL L3,A155,Posisi X,3B,04 Jun 2026,1,0.253,,,,,Open,K1AL_L3_CRCS_L_2026-06-04_1,2026-06-05 09:29:15,0
d09bf8fd,cmm,Measurement,Produksi,CRCS L,K1AL L3,A155,Posisi Y,3A,04 Jun 2026,1,0.37,,,,,Open,K1AL_L3_CRCS_L_2026-06-04_1,2026-06-05 09:29:15,1
c3e8506f,cmm,Measurement,Produksi,CRCS L,K1AL L3,A155,Posisi Y,3B,04 Jun 2026,1,0.253,,,,,Open,K1AL_L3_CRCS_L_2026-06-04_1,2026-06-05 09:29:15,0
b05ecc8c,cmm,Measurement,Produksi,CRCS L,K1AL L3,A156,Posisi X,3A,04 Jun 2026,1,0.314,,,,,Open,K1AL_L3_CRCS_L_2026-06-04_1,2026-06-05 09:29:15,1
b9c429bb,cmm,Measurement,Produksi,CRCS L,K1AL L3,A156,Posisi Y,3A,04 Jun 2026,1,0.314,,,,,Open,K1AL_L3_CRCS_L_2026-06-04_1,2026-06-05 09:29:15,0
6b2d7db4,cmm,Measurement,Produksi,CRCS L,K1AL L3,A160,Posisi X,3A,04 Jun 2026,1,0.371,,,,,Open,K1AL_L3_CRCS_L_2026-06-04_1,2026-06-05 09:29:15,1
f9adc658,cmm,Measurement,Produksi,CRCS L,K1AL L3,A160,Posisi Y,3A,04 Jun 2026,1,0.371,,,,,Open,K1AL_L3_CRCS_L_2026-06-04_1,2026-06-05 09:29:15,0
0c572105,cmm,Measurement,Produksi,CRCS L,K1AL L3,B011,Posisi X Reamer 8H8,3B,04 Jun 2026,1,-0.1,,,,,Open,K1AL_L3_CRCS_L_2026-06-04_1,2026-06-05 09:29:15,0
528b329f,cmm,Measurement,Produksi,CRCS L,K1AL L3,B011,Posisi Y Reamer 8H8,3B,04 Jun 2026,1,-0.1,,,,,Open,K1AL_L3_CRCS_L_2026-06-04_1,2026-06-05 09:29:15,0
78754186,cmm,Measurement,Produksi,CRCS L,K1AL L3,B017,Position To f & g,3A,04 Jun 2026,1,0.215,,,,,Open,K1AL_L3_CRCS_L_2026-06-04_1,2026-06-05 09:29:15,0
21f91f9a,cmm,Measurement,Produksi,CRCS L,K1AL L3,B018,Distance From B027,3B,04 Jun 2026,1,-0.115,,,,,Open,K1AL_L3_CRCS_L_2026-06-04_1,2026-06-05 09:29:15,0
e9edbca6,cmm,Measurement,Produksi,CRCS L,K1AL L3,B018,Position To f & g,3A,04 Jun 2026,1,0.475,,,,,Open,K1AL_L3_CRCS_L_2026-06-04_1,2026-06-05 09:29:15,0
5af50d37,cmm,Measurement,Produksi,CRCS L,K1AL L3,B018,Position To f & g,3B,04 Jun 2026,1,0.491,,,,,Open,K1AL_L3_CRCS_L_2026-06-04_1,2026-06-05 09:29:15,0
94a4e37a,cmm,Measurement,Produksi,CRCS L,K1AL L3,B053,Posisi X,3A,04 Jun 2026,1,-0.287,,,,,Open,K1AL_L3_CRCS_L_2026-06-04_1,2026-06-05 09:29:15,1
ce5df454,cmm,Measurement,Produksi,CRCS L,K1AL L3,B053,Posisi X,3B,04 Jun 2026,1,-0.242,,,,,Open,K1AL_L3_CRCS_L_2026-06-04_1,2026-06-05 09:29:15,1
8f2d00f8,cmm,Measurement,Produksi,CRCS L,K1AL L3,B053,Posisi Y,3A,04 Jun 2026,1,-0.287,,,,,Open,K1AL_L3_CRCS_L_2026-06-04_1,2026-06-05 09:29:15,0
01508373,cmm,Measurement,Produksi,CRCS L,K1AL L3,B053,Posisi Y,3B,04 Jun 2026,1,-0.242,,,,,Open,K1AL_L3_CRCS_L_2026-06-04_1,2026-06-05 09:29:15,1
d482ba3d,cmm,Measurement,Produksi,CRCS L,K1AL L3,B055,Posisi X,3A,04 Jun 2026,1,0.257,,,,,Open,K1AL_L3_CRCS_L_2026-06-04_1,2026-06-05 09:29:15,1
530006a2,cmm,Measurement,Produksi,CRCS L,K1AL L3,B055,Posisi Y,3A,04 Jun 2026,1,0.257,,,,,Open,K1AL_L3_CRCS_L_2026-06-04_1,2026-06-05 09:29:15,0
31d8b236,cmm,Measurement,Produksi,CRCS L,K1AL L3,B080,Posisi X Reamer 8H8,3A,04 Jun 2026,1,0.101,,,,,Open,K1AL_L3_CRCS_L_2026-06-04_1,2026-06-05 09:29:15,1
c62d8c34,cmm,Measurement,Produksi,CRCS L,K1AL L3,B080,Posisi Y Reamer 8H8,3A,04 Jun 2026,1,0.101,,,,,Open,K1AL_L3_CRCS_L_2026-06-04_1,2026-06-05 09:29:15,0
5d1d4e50,cmm,Measurement,Produksi,CRCS L,K1AL L3,B081,Posisi X From B080,3B,04 Jun 2026,1,-0.154,,,,,Open,K1AL_L3_CRCS_L_2026-06-04_1,2026-06-05 09:29:15,1
80470532,cmm,Measurement,Produksi,CRCS L,K1AL L3,B081,Posisi Y From B080,3B,04 Jun 2026,1,-0.154,,,,,Open,K1AL_L3_CRCS_L_2026-06-04_1,2026-06-05 09:29:15,0
25569632,cmm,Measurement,Produksi,CRCS L,K2SA,A000-1,FLATNESS SURFACE,5A,04 Jun 2026,1,0.006,,,,,Open,K2SA_CRCS_L_2026-06-04_1,2026-06-05 09:30:04,0
433f0075,cmm,Measurement,Produksi,CRCS L,K2SA,A005,PERPENDICULARITY TERHADAP A000-1,5A,04 Jun 2026,1,0.029,,,,,Open,K2SA_CRCS_L_2026-06-04_1,2026-06-05 09:30:04,0
9481aa6d,cmm,Measurement,Produksi,CRCS L,K2SA,A020,POSITION X FROM A006,5A,04 Jun 2026,1,-0.16,,,,,Open,K2SA_CRCS_L_2026-06-04_1,2026-06-05 09:30:04,1
3425395e,cmm,Measurement,Produksi,CRCS L,K2SA,A020,POSITION Y FROM A006,5A,04 Jun 2026,1,-0.16,,,,,Open,K2SA_CRCS_L_2026-06-04_1,2026-06-05 09:30:04,0
420aaa2b,cmm,Measurement,Produksi,CRCS L,K2SA,A038,POSITION X FROM A006,5A,04 Jun 2026,1,0.239,,,,,Open,K2SA_CRCS_L_2026-06-04_1,2026-06-05 09:30:04,0
2c1a9021,cmm,Measurement,Produksi,CRCS L,K2SA,A038,POSITION Y FROM A006,5A,04 Jun 2026,1,0.239,,,,,Open,K2SA_CRCS_L_2026-06-04_1,2026-06-05 09:30:04,0
f8fbeb59,cmm,Measurement,Produksi,CRCS L,K2SA,A043,POSITION X,5A,04 Jun 2026,1,-0.243,,,,,Open,K2SA_CRCS_L_2026-06-04_1,2026-06-05 09:30:04,0
eb8f25ff,cmm,Measurement,Produksi,CRCS L,K2SA,A043,POSITION Y,5A,04 Jun 2026,1,-0.243,,,,,Open,K2SA_CRCS_L_2026-06-04_1,2026-06-05 09:30:04,1
f24586d5,cmm,Measurement,Produksi,CRCS L,K2SA,A064,"DISTANCE FROM FACE COMP Ø 4,1",5A,04 Jun 2026,1,0.31,,,,,Open,K2SA_CRCS_L_2026-06-04_1,2026-06-05 09:30:04,0
bb5d02df,cmm,Measurement,Produksi,CRCS L,K2SA,A066,DISTANCE FROM O1,5A,04 Jun 2026,1,0.173,,,,,Open,K2SA_CRCS_L_2026-06-04_1,2026-06-05 09:30:04,1
c67dae53,cmm,Measurement,Produksi,CRCS L,K2SA,A067,DISTANCE FROM O1,5A,04 Jun 2026,1,0.188,,,,,Open,K2SA_CRCS_L_2026-06-04_1,2026-06-05 09:30:04,1
f83f8750,cmm,Measurement,Produksi,CRCS L,K2SA,A071,POSITION X,5A,04 Jun 2026,1,0.202,,,,,Open,K2SA_CRCS_L_2026-06-04_1,2026-06-05 09:30:04,1
87ac9d9e,cmm,Measurement,Produksi,CRCS L,K2SA,A071,POSITION Y,5A,04 Jun 2026,1,0.202,,,,,Open,K2SA_CRCS_L_2026-06-04_1,2026-06-05 09:30:04,0
a9d5e7fd,cmm,Measurement,Produksi,CRCS L,K2SA,A154,DISTANCE Z FROM A000.2,5A,04 Jun 2026,1,-0.232,,,,,Open,K2SA_CRCS_L_2026-06-04_1,2026-06-05 09:30:04,0
6f18f087,cmm,Measurement,Produksi,CRCS L,K2SA,A155,DISTANCE Z FROM A154,5A,04 Jun 2026,1,-0.203,,,,,Open,K2SA_CRCS_L_2026-06-04_1,2026-06-05 09:30:04,0
0aced66c,cmm,Measurement,Produksi,CRCS L,K2SA,A155,SURFACE HEIGHT FROM A008,5A,04 Jun 2026,1,0.322,,,,,Open,K2SA_CRCS_L_2026-06-04_1,2026-06-05 09:30:04,1
56dfdbcb,cmm,Measurement,Produksi,CRCS L,K2SA,A155,DISTANCE Y FROM A008,5A,04 Jun 2026,1,0.345,,,,,Open,K2SA_CRCS_L_2026-06-04_1,2026-06-05 09:30:04,0
f452f060,cmm,Measurement,Produksi,CRCS L,K2SA,B012,"POSITION X Ø5,45",5A,04 Jun 2026,1,0.299,,,,,Open,K2SA_CRCS_L_2026-06-04_1,2026-06-05 09:30:04,1
115349f1,cmm,Measurement,Produksi,CRCS L,K2SA,B012,"POSITION Y Ø5,45",5A,04 Jun 2026,1,0.299,,,,,Open,K2SA_CRCS_L_2026-06-04_1,2026-06-05 09:30:04,0
80b9085b,cmm,Measurement,Produksi,CRCS L,K2SA,B051,POSITION X,5A,04 Jun 2026,1,-0.357,,,,,Open,K2SA_CRCS_L_2026-06-04_1,2026-06-05 09:30:04,1
57b2d1af,cmm,Measurement,Produksi,CRCS L,K2SA,B051,POSITION Y,5A,04 Jun 2026,1,-0.357,,,,,Open,K2SA_CRCS_L_2026-06-04_1,2026-06-05 09:30:04,0
aa877188,cmm,Measurement,Produksi,CRCS L,K2SA,B052,POSITION X,5A,04 Jun 2026,1,-0.262,,,,,Open,K2SA_CRCS_L_2026-06-04_1,2026-06-05 09:30:04,1
328e0c22,cmm,Measurement,Produksi,CRCS L,K2SA,B052,POSITION Y,5A,04 Jun 2026,1,-0.262,,,,,Open,K2SA_CRCS_L_2026-06-04_1,2026-06-05 09:30:04,1
95164940,cmm,Measurement,Produksi,CRCS L,K2SA,B053,POSITION X,5A,04 Jun 2026,1,0.34,,,,,Open,K2SA_CRCS_L_2026-06-04_1,2026-06-05 09:30:04,1
93cf5db3,cmm,Measurement,Produksi,CRCS L,K2SA,B053,POSITION Y,5A,04 Jun 2026,1,0.34,,,,,Open,K2SA_CRCS_L_2026-06-04_1,2026-06-05 09:30:04,0
e9364670,cmm,Measurement,Produksi,CRCS L,K2SA,B055,POSITION X,5A,04 Jun 2026,1,0.306,,,,,Open,K2SA_CRCS_L_2026-06-04_1,2026-06-05 09:30:04,1
c1eb26a2,cmm,Measurement,Produksi,CRCS L,K2SA,B055,POSITION Y,5A,04 Jun 2026,1,0.306,,,,,Open,K2SA_CRCS_L_2026-06-04_1,2026-06-05 09:30:04,0
9bcd6194,cmm,Measurement,Produksi,CRCS L,K2SA,B056,POSITION X,5A,04 Jun 2026,1,0.368,,,,,Open,K2SA_CRCS_L_2026-06-04_1,2026-06-05 09:30:04,1
0a3006db,cmm,Measurement,Produksi,CRCS L,K2SA,B056,POSITION Y,5A,04 Jun 2026,1,0.368,,,,,Open,K2SA_CRCS_L_2026-06-04_1,2026-06-05 09:30:04,0
07c7cb85,cmm,Measurement,Produksi,CRCS L,K2SA,B057,POSITION X,5A,04 Jun 2026,1,0.309,,,,,Open,K2SA_CRCS_L_2026-06-04_1,2026-06-05 09:30:05,1
adf2ef1d,cmm,Measurement,Produksi,CRCS L,K2SA,B057,POSITION Y,5A,04 Jun 2026,1,0.309,,,,,Open,K2SA_CRCS_L_2026-06-04_1,2026-06-05 09:30:05,0
5e9039f1,cmm,Measurement,Produksi,CRCS L,K2SA,B058,POSITION X,5A,04 Jun 2026,1,0.357,,,,,Open,K2SA_CRCS_L_2026-06-04_1,2026-06-05 09:30:05,1
42c9b8b4,cmm,Measurement,Produksi,CRCS L,K2SA,B058,POSITION Y,5A,04 Jun 2026,1,0.357,,,,,Open,K2SA_CRCS_L_2026-06-04_1,2026-06-05 09:30:05,0
d41bc910,cmm,Measurement,Produksi,CRCS L,K2SA,B060,POSITION X,5A,04 Jun 2026,1,0.294,,,,,Open,K2SA_CRCS_L_2026-06-04_1,2026-06-05 09:30:05,1
942c28b9,cmm,Measurement,Produksi,CRCS L,K2SA,B060,POSITION Y,5A,04 Jun 2026,1,0.294,,,,,Open,K2SA_CRCS_L_2026-06-04_1,2026-06-05 09:30:05,0
b5e3bd67,cmm,Measurement,Produksi,CRCS L,K2SA,B061,POSITION X,5A,04 Jun 2026,1,0.41,,,,,Open,K2SA_CRCS_L_2026-06-04_1,2026-06-05 09:30:05,1
8c1ff3f4,cmm,Measurement,Produksi,CRCS L,K2SA,B061,POSITION Y,5A,04 Jun 2026,1,0.41,,,,,Open,K2SA_CRCS_L_2026-06-04_1,2026-06-05 09:30:05,0
a46b1894,cmm,Measurement,Produksi,CRCS L,K2SA,B062,POSITION X,5A,04 Jun 2026,1,0.367,,,,,Open,K2SA_CRCS_L_2026-06-04_1,2026-06-05 09:30:05,1
b7d31d58,cmm,Measurement,Produksi,CRCS L,K2SA,B062,POSITION Y,5A,04 Jun 2026,1,0.367,,,,,Open,K2SA_CRCS_L_2026-06-04_1,2026-06-05 09:30:05,1
d2abd33e,cmm,Measurement,Produksi,CRCS L,K2SA,B066,POSITION X,5A,04 Jun 2026,1,0.393,,,,,Open,K2SA_CRCS_L_2026-06-04_1,2026-06-05 09:30:05,1
85b2141e,cmm,Measurement,Produksi,CRCS L,K2SA,B066,POSITION Y,5A,04 Jun 2026,1,0.393,,,,,Open,K2SA_CRCS_L_2026-06-04_1,2026-06-05 09:30:05,0
cea56872,cmm,Measurement,Produksi,CRCS L,K60,A040,POSISI X,4L,04 Jun 2026,1,0.259,,,,,Open,K60_CRCS_L_2026-06-04_1,2026-06-05 09:30:22,0
5a916376,cmm,Measurement,Produksi,CRCS L,K60,A040,POSISI X,4R,04 Jun 2026,1,0.226,,,,,Open,K60_CRCS_L_2026-06-04_1,2026-06-05 09:30:22,1
43e55e08,cmm,Measurement,Produksi,CRCS L,K60,A040,POSISI Y,4L,04 Jun 2026,1,0.259,,,,,Open,K60_CRCS_L_2026-06-04_1,2026-06-05 09:30:22,1
de3fbbcf,cmm,Measurement,Produksi,CRCS L,K60,A040,POSISI Y,4R,04 Jun 2026,1,0.226,,,,,Open,K60_CRCS_L_2026-06-04_1,2026-06-05 09:30:22,0
e0c597b2,cmm,Measurement,Produksi,CRCS L,K60,A041,POSISI X,4R,04 Jun 2026,1,0.228,,,,,Open,K60_CRCS_L_2026-06-04_1,2026-06-05 09:30:22,1
222a4dae,cmm,Measurement,Produksi,CRCS L,K60,A041,POSISI Y,4R,04 Jun 2026,1,0.228,,,,,Open,K60_CRCS_L_2026-06-04_1,2026-06-05 09:30:22,0
5ed6b8f1,cmm,Measurement,Produksi,CRCS L,K60,A043,POSISI X,4L,04 Jun 2026,1,0.208,,,,,Open,K60_CRCS_L_2026-06-04_1,2026-06-05 09:30:22,0
e9a8078a,cmm,Measurement,Produksi,CRCS L,K60,A043,POSISI X,4R,04 Jun 2026,1,0.265,,,,,Open,K60_CRCS_L_2026-06-04_1,2026-06-05 09:30:22,0
34e243a8,cmm,Measurement,Produksi,CRCS L,K60,A043,POSISI Y,4L,04 Jun 2026,1,0.208,,,,,Open,K60_CRCS_L_2026-06-04_1,2026-06-05 09:30:22,0
ea8d2f6f,cmm,Measurement,Produksi,CRCS L,K60,A043,POSISI Y,4R,04 Jun 2026,1,0.265,,,,,Open,K60_CRCS_L_2026-06-04_1,2026-06-05 09:30:22,1
b0dfa017,cmm,Measurement,Produksi,CRCS L,K60,A045,POSISI X,4L,04 Jun 2026,1,0.231,,,,,Open,K60_CRCS_L_2026-06-04_1,2026-06-05 09:30:22,0
6c579309,cmm,Measurement,Produksi,CRCS L,K60,A045,POSISI X,4R,04 Jun 2026,1,0.233,,,,,Open,K60_CRCS_L_2026-06-04_1,2026-06-05 09:30:22,0
4632da29,cmm,Measurement,Produksi,CRCS L,K60,A045,POSISI Y,4L,04 Jun 2026,1,0.231,,,,,Open,K60_CRCS_L_2026-06-04_1,2026-06-05 09:30:22,0
94c9b586,cmm,Measurement,Produksi,CRCS L,K60,A045,POSISI Y,4R,04 Jun 2026,1,0.233,,,,,Open,K60_CRCS_L_2026-06-04_1,2026-06-05 09:30:22,1
1edceed1,cmm,Measurement,Produksi,CRCS L,K60,A046,POSISI X,4R,04 Jun 2026,1,0.281,,,,,Open,K60_CRCS_L_2026-06-04_1,2026-06-05 09:30:22,1
885d0722,cmm,Measurement,Produksi,CRCS L,K60,A046,POSISI Y,4R,04 Jun 2026,1,0.281,,,,,Open,K60_CRCS_L_2026-06-04_1,2026-06-05 09:30:22,0
09e6fe62,cmm,Measurement,Produksi,CRCS L,K60,A050,POSISI X,4L,04 Jun 2026,1,-0.232,,,,,Open,K60_CRCS_L_2026-06-04_1,2026-06-05 09:30:22,0
b1d2d5eb,cmm,Measurement,Produksi,CRCS L,K60,A050,POSISI X,4R,04 Jun 2026,1,-0.23,,,,,Open,K60_CRCS_L_2026-06-04_1,2026-06-05 09:30:22,1
5dd3b6c6,cmm,Measurement,Produksi,CRCS L,K60,A050,POSISI Y,4L,04 Jun 2026,1,-0.232,,,,,Open,K60_CRCS_L_2026-06-04_1,2026-06-05 09:30:22,0
fd235b3b,cmm,Measurement,Produksi,CRCS L,K60,A050,POSISI Y,4R,04 Jun 2026,1,-0.23,,,,,Open,K60_CRCS_L_2026-06-04_1,2026-06-05 09:30:22,1
2c066429,cmm,Measurement,Produksi,CRCS L,K60,A071,POSISI X,4L,04 Jun 2026,1,0.227,,,,,Open,K60_CRCS_L_2026-06-04_1,2026-06-05 09:30:22,1
daee2f7b,cmm,Measurement,Produksi,CRCS L,K60,A071,POSISI Y,4L,04 Jun 2026,1,0.227,,,,,Open,K60_CRCS_L_2026-06-04_1,2026-06-05 09:30:22,0
626c4601,cmm,Measurement,Produksi,CRCS L,K60,A151,POSISI X,4L,04 Jun 2026,1,0.054,,,,,Open,K60_CRCS_L_2026-06-04_1,2026-06-05 09:30:22,1
82b1d206,cmm,Measurement,Produksi,CRCS L,K60,A151,POSISI X,4R,04 Jun 2026,1,0.052,,,,,Open,K60_CRCS_L_2026-06-04_1,2026-06-05 09:30:23,1
c2bcf555,cmm,Measurement,Produksi,CRCS L,K60,A151,POSISI Y,4L,04 Jun 2026,1,0.054,,,,,Open,K60_CRCS_L_2026-06-04_1,2026-06-05 09:30:23,0
90b04897,cmm,Measurement,Produksi,CRCS L,K60,A151,POSISI Y,4R,04 Jun 2026,1,0.052,,,,,Open,K60_CRCS_L_2026-06-04_1,2026-06-05 09:30:23,0
059e13f1,cmm,Measurement,Produksi,CRCS L,K60,A151,POSISI X TAP,4R,04 Jun 2026,1,0.217,,,,,Open,K60_CRCS_L_2026-06-04_1,2026-06-05 09:30:23,1
eb970d4b,cmm,Measurement,Produksi,CRCS L,K60,A151,POSISI Y TAP,4R,04 Jun 2026,1,0.217,,,,,Open,K60_CRCS_L_2026-06-04_1,2026-06-05 09:30:23,0
4c8643f7,cmm,Measurement,Produksi,CRCS L,K60,A152,POSISI X TAP,4R,04 Jun 2026,1,0.206,,,,,Open,K60_CRCS_L_2026-06-04_1,2026-06-05 09:30:23,1
d5989fdd,cmm,Measurement,Produksi,CRCS L,K60,A152,POSISI Y TAP,4R,04 Jun 2026,1,0.206,,,,,Open,K60_CRCS_L_2026-06-04_1,2026-06-05 09:30:23,0
4ea09b8f,cmm,Measurement,Produksi,CRCS L,K60,A153,POSISI X,4R,04 Jun 2026,1,-0.156,,,,,Open,K60_CRCS_L_2026-06-04_1,2026-06-05 09:30:23,0
d03f46ca,cmm,Measurement,Produksi,CRCS L,K60,A153,HEIGHT SPOT FACE,4L,04 Jun 2026,1,0.198,,,,,Open,K60_CRCS_L_2026-06-04_1,2026-06-05 09:30:23,0
347ef744,cmm,Measurement,Produksi,CRCS L,K60,A153,HEIGHT SPOT FACE,4R,04 Jun 2026,1,0.195,,,,,Open,K60_CRCS_L_2026-06-04_1,2026-06-05 09:30:23,0
33a33b2a,cmm,Measurement,Produksi,CRCS L,K60,B011,POSISI X,4R,04 Jun 2026,1,0.1,,,,,Open,K60_CRCS_L_2026-06-04_1,2026-06-05 09:30:23,1
fe400ff0,cmm,Measurement,Produksi,CRCS L,K60,B011,POSISI Y,4R,04 Jun 2026,1,0.1,,,,,Open,K60_CRCS_L_2026-06-04_1,2026-06-05 09:30:23,0
0b4f240a,cmm,Measurement,Produksi,CRCS L,K60,B012,POSISI X DARI B011,4R,04 Jun 2026,1,-0.078,,,,,Open,K60_CRCS_L_2026-06-04_1,2026-06-05 09:30:23,1
f8d75768,cmm,Measurement,Produksi,CRCS L,K60,B012,POSISI Y DARI B011,4R,04 Jun 2026,1,-0.078,,,,,Open,K60_CRCS_L_2026-06-04_1,2026-06-05 09:30:23,0
9a876469,cmm,Measurement,Produksi,CRCS L,K60,B012,POSISI X DARI B011 Tap,4R,04 Jun 2026,1,-0.228,,,,,Open,K60_CRCS_L_2026-06-04_1,2026-06-05 09:30:23,1
a2864f36,cmm,Measurement,Produksi,CRCS L,K60,B012,POSISI Y DARI B011 Tap,4R,04 Jun 2026,1,-0.228,,,,,Open,K60_CRCS_L_2026-06-04_1,2026-06-05 09:30:23,0
e176745f,cmm,Measurement,Produksi,CRCS L,K60,B026,POSISI X,4L,04 Jun 2026,1,0.323,,,,,Open,K60_CRCS_L_2026-06-04_1,2026-06-05 09:30:23,1
840aa575,cmm,Measurement,Produksi,CRCS L,K60,B026,POSISI X,4R,04 Jun 2026,1,0.319,,,,,Open,K60_CRCS_L_2026-06-04_1,2026-06-05 09:30:23,1
09598a7b,cmm,Measurement,Produksi,CRCS L,K60,B026,POSISI Y,4L,04 Jun 2026,1,0.323,,,,,Open,K60_CRCS_L_2026-06-04_1,2026-06-05 09:30:23,0
8467ab31,cmm,Measurement,Produksi,CRCS L,K60,B026,POSISI Y,4R,04 Jun 2026,1,0.319,,,,,Open,K60_CRCS_L_2026-06-04_1,2026-06-05 09:30:23,0
a7559c3d,cmm,Measurement,Produksi,CRCS L,K60,B056,POSISI X,4R,04 Jun 2026,1,-0.218,,,,,Open,K60_CRCS_L_2026-06-04_1,2026-06-05 09:30:23,1
4dc80fc0,cmm,Measurement,Produksi,CRCS L,K60,B056,POSISI Y,4R,04 Jun 2026,1,-0.218,,,,,Open,K60_CRCS_L_2026-06-04_1,2026-06-05 09:30:23,1
00663e6d,cmm,Measurement,Produksi,CRCS L,K60,B065,POSISI X,4L,04 Jun 2026,1,0.268,,,,,Open,K60_CRCS_L_2026-06-04_1,2026-06-05 09:30:23,1
934ab5d6,cmm,Measurement,Produksi,CRCS L,K60,B065,POSISI Y,4L,04 Jun 2026,1,0.268,,,,,Open,K60_CRCS_L_2026-06-04_1,2026-06-05 09:30:23,1
12ae29cd,cmm,Measurement,Produksi,CRCS R,K1AL L1,C000,Flatness adjacent bosses,1,04 Jun 2026,1,0.034,,,,,Open,K1AL_L1_CRCS_R_2026-06-04_1,2026-06-05 09:30:44,0
0ba9be6e,cmm,Measurement,Produksi,CRCS R,K1AL L1,C016,Posisi X,1,04 Jun 2026,1,0.179,,,,,Open,K1AL_L1_CRCS_R_2026-06-04_1,2026-06-05 09:30:44,1
e47c61ef,cmm,Measurement,Produksi,CRCS R,K1AL L1,C016,Posisi X,2,04 Jun 2026,1,0.173,,,,,Open,K1AL_L1_CRCS_R_2026-06-04_1,2026-06-05 09:30:44,1
0b716432,cmm,Measurement,Produksi,CRCS R,K1AL L1,C016,Posisi X,4,04 Jun 2026,1,0.193,,,,,Open,K1AL_L1_CRCS_R_2026-06-04_1,2026-06-05 09:30:44,1
1bb55ee0,cmm,Measurement,Produksi,CRCS R,K1AL L1,C016,Distance 01,1,04 Jun 2026,1,0.188,,,,,Open,K1AL_L1_CRCS_R_2026-06-04_1,2026-06-05 09:30:44,0
17a845a6,cmm,Measurement,Produksi,CRCS R,K1AL L1,C016,Distance 01,2,04 Jun 2026,1,0.188,,,,,Open,K1AL_L1_CRCS_R_2026-06-04_1,2026-06-05 09:30:44,1
b7938657,cmm,Measurement,Produksi,CRCS R,K1AL L1,C016,Distance 01,4,04 Jun 2026,1,0.207,,,,,Open,K1AL_L1_CRCS_R_2026-06-04_1,2026-06-05 09:30:45,0
3ac2b642,cmm,Measurement,Produksi,CRCS R,K1AL L1,C016,Distance 01,6,04 Jun 2026,1,0.103,,,,,Open,K1AL_L1_CRCS_R_2026-06-04_1,2026-06-05 09:30:45,0
380de609,cmm,Measurement,Produksi,CRCS R,K1AL L1,C030,Posisi X,1,04 Jun 2026,1,0.056,,,,,Open,K1AL_L1_CRCS_R_2026-06-04_1,2026-06-05 09:30:45,1
8fb6ea15,cmm,Measurement,Produksi,CRCS R,K1AL L1,C030,Posisi Y,1,04 Jun 2026,1,0.056,,,,,Open,K1AL_L1_CRCS_R_2026-06-04_1,2026-06-05 09:30:45,0
ade1eef1,cmm,Measurement,Produksi,CRCS R,K1AL L1,C159,Posisi X,1,04 Jun 2026,1,0.124,,,,,Open,K1AL_L1_CRCS_R_2026-06-04_1,2026-06-05 09:30:45,0
f2ac38c2,cmm,Measurement,Produksi,CRCS R,K1AL L1,C159,Posisi X,4,04 Jun 2026,1,0.116,,,,,Open,K1AL_L1_CRCS_R_2026-06-04_1,2026-06-05 09:30:45,0
95775d53,cmm,Measurement,Produksi,CRCS R,K1AL L1,C159,Posisi X,6,04 Jun 2026,1,0.119,,,,,Open,K1AL_L1_CRCS_R_2026-06-04_1,2026-06-05 09:30:45,0
2d6535b5,cmm,Measurement,Produksi,CRCS R,K1AL L1,D005,Concentricity to f,1,04 Jun 2026,1,0.177,,,,,Open,K1AL_L1_CRCS_R_2026-06-04_1,2026-06-05 09:30:45,1
030fa93c,cmm,Measurement,Produksi,CRCS R,K1AL L1,D005,Concentricity to f,2,04 Jun 2026,1,0.219,,,,,Open,K1AL_L1_CRCS_R_2026-06-04_1,2026-06-05 09:30:45,0
65a0301c,cmm,Measurement,Produksi,CRCS R,K1AL L1,D005,Concentricity to f,3,04 Jun 2026,1,0.106,,,,,Open,K1AL_L1_CRCS_R_2026-06-04_1,2026-06-05 09:30:45,1
ecfda610,cmm,Measurement,Produksi,CRCS R,K1AL L1,D005,Concentricity to f,4,04 Jun 2026,1,0.166,,,,,Open,K1AL_L1_CRCS_R_2026-06-04_1,2026-06-05 09:30:45,1
62b199e4,cmm,Measurement,Produksi,CRCS R,K1AL L1,D005,Concentricity to f,5,04 Jun 2026,1,0.151,,,,,Open,K1AL_L1_CRCS_R_2026-06-04_1,2026-06-05 09:30:45,0
cedfc733,cmm,Measurement,Produksi,CRCS R,K1AL L1,D015,Angle From D014,1,04 Jun 2026,1,0.709,,,,,Open,K1AL_L1_CRCS_R_2026-06-04_1,2026-06-05 09:30:45,0
4a088c55,cmm,Measurement,Produksi,CRCS R,K1AL L1,D015,Angle From D014,2,04 Jun 2026,1,0.547,,,,,Open,K1AL_L1_CRCS_R_2026-06-04_1,2026-06-05 09:30:45,0
2326155f,cmm,Measurement,Produksi,CRCS R,K1AL L1,D015,Angle From D014,4,04 Jun 2026,1,0.578,,,,,Open,K1AL_L1_CRCS_R_2026-06-04_1,2026-06-05 09:30:45,0
793240c9,cmm,Measurement,Produksi,CRCS R,K1AL L1,D015,Angle From D014,5,04 Jun 2026,1,0.606,,,,,Open,K1AL_L1_CRCS_R_2026-06-04_1,2026-06-05 09:30:45,0
233c05f5,cmm,Measurement,Produksi,CRCS R,K1AL L1,D033,Distance From D032,1,04 Jun 2026,1,-0.389,,,,,Open,K1AL_L1_CRCS_R_2026-06-04_1,2026-06-05 09:30:45,0
a96cbc2f,cmm,Measurement,Produksi,CRCS R,K1AL L1,D033,Distance From D032,2,04 Jun 2026,1,-0.489,,,,,Open,K1AL_L1_CRCS_R_2026-06-04_1,2026-06-05 09:30:45,0
a8612926,cmm,Measurement,Produksi,CRCS R,K1AL L1,D033,Distance From D032,4,04 Jun 2026,1,-0.479,,,,,Open,K1AL_L1_CRCS_R_2026-06-04_1,2026-06-05 09:30:45,0
17bb4bdb,cmm,Measurement,Produksi,CRCS R,K1AL L1,D033,Distance From D032,5,04 Jun 2026,1,-0.468,,,,,Open,K1AL_L1_CRCS_R_2026-06-04_1,2026-06-05 09:30:45,0
ce63d1c1,cmm,Measurement,Produksi,CRCS R,K1AL L1,D087,Posisi X,1,04 Jun 2026,1,-0.379,,,,,Open,K1AL_L1_CRCS_R_2026-06-04_1,2026-06-05 09:30:45,1
b187caa6,cmm,Measurement,Produksi,CRCS R,K1AL L1,D087,Posisi X,4,04 Jun 2026,1,-0.369,,,,,Open,K1AL_L1_CRCS_R_2026-06-04_1,2026-06-05 09:30:45,0
0fc40421,cmm,Measurement,Produksi,CRCS R,K1AL L1,D087,Posisi X,6,04 Jun 2026,1,-0.409,,,,,Open,K1AL_L1_CRCS_R_2026-06-04_1,2026-06-05 09:30:45,0
deb7f6d1,cmm,Measurement,Produksi,CRCS R,K1AL L1,D087,Posisi Y,1,04 Jun 2026,1,-0.379,,,,,Open,K1AL_L1_CRCS_R_2026-06-04_1,2026-06-05 09:30:45,1
be13d5d9,cmm,Measurement,Produksi,CRCS R,K1AL L1,D087,Posisi Y,4,04 Jun 2026,1,-0.369,,,,,Open,K1AL_L1_CRCS_R_2026-06-04_1,2026-06-05 09:30:45,1
9fe96622,cmm,Measurement,Produksi,CRCS R,K1AL L1,D087,Posisi Y,6,04 Jun 2026,1,-0.409,,,,,Open,K1AL_L1_CRCS_R_2026-06-04_1,2026-06-05 09:30:45,1
f39fedb9,cmm,Measurement,Produksi,CRCS R,K1AL L1,D087,Posisi Z,1,04 Jun 2026,1,-0.379,,,,,Open,K1AL_L1_CRCS_R_2026-06-04_1,2026-06-05 09:30:45,1
d1f24227,cmm,Measurement,Produksi,CRCS R,K1AL L1,D087,Posisi Z,4,04 Jun 2026,1,-0.369,,,,,Open,K1AL_L1_CRCS_R_2026-06-04_1,2026-06-05 09:30:45,0
956fbe49,cmm,Measurement,Produksi,CRCS R,K1AL L1,D087,Posisi Z,6,04 Jun 2026,1,-0.409,,,,,Open,K1AL_L1_CRCS_R_2026-06-04_1,2026-06-05 09:30:45,0
d84baf3f,cmm,Measurement,Produksi,CRCS R,K1AL L1,D090,Posisi X,1,04 Jun 2026,1,-0.27,,,,,Open,K1AL_L1_CRCS_R_2026-06-04_1,2026-06-05 09:30:45,1
952e3dfd,cmm,Measurement,Produksi,CRCS R,K1AL L1,D090,Posisi X,3,04 Jun 2026,1,-0.278,,,,,Open,K1AL_L1_CRCS_R_2026-06-04_1,2026-06-05 09:30:45,0
dc78f562,cmm,Measurement,Produksi,CRCS R,K1AL L1,D090,Posisi X,5,04 Jun 2026,1,-0.235,,,,,Open,K1AL_L1_CRCS_R_2026-06-04_1,2026-06-05 09:30:45,0
63d6979a,cmm,Measurement,Produksi,CRCS R,K1AL L1,D090,Posisi X,6,04 Jun 2026,1,-0.23,,,,,Open,K1AL_L1_CRCS_R_2026-06-04_1,2026-06-05 09:30:45,1
5acc0b19,cmm,Measurement,Produksi,CRCS R,K1AL L1,D090,Posisi Y,1,04 Jun 2026,1,-0.27,,,,,Open,K1AL_L1_CRCS_R_2026-06-04_1,2026-06-05 09:30:45,0
e1539c8b,cmm,Measurement,Produksi,CRCS R,K1AL L1,D090,Posisi Y,3,04 Jun 2026,1,-0.278,,,,,Open,K1AL_L1_CRCS_R_2026-06-04_1,2026-06-05 09:30:45,0
4225ae4a,cmm,Measurement,Produksi,CRCS R,K1AL L1,D090,Posisi Y,5,04 Jun 2026,1,-0.235,,,,,Open,K1AL_L1_CRCS_R_2026-06-04_1,2026-06-05 09:30:45,0
217c42cf,cmm,Measurement,Produksi,CRCS R,K1AL L1,D090,Posisi Y,6,04 Jun 2026,1,-0.23,,,,,Open,K1AL_L1_CRCS_R_2026-06-04_1,2026-06-05 09:30:45,0
d7a3094c,cmm,Measurement,Produksi,CRCS R,K1AL L1,D092,Posisi X,3,04 Jun 2026,1,-0.226,,,,,Open,K1AL_L1_CRCS_R_2026-06-04_1,2026-06-05 09:30:45,1
7211c9eb,cmm,Measurement,Produksi,CRCS R,K1AL L1,D092,Posisi Y,3,04 Jun 2026,1,-0.226,,,,,Open,K1AL_L1_CRCS_R_2026-06-04_1,2026-06-05 09:30:45,1
8fe8b303,cmm,Measurement,Produksi,CRCS R,K1AL L3,C041,Posisi X,AL,04 Jun 2026,1,0.213,,,,,Open,K1AL_L3_CRCS_R_2026-06-04_1,2026-06-05 09:31:28,1
01602f03,cmm,Measurement,Produksi,CRCS R,K1AL L3,C041,Posisi Y,AL,04 Jun 2026,1,0.213,,,,,Open,K1AL_L3_CRCS_R_2026-06-04_1,2026-06-05 09:31:28,1
18e11213,cmm,Measurement,Produksi,CRCS R,K1AL L3,C160,Posisi X,AL,04 Jun 2026,1,-0.543,,,,,Open,K1AL_L3_CRCS_R_2026-06-04_1,2026-06-05 09:31:28,1
0b1b6f3c,cmm,Measurement,Produksi,CRCS R,K1AL L3,C160,Posisi Y,AL,04 Jun 2026,1,-0.543,,,,,Open,K1AL_L3_CRCS_R_2026-06-04_1,2026-06-05 09:31:28,0
1b3e1319,cmm,Measurement,Produksi,CRCS R,K1AL L3,C163,Posisi X,AL,04 Jun 2026,1,-0.21,,,,,Open,K1AL_L3_CRCS_R_2026-06-04_1,2026-06-05 09:31:28,1
8825865b,cmm,Measurement,Produksi,CRCS R,K1AL L3,C163,Posisi Y,AL,04 Jun 2026,1,-0.21,,,,,Open,K1AL_L3_CRCS_R_2026-06-04_1,2026-06-05 09:31:28,0
ba2eafa9,cmm,Measurement,Produksi,CRCS R,K1AL L3,D005,Concentricity to f,AL,04 Jun 2026,1,0.17,,,,,Open,K1AL_L3_CRCS_R_2026-06-04_1,2026-06-05 09:31:28,0
51bed89f,cmm,Measurement,Produksi,CRCS R,K1AL L3,D033,Distance From D032,AL,04 Jun 2026,1,-0.405,,,,,Open,K1AL_L3_CRCS_R_2026-06-04_1,2026-06-05 09:31:28,0
8ca81cb2,cmm,Measurement,Produksi,CRCS R,K1AL L3,D087,Angle 2,AL,04 Jun 2026,1,-4.571,,,,,Open,K1AL_L3_CRCS_R_2026-06-04_1,2026-06-05 09:31:28,0
fc91a0d0,cmm,Measurement,Produksi,CRCS R,K1AL L3,D087,Posisi X,AL,04 Jun 2026,1,-0.218,,,,,Open,K1AL_L3_CRCS_R_2026-06-04_1,2026-06-05 09:31:28,0
9a0948d5,cmm,Measurement,Produksi,CRCS R,K1AL L3,D087,Posisi Y,AL,04 Jun 2026,1,-0.218,,,,,Open,K1AL_L3_CRCS_R_2026-06-04_1,2026-06-05 09:31:28,1
cc67362e,cmm,Measurement,Produksi,CRCS R,K1AL L3,D087,Posisi Z,AL,04 Jun 2026,1,-0.218,,,,,Open,K1AL_L3_CRCS_R_2026-06-04_1,2026-06-05 09:31:28,1
18b2619f,cmm,Measurement,Produksi,CRCS R,K2SA,C160,POSITION X,5AL,04 Jun 2026,1,0.222,,,,,Open,K2SA_CRCS_R_2026-06-04_1,2026-06-05 09:34:34,1
0fff891e,cmm,Measurement,Produksi,CRCS R,K2SA,C160,POSITION Y,5AL,04 Jun 2026,1,0.222,,,,,Open,K2SA_CRCS_R_2026-06-04_1,2026-06-05 09:34:34,0
c5e747b4,cmm,Measurement,Produksi,CRCS R,K2SA,C163,POSITION X,5AL,04 Jun 2026,1,0.216,,,,,Open,K2SA_CRCS_R_2026-06-04_1,2026-06-05 09:34:34,1
803c07df,cmm,Measurement,Produksi,CRCS R,K2SA,C163,POSITION Y,5AL,04 Jun 2026,1,0.216,,,,,Open,K2SA_CRCS_R_2026-06-04_1,2026-06-05 09:34:34,0
58a1691b,cmm,Measurement,Produksi,CRCS R,K2SA,D070,DISTANCE X FROM D074,5AL,04 Jun 2026,1,0.152,,,,,Open,K2SA_CRCS_R_2026-06-04_1,2026-06-05 09:34:34,1
afc715fa,cmm,Measurement,Produksi,CRCS R,K2SA,D070,DISTANCE Y FROM D074,5AL,04 Jun 2026,1,0.152,,,,,Open,K2SA_CRCS_R_2026-06-04_1,2026-06-05 09:34:34,0
56adc780,cmm,Measurement,Produksi,CRCS R,K2SA,D071,DISTANCE X FROM D074,5AL,04 Jun 2026,1,0.231,,,,,Open,K2SA_CRCS_R_2026-06-04_1,2026-06-05 09:34:34,0
c3849276,cmm,Measurement,Produksi,CRCS R,K2SA,D071,DISTANCE Y FROM D074,5AL,04 Jun 2026,1,0.231,,,,,Open,K2SA_CRCS_R_2026-06-04_1,2026-06-05 09:34:34,0
9ff1ca03,cmm,Measurement,Produksi,CRCS R,K2SA,D072,POSITION X,5AL,04 Jun 2026,1,0.247,,,,,Open,K2SA_CRCS_R_2026-06-04_1,2026-06-05 09:34:34,0
df6f2791,cmm,Measurement,Produksi,CRCS R,K2SA,D072,POSITION Y,5AL,04 Jun 2026,1,0.247,,,,,Open,K2SA_CRCS_R_2026-06-04_1,2026-06-05 09:34:34,0
a5552587,cmm,Measurement,Produksi,CRCS R,K2SA,D074,POSITION X,5AL,04 Jun 2026,1,-0.128,,,,,Open,K2SA_CRCS_R_2026-06-04_1,2026-06-05 09:34:34,0
c7b111ac,cmm,Measurement,Produksi,CRCS R,K2SA,D074,POSITION Y,5AL,04 Jun 2026,1,-0.128,,,,,Open,K2SA_CRCS_R_2026-06-04_1,2026-06-05 09:34:34,1
58f87a58,cmm,Measurement,Produksi,CRCS L,K1AL L2,A006,Concentricity to m,2A,04 Jun 2026,1,0.034,,,,,Open,K1AL_L2_CRCS_L_2026-06-04_1,2026-06-05 12:59:14,0
75cec01f,cmm,Measurement,Produksi,CRCS L,K1AL L2,A008,Distance From A006,2B,04 Jun 2026,1,0.056,,,,,Open,K1AL_L2_CRCS_L_2026-06-04_1,2026-06-05 12:59:14,0
1772af63,cmm,Measurement,Produksi,CRCS L,K1AL L2,A041,Posisi X,2B,04 Jun 2026,1,0.271,,,,,Open,K1AL_L2_CRCS_L_2026-06-04_1,2026-06-05 12:59:14,0
e79fcb0c,cmm,Measurement,Produksi,CRCS L,K1AL L2,A041,Posisi Y,2B,04 Jun 2026,1,0.271,,,,,Open,K1AL_L2_CRCS_L_2026-06-04_1,2026-06-05 12:59:14,0
cf242706,cmm,Measurement,Produksi,CRCS L,K1AL L2,A043,Posisi X,2B,04 Jun 2026,1,-0.398,,,,,Open,K1AL_L2_CRCS_L_2026-06-04_1,2026-06-05 12:59:14,1
49543546,cmm,Measurement,Produksi,CRCS L,K1AL L2,A043,Posisi Y,2B,04 Jun 2026,1,-0.398,,,,,Open,K1AL_L2_CRCS_L_2026-06-04_1,2026-06-05 12:59:14,1
164964e8,cmm,Measurement,Produksi,CRCS L,K1AL L2,A044,Posisi X,2B,04 Jun 2026,1,-0.278,,,,,Open,K1AL_L2_CRCS_L_2026-06-04_1,2026-06-05 12:59:14,1
67b2f303,cmm,Measurement,Produksi,CRCS L,K1AL L2,A044,Posisi Y,2B,04 Jun 2026,1,-0.278,,,,,Open,K1AL_L2_CRCS_L_2026-06-04_1,2026-06-05 12:59:14,1
112269b8,cmm,Measurement,Produksi,CRCS L,K1AL L2,A045,Posisi X,2B,04 Jun 2026,1,-0.282,,,,,Open,K1AL_L2_CRCS_L_2026-06-04_1,2026-06-05 12:59:14,1
c6edece8,cmm,Measurement,Produksi,CRCS L,K1AL L2,A045,Posisi Y,2B,04 Jun 2026,1,-0.282,,,,,Open,K1AL_L2_CRCS_L_2026-06-04_1,2026-06-05 12:59:14,0
9ba0b78c,cmm,Measurement,Produksi,CRCS L,K1AL L2,A152,Posisi Y Reamer 8H8,2B,04 Jun 2026,1,-0.087,,,,,Open,K1AL_L2_CRCS_L_2026-06-04_1,2026-06-05 12:59:14,0
b308ac9b,cmm,Measurement,Produksi,CRCS L,K1AL L2,B017,Distance From B027,2B,04 Jun 2026,1,-0.178,,,,,Open,K1AL_L2_CRCS_L_2026-06-04_1,2026-06-05 12:59:14,0
9622d924,cmm,Measurement,Produksi,CRCS L,K1AL L2,B017,Position To f & g,2A,04 Jun 2026,1,0.219,,,,,Open,K1AL_L2_CRCS_L_2026-06-04_1,2026-06-05 12:59:14,0
81f4b91d,cmm,Measurement,Produksi,CRCS L,K1AL L2,B018,Position To f & g,2B,04 Jun 2026,1,0.376,,,,,Open,K1AL_L2_CRCS_L_2026-06-04_1,2026-06-05 12:59:15,1
69fdd054,cmm,Measurement,Produksi,CRCS L,K1AL L2,B024,Posisi Y,2A,04 Jun 2026,1,-0.293,,,,,Open,K1AL_L2_CRCS_L_2026-06-04_1,2026-06-05 12:59:15,0
3ba0f196,cmm,Measurement,Produksi,CRCS L,K1AL L2,B051,Posisi X,2A,04 Jun 2026,1,-0.332,,,,,Open,K1AL_L2_CRCS_L_2026-06-04_1,2026-06-05 12:59:15,1
38181c31,cmm,Measurement,Produksi,CRCS L,K1AL L2,B051,Posisi Y,2A,04 Jun 2026,1,-0.332,,,,,Open,K1AL_L2_CRCS_L_2026-06-04_1,2026-06-05 12:59:15,0
43a20e1c,cmm,Measurement,Produksi,CRCS L,K1AL L2,B052,Posisi X,2A,04 Jun 2026,1,-0.29,,,,,Open,K1AL_L2_CRCS_L_2026-06-04_1,2026-06-05 12:59:15,1
5142a00c,cmm,Measurement,Produksi,CRCS L,K1AL L2,B052,Posisi Y,2A,04 Jun 2026,1,-0.29,,,,,Open,K1AL_L2_CRCS_L_2026-06-04_1,2026-06-05 12:59:15,0
176ff6a2,cmm,Measurement,Produksi,CRCS L,K1AL L2,B053,Posisi X,2A,04 Jun 2026,1,-0.239,,,,,Open,K1AL_L2_CRCS_L_2026-06-04_1,2026-06-05 12:59:15,1
77a15a0e,cmm,Measurement,Produksi,CRCS L,K1AL L2,B053,Posisi Y,2A,04 Jun 2026,1,-0.239,,,,,Open,K1AL_L2_CRCS_L_2026-06-04_1,2026-06-05 12:59:15,0
24b90421,cmm,Measurement,Produksi,CRCS L,K1AL L2,B060,Posisi X,2A,04 Jun 2026,1,0.268,,,,,Open,K1AL_L2_CRCS_L_2026-06-04_1,2026-06-05 12:59:15,1
3ae7691d,cmm,Measurement,Produksi,CRCS L,K1AL L2,B060,Posisi Y,2A,04 Jun 2026,1,0.268,,,,,Open,K1AL_L2_CRCS_L_2026-06-04_1,2026-06-05 12:59:15,1
689d8f21,cmm,Measurement,Produksi,CRCS L,K1AL L2,B071,Posisi X,2B,04 Jun 2026,1,0.226,,,,,Open,K1AL_L2_CRCS_L_2026-06-04_1,2026-06-05 12:59:15,1
fa568301,cmm,Measurement,Produksi,CRCS L,K1AL L2,B071,Posisi Y,2B,04 Jun 2026,1,0.226,,,,,Open,K1AL_L2_CRCS_L_2026-06-04_1,2026-06-05 12:59:15,0
7bed0aa2,cmm,Measurement,Produksi,CRCS L,K1AL L2,B072,Posisi X,2B,04 Jun 2026,1,0.212,,,,,Open,K1AL_L2_CRCS_L_2026-06-04_1,2026-06-05 12:59:15,1
1faed975,cmm,Measurement,Produksi,CRCS L,K1AL L2,B072,Posisi Y,2B,04 Jun 2026,1,0.212,,,,,Open,K1AL_L2_CRCS_L_2026-06-04_1,2026-06-05 12:59:15,0
62af8249,cmm,Measurement,Produksi,CRCS L,K1AL L2,B073,Posisi X,2A,04 Jun 2026,1,-0.297,,,,,Open,K1AL_L2_CRCS_L_2026-06-04_1,2026-06-05 12:59:15,1
73df3e88,cmm,Measurement,Produksi,CRCS L,K1AL L2,B073,Posisi Y,2A,04 Jun 2026,1,-0.297,,,,,Open,K1AL_L2_CRCS_L_2026-06-04_1,2026-06-05 12:59:16,0
73c425cc,cmm,Measurement,Produksi,CRCS L,K1AL L2,B074,Posisi X,2A,04 Jun 2026,1,-0.293,,,,,Open,K1AL_L2_CRCS_L_2026-06-04_1,2026-06-05 12:59:16,1
ccb18f55,cmm,Measurement,Produksi,CRCS L,K1AL L2,B074,Posisi Y,2A,04 Jun 2026,1,-0.293,,,,,Open,K1AL_L2_CRCS_L_2026-06-04_1,2026-06-05 12:59:16,0
1328fdda,cmm,Measurement,Produksi,CRCS L,K1AL L2,B078,Posisi X,2A,04 Jun 2026,1,-0.301,,,,,Open,K1AL_L2_CRCS_L_2026-06-04_1,2026-06-05 12:59:16,1
87295aaf,cmm,Measurement,Produksi,CRCS L,K1AL L2,B078,Posisi Y,2A,04 Jun 2026,1,-0.301,,,,,Open,K1AL_L2_CRCS_L_2026-06-04_1,2026-06-05 12:59:16,1
72ae435a,cmm,Measurement,Produksi,CRCS L,K1AL L2,B082,Posisi X,2B,04 Jun 2026,1,0.113,,,,,Open,K1AL_L2_CRCS_L_2026-06-04_1,2026-06-05 12:59:16,1
78016e50,cmm,Measurement,Produksi,CRCS L,K1AL L2,B082,Posisi Y,2B,04 Jun 2026,1,0.113,,,,,Open,K1AL_L2_CRCS_L_2026-06-04_1,2026-06-05 12:59:16,0
a90fa984,cmm,Measurement,Produksi,CRCS R,K1AL L1,C000,Flatness adjacent bosses,1,04 Jun 2026,1,0.034,,,,,Open,K1AL_L1_CRCS_R_2026-06-04_1,2026-06-05 13:05:43,0
146dcea6,cmm,Measurement,Produksi,CRCS R,K1AL L1,C016,Posisi X,1,04 Jun 2026,1,0.179,,,,,Open,K1AL_L1_CRCS_R_2026-06-04_1,2026-06-05 13:05:43,1
ca549b5a,cmm,Measurement,Produksi,CRCS R,K1AL L1,C016,Posisi X,2,04 Jun 2026,1,0.173,,,,,Open,K1AL_L1_CRCS_R_2026-06-04_1,2026-06-05 13:05:43,1
b908877f,cmm,Measurement,Produksi,CRCS R,K1AL L1,C016,Posisi X,4,04 Jun 2026,1,0.193,,,,,Open,K1AL_L1_CRCS_R_2026-06-04_1,2026-06-05 13:05:43,1
ac5c8050,cmm,Measurement,Produksi,CRCS R,K1AL L1,C016,Distance 01,1,04 Jun 2026,1,0.188,,,,,Open,K1AL_L1_CRCS_R_2026-06-04_1,2026-06-05 13:05:43,0
aad73274,cmm,Measurement,Produksi,CRCS R,K1AL L1,C016,Distance 01,2,04 Jun 2026,1,0.188,,,,,Open,K1AL_L1_CRCS_R_2026-06-04_1,2026-06-05 13:05:43,1
10f8faf5,cmm,Measurement,Produksi,CRCS R,K1AL L1,C016,Distance 01,4,04 Jun 2026,1,0.207,,,,,Open,K1AL_L1_CRCS_R_2026-06-04_1,2026-06-05 13:05:43,0
49d161b1,cmm,Measurement,Produksi,CRCS R,K1AL L1,C016,Distance 01,6,04 Jun 2026,1,0.103,,,,,Open,K1AL_L1_CRCS_R_2026-06-04_1,2026-06-05 13:05:43,0
c37fc25e,cmm,Measurement,Produksi,CRCS R,K1AL L1,C030,Posisi X,1,04 Jun 2026,1,0.056,,,,,Open,K1AL_L1_CRCS_R_2026-06-04_1,2026-06-05 13:05:43,1
d434752c,cmm,Measurement,Produksi,CRCS R,K1AL L1,C030,Posisi Y,1,04 Jun 2026,1,0.056,,,,,Open,K1AL_L1_CRCS_R_2026-06-04_1,2026-06-05 13:05:44,0
cb9af89b,cmm,Measurement,Produksi,CRCS R,K1AL L1,C159,Posisi X,1,04 Jun 2026,1,0.124,,,,,Open,K1AL_L1_CRCS_R_2026-06-04_1,2026-06-05 13:05:44,0
5ca8b72f,cmm,Measurement,Produksi,CRCS R,K1AL L1,C159,Posisi X,4,04 Jun 2026,1,0.116,,,,,Open,K1AL_L1_CRCS_R_2026-06-04_1,2026-06-05 13:05:44,0
ae0f8295,cmm,Measurement,Produksi,CRCS R,K1AL L1,C159,Posisi X,6,04 Jun 2026,1,0.119,,,,,Open,K1AL_L1_CRCS_R_2026-06-04_1,2026-06-05 13:05:44,0
f7f1cf55,cmm,Measurement,Produksi,CRCS R,K1AL L1,D005,Concentricity to f,1,04 Jun 2026,1,0.177,,,,,Open,K1AL_L1_CRCS_R_2026-06-04_1,2026-06-05 13:05:44,1
9fdd2c7f,cmm,Measurement,Produksi,CRCS R,K1AL L1,D005,Concentricity to f,2,04 Jun 2026,1,0.219,,,,,Open,K1AL_L1_CRCS_R_2026-06-04_1,2026-06-05 13:05:44,0
065e9d16,cmm,Measurement,Produksi,CRCS R,K1AL L1,D005,Concentricity to f,3,04 Jun 2026,1,0.106,,,,,Open,K1AL_L1_CRCS_R_2026-06-04_1,2026-06-05 13:05:44,1
f774a3e3,cmm,Measurement,Produksi,CRCS R,K1AL L1,D005,Concentricity to f,4,04 Jun 2026,1,0.166,,,,,Open,K1AL_L1_CRCS_R_2026-06-04_1,2026-06-05 13:05:44,1
da6a680e,cmm,Measurement,Produksi,CRCS R,K1AL L1,D005,Concentricity to f,5,04 Jun 2026,1,0.151,,,,,Open,K1AL_L1_CRCS_R_2026-06-04_1,2026-06-05 13:05:44,0
d0724d23,cmm,Measurement,Produksi,CRCS R,K1AL L1,D015,Angle From D014,1,04 Jun 2026,1,0.709,,,,,Open,K1AL_L1_CRCS_R_2026-06-04_1,2026-06-05 13:05:44,0
2747d561,cmm,Measurement,Produksi,CRCS R,K1AL L1,D015,Angle From D014,2,04 Jun 2026,1,0.547,,,,,Open,K1AL_L1_CRCS_R_2026-06-04_1,2026-06-05 13:05:44,0
d155c498,cmm,Measurement,Produksi,CRCS R,K1AL L1,D015,Angle From D014,4,04 Jun 2026,1,0.578,,,,,Open,K1AL_L1_CRCS_R_2026-06-04_1,2026-06-05 13:05:44,0
e949331b,cmm,Measurement,Produksi,CRCS R,K1AL L1,D015,Angle From D014,5,04 Jun 2026,1,0.606,,,,,Open,K1AL_L1_CRCS_R_2026-06-04_1,2026-06-05 13:05:44,0
dac5ac32,cmm,Measurement,Produksi,CRCS R,K1AL L1,D033,Distance From D032,1,04 Jun 2026,1,-0.389,,,,,Open,K1AL_L1_CRCS_R_2026-06-04_1,2026-06-05 13:05:44,0
cce968a4,cmm,Measurement,Produksi,CRCS R,K1AL L1,D033,Distance From D032,2,04 Jun 2026,1,-0.489,,,,,Open,K1AL_L1_CRCS_R_2026-06-04_1,2026-06-05 13:05:45,0
0a48284c,cmm,Measurement,Produksi,CRCS R,K1AL L1,D033,Distance From D032,4,04 Jun 2026,1,-0.479,,,,,Open,K1AL_L1_CRCS_R_2026-06-04_1,2026-06-05 13:05:45,0
0d219ccf,cmm,Measurement,Produksi,CRCS R,K1AL L1,D033,Distance From D032,5,04 Jun 2026,1,-0.468,,,,,Open,K1AL_L1_CRCS_R_2026-06-04_1,2026-06-05 13:05:45,0
8e6fd46a,cmm,Measurement,Produksi,CRCS R,K1AL L1,D087,Posisi X,1,04 Jun 2026,1,-0.379,,,,,Open,K1AL_L1_CRCS_R_2026-06-04_1,2026-06-05 13:05:45,1
9dc8e044,cmm,Measurement,Produksi,CRCS R,K1AL L1,D087,Posisi X,4,04 Jun 2026,1,-0.369,,,,,Open,K1AL_L1_CRCS_R_2026-06-04_1,2026-06-05 13:05:45,0
8af7a92c,cmm,Measurement,Produksi,CRCS R,K1AL L1,D087,Posisi X,6,04 Jun 2026,1,-0.409,,,,,Open,K1AL_L1_CRCS_R_2026-06-04_1,2026-06-05 13:05:45,0
0274cbe6,cmm,Measurement,Produksi,CRCS R,K1AL L1,D087,Posisi Y,1,04 Jun 2026,1,-0.379,,,,,Open,K1AL_L1_CRCS_R_2026-06-04_1,2026-06-05 13:05:45,1
a5a54e85,cmm,Measurement,Produksi,CRCS R,K1AL L1,D087,Posisi Y,4,04 Jun 2026,1,-0.369,,,,,Open,K1AL_L1_CRCS_R_2026-06-04_1,2026-06-05 13:05:45,1
3961fccb,cmm,Measurement,Produksi,CRCS R,K1AL L1,D087,Posisi Y,6,04 Jun 2026,1,-0.409,,,,,Open,K1AL_L1_CRCS_R_2026-06-04_1,2026-06-05 13:05:45,1
d281f494,cmm,Measurement,Produksi,CRCS R,K1AL L1,D087,Posisi Z,1,04 Jun 2026,1,-0.379,,,,,Open,K1AL_L1_CRCS_R_2026-06-04_1,2026-06-05 13:05:45,1
f8817213,cmm,Measurement,Produksi,CRCS R,K1AL L1,D087,Posisi Z,4,04 Jun 2026,1,-0.369,,,,,Open,K1AL_L1_CRCS_R_2026-06-04_1,2026-06-05 13:05:45,0
c66255a6,cmm,Measurement,Produksi,CRCS R,K1AL L1,D087,Posisi Z,6,04 Jun 2026,1,-0.409,,,,,Open,K1AL_L1_CRCS_R_2026-06-04_1,2026-06-05 13:05:45,0
9b4ffc6c,cmm,Measurement,Produksi,CRCS R,K1AL L1,D090,Posisi X,1,04 Jun 2026,1,-0.27,,,,,Open,K1AL_L1_CRCS_R_2026-06-04_1,2026-06-05 13:05:45,1
a0f99c57,cmm,Measurement,Produksi,CRCS R,K1AL L1,D090,Posisi X,3,04 Jun 2026,1,-0.278,,,,,Open,K1AL_L1_CRCS_R_2026-06-04_1,2026-06-05 13:05:45,0
b66f4d0e,cmm,Measurement,Produksi,CRCS R,K1AL L1,D090,Posisi X,5,04 Jun 2026,1,-0.235,,,,,Open,K1AL_L1_CRCS_R_2026-06-04_1,2026-06-05 13:05:45,0
da963bce,cmm,Measurement,Produksi,CRCS R,K1AL L1,D090,Posisi X,6,04 Jun 2026,1,-0.23,,,,,Open,K1AL_L1_CRCS_R_2026-06-04_1,2026-06-05 13:05:46,1
2c2128e9,cmm,Measurement,Produksi,CRCS R,K1AL L1,D090,Posisi Y,1,04 Jun 2026,1,-0.27,,,,,Open,K1AL_L1_CRCS_R_2026-06-04_1,2026-06-05 13:05:46,0
51127606,cmm,Measurement,Produksi,CRCS R,K1AL L1,D090,Posisi Y,3,04 Jun 2026,1,-0.278,,,,,Open,K1AL_L1_CRCS_R_2026-06-04_1,2026-06-05 13:05:46,0
2e7bd2f8,cmm,Measurement,Produksi,CRCS R,K1AL L1,D090,Posisi Y,5,04 Jun 2026,1,-0.235,,,,,Open,K1AL_L1_CRCS_R_2026-06-04_1,2026-06-05 13:05:46,0
5786fa33,cmm,Measurement,Produksi,CRCS R,K1AL L1,D090,Posisi Y,6,04 Jun 2026,1,-0.23,,,,,Open,K1AL_L1_CRCS_R_2026-06-04_1,2026-06-05 13:05:46,0
9e0535cd,cmm,Measurement,Produksi,CRCS R,K1AL L1,D092,Posisi X,3,04 Jun 2026,1,-0.226,,,,,Open,K1AL_L1_CRCS_R_2026-06-04_1,2026-06-05 13:05:46,1
7b607f34,cmm,Measurement,Produksi,CRCS R,K1AL L1,D092,Posisi Y,3,04 Jun 2026,1,-0.226,,,,,Open,K1AL_L1_CRCS_R_2026-06-04_1,2026-06-05 13:05:46,1
87f527fb,cmm,Measurement,Produksi,CRCS R,K2SA,C160,POSITION X,5AL,04 Jun 2026,1,0.222,,,,,Open,K2SA_CRCS_R_2026-06-04_1,2026-06-05 13:06:55,1
9f3d5259,cmm,Measurement,Produksi,CRCS R,K2SA,C160,POSITION Y,5AL,04 Jun 2026,1,0.222,,,,,Open,K2SA_CRCS_R_2026-06-04_1,2026-06-05 13:06:55,0
7f45daa2,cmm,Measurement,Produksi,CRCS R,K2SA,C163,POSITION X,5AL,04 Jun 2026,1,0.216,,,,,Open,K2SA_CRCS_R_2026-06-04_1,2026-06-05 13:06:55,1
f95f4029,cmm,Measurement,Produksi,CRCS R,K2SA,C163,POSITION Y,5AL,04 Jun 2026,1,0.216,,,,,Open,K2SA_CRCS_R_2026-06-04_1,2026-06-05 13:06:55,0
3598fede,cmm,Measurement,Produksi,CRCS R,K2SA,D070,DISTANCE X FROM D074,5AL,04 Jun 2026,1,0.152,,,,,Open,K2SA_CRCS_R_2026-06-04_1,2026-06-05 13:06:55,1
3b1590a0,cmm,Measurement,Produksi,CRCS R,K2SA,D070,DISTANCE Y FROM D074,5AL,04 Jun 2026,1,0.152,,,,,Open,K2SA_CRCS_R_2026-06-04_1,2026-06-05 13:06:55,0
701556fd,cmm,Measurement,Produksi,CRCS R,K2SA,D071,DISTANCE X FROM D074,5AL,04 Jun 2026,1,0.231,,,,,Open,K2SA_CRCS_R_2026-06-04_1,2026-06-05 13:06:55,0
cd633b72,cmm,Measurement,Produksi,CRCS R,K2SA,D071,DISTANCE Y FROM D074,5AL,04 Jun 2026,1,0.231,,,,,Open,K2SA_CRCS_R_2026-06-04_1,2026-06-05 13:06:55,0
237eeada,cmm,Measurement,Produksi,CRCS R,K2SA,D072,POSITION X,5AL,04 Jun 2026,1,0.247,,,,,Open,K2SA_CRCS_R_2026-06-04_1,2026-06-05 13:06:55,0
d7873c1c,cmm,Measurement,Produksi,CRCS R,K2SA,D072,POSITION Y,5AL,04 Jun 2026,1,0.247,,,,,Open,K2SA_CRCS_R_2026-06-04_1,2026-06-05 13:06:55,0
6f14498a,cmm,Measurement,Produksi,CRCS R,K2SA,D074,POSITION X,5AL,04 Jun 2026,1,-0.128,,,,,Open,K2SA_CRCS_R_2026-06-04_1,2026-06-05 13:06:55,0
c3239df3,cmm,Measurement,Produksi,CRCS R,K2SA,D074,POSITION Y,5AL,04 Jun 2026,1,-0.128,,,,,Open,K2SA_CRCS_R_2026-06-04_1,2026-06-05 13:06:55,1
81559135,cmm,Measurement,Produksi,CRCS L,K2SA,A000-1,FLATNESS SURFACE,5A,04 Jun 2026,1,0.006,,,,,Open,K2SA_CRCS_L_2026-06-04_1,2026-06-05 13:07:08,0
10d46ad7,cmm,Measurement,Produksi,CRCS L,K2SA,A005,PERPENDICULARITY TERHADAP A000-1,5A,04 Jun 2026,1,0.029,,,,,Open,K2SA_CRCS_L_2026-06-04_1,2026-06-05 13:07:08,0
42014b73,cmm,Measurement,Produksi,CRCS L,K2SA,A020,POSITION X FROM A006,5A,04 Jun 2026,1,-0.16,,,,,Open,K2SA_CRCS_L_2026-06-04_1,2026-06-05 13:07:08,1
46680d79,cmm,Measurement,Produksi,CRCS L,K2SA,A020,POSITION Y FROM A006,5A,04 Jun 2026,1,-0.16,,,,,Open,K2SA_CRCS_L_2026-06-04_1,2026-06-05 13:07:08,0
65e6d771,cmm,Measurement,Produksi,CRCS L,K2SA,A038,POSITION X FROM A006,5A,04 Jun 2026,1,0.239,,,,,Open,K2SA_CRCS_L_2026-06-04_1,2026-06-05 13:07:08,0
dc1c7bc2,cmm,Measurement,Produksi,CRCS L,K2SA,A038,POSITION Y FROM A006,5A,04 Jun 2026,1,0.239,,,,,Open,K2SA_CRCS_L_2026-06-04_1,2026-06-05 13:07:08,0
3843bbf7,cmm,Measurement,Produksi,CRCS L,K2SA,A043,POSITION X,5A,04 Jun 2026,1,-0.243,,,,,Open,K2SA_CRCS_L_2026-06-04_1,2026-06-05 13:07:08,0
452bc36b,cmm,Measurement,Produksi,CRCS L,K2SA,A043,POSITION Y,5A,04 Jun 2026,1,-0.243,,,,,Open,K2SA_CRCS_L_2026-06-04_1,2026-06-05 13:07:08,1
aa829380,cmm,Measurement,Produksi,CRCS L,K2SA,A064,"DISTANCE FROM FACE COMP Ø 4,1",5A,04 Jun 2026,1,0.31,,,,,Open,K2SA_CRCS_L_2026-06-04_1,2026-06-05 13:07:08,0
f6d6d1f1,cmm,Measurement,Produksi,CRCS L,K2SA,A066,DISTANCE FROM O1,5A,04 Jun 2026,1,0.173,,,,,Open,K2SA_CRCS_L_2026-06-04_1,2026-06-05 13:07:08,1
746bfaa1,cmm,Measurement,Produksi,CRCS L,K2SA,A067,DISTANCE FROM O1,5A,04 Jun 2026,1,0.188,,,,,Open,K2SA_CRCS_L_2026-06-04_1,2026-06-05 13:07:08,1
27f26c56,cmm,Measurement,Produksi,CRCS L,K2SA,A071,POSITION X,5A,04 Jun 2026,1,0.202,,,,,Open,K2SA_CRCS_L_2026-06-04_1,2026-06-05 13:07:08,1
c4031a95,cmm,Measurement,Produksi,CRCS L,K2SA,A071,POSITION Y,5A,04 Jun 2026,1,0.202,,,,,Open,K2SA_CRCS_L_2026-06-04_1,2026-06-05 13:07:08,0
a8e5f1ef,cmm,Measurement,Produksi,CRCS L,K2SA,A154,DISTANCE Z FROM A000.2,5A,04 Jun 2026,1,-0.232,,,,,Open,K2SA_CRCS_L_2026-06-04_1,2026-06-05 13:07:08,0
7af75c73,cmm,Measurement,Produksi,CRCS L,K2SA,A155,DISTANCE Z FROM A154,5A,04 Jun 2026,1,-0.203,,,,,Open,K2SA_CRCS_L_2026-06-04_1,2026-06-05 13:07:08,0
9b1d1b5d,cmm,Measurement,Produksi,CRCS L,K2SA,A155,SURFACE HEIGHT FROM A008,5A,04 Jun 2026,1,0.322,,,,,Open,K2SA_CRCS_L_2026-06-04_1,2026-06-05 13:07:09,1
8227df45,cmm,Measurement,Produksi,CRCS L,K2SA,A155,DISTANCE Y FROM A008,5A,04 Jun 2026,1,0.345,,,,,Open,K2SA_CRCS_L_2026-06-04_1,2026-06-05 13:07:09,0
85c63633,cmm,Measurement,Produksi,CRCS L,K2SA,B012,"POSITION X Ø5,45",5A,04 Jun 2026,1,0.299,,,,,Open,K2SA_CRCS_L_2026-06-04_1,2026-06-05 13:07:09,1
c2e99d5c,cmm,Measurement,Produksi,CRCS L,K2SA,B012,"POSITION Y Ø5,45",5A,04 Jun 2026,1,0.299,,,,,Open,K2SA_CRCS_L_2026-06-04_1,2026-06-05 13:07:09,0
e0a54122,cmm,Measurement,Produksi,CRCS L,K2SA,B051,POSITION X,5A,04 Jun 2026,1,-0.357,,,,,Open,K2SA_CRCS_L_2026-06-04_1,2026-06-05 13:07:09,1
21f8df14,cmm,Measurement,Produksi,CRCS L,K2SA,B051,POSITION Y,5A,04 Jun 2026,1,-0.357,,,,,Open,K2SA_CRCS_L_2026-06-04_1,2026-06-05 13:07:09,0
73e80198,cmm,Measurement,Produksi,CRCS L,K2SA,B052,POSITION X,5A,04 Jun 2026,1,-0.262,,,,,Open,K2SA_CRCS_L_2026-06-04_1,2026-06-05 13:07:09,1
19f0e9a7,cmm,Measurement,Produksi,CRCS L,K2SA,B052,POSITION Y,5A,04 Jun 2026,1,-0.262,,,,,Open,K2SA_CRCS_L_2026-06-04_1,2026-06-05 13:07:09,1
806fa79d,cmm,Measurement,Produksi,CRCS L,K2SA,B053,POSITION X,5A,04 Jun 2026,1,0.34,,,,,Open,K2SA_CRCS_L_2026-06-04_1,2026-06-05 13:07:09,1
049a0cbc,cmm,Measurement,Produksi,CRCS L,K2SA,B053,POSITION Y,5A,04 Jun 2026,1,0.34,,,,,Open,K2SA_CRCS_L_2026-06-04_1,2026-06-05 13:07:09,0
6fe429ee,cmm,Measurement,Produksi,CRCS L,K2SA,B055,POSITION X,5A,04 Jun 2026,1,0.306,,,,,Open,K2SA_CRCS_L_2026-06-04_1,2026-06-05 13:07:09,1
a5ac8e08,cmm,Measurement,Produksi,CRCS L,K2SA,B055,POSITION Y,5A,04 Jun 2026,1,0.306,,,,,Open,K2SA_CRCS_L_2026-06-04_1,2026-06-05 13:07:09,0
1cc44295,cmm,Measurement,Produksi,CRCS L,K2SA,B056,POSITION X,5A,04 Jun 2026,1,0.368,,,,,Open,K2SA_CRCS_L_2026-06-04_1,2026-06-05 13:07:09,1
da4196e2,cmm,Measurement,Produksi,CRCS L,K2SA,B056,POSITION Y,5A,04 Jun 2026,1,0.368,,,,,Open,K2SA_CRCS_L_2026-06-04_1,2026-06-05 13:07:09,0
750665d3,cmm,Measurement,Produksi,CRCS L,K2SA,B057,POSITION X,5A,04 Jun 2026,1,0.309,,,,,Open,K2SA_CRCS_L_2026-06-04_1,2026-06-05 13:07:09,1
a780da0c,cmm,Measurement,Produksi,CRCS L,K2SA,B057,POSITION Y,5A,04 Jun 2026,1,0.309,,,,,Open,K2SA_CRCS_L_2026-06-04_1,2026-06-05 13:07:09,0
9a122514,cmm,Measurement,Produksi,CRCS L,K2SA,B058,POSITION X,5A,04 Jun 2026,1,0.357,,,,,Open,K2SA_CRCS_L_2026-06-04_1,2026-06-05 13:07:09,1
74546883,cmm,Measurement,Produksi,CRCS L,K2SA,B058,POSITION Y,5A,04 Jun 2026,1,0.357,,,,,Open,K2SA_CRCS_L_2026-06-04_1,2026-06-05 13:07:09,0
2d6e39c9,cmm,Measurement,Produksi,CRCS L,K2SA,B060,POSITION X,5A,04 Jun 2026,1,0.294,,,,,Open,K2SA_CRCS_L_2026-06-04_1,2026-06-05 13:07:09,1
712c1fe2,cmm,Measurement,Produksi,CRCS L,K2SA,B060,POSITION Y,5A,04 Jun 2026,1,0.294,,,,,Open,K2SA_CRCS_L_2026-06-04_1,2026-06-05 13:07:09,0
77115212,cmm,Measurement,Produksi,CRCS L,K2SA,B061,POSITION X,5A,04 Jun 2026,1,0.41,,,,,Open,K2SA_CRCS_L_2026-06-04_1,2026-06-05 13:07:09,1
f4841742,cmm,Measurement,Produksi,CRCS L,K2SA,B061,POSITION Y,5A,04 Jun 2026,1,0.41,,,,,Open,K2SA_CRCS_L_2026-06-04_1,2026-06-05 13:07:09,0
108ac75e,cmm,Measurement,Produksi,CRCS L,K2SA,B062,POSITION X,5A,04 Jun 2026,1,0.367,,,,,Open,K2SA_CRCS_L_2026-06-04_1,2026-06-05 13:07:09,1
0925a11e,cmm,Measurement,Produksi,CRCS L,K2SA,B062,POSITION Y,5A,04 Jun 2026,1,0.367,,,,,Open,K2SA_CRCS_L_2026-06-04_1,2026-06-05 13:07:09,1
ceeb48ce,cmm,Measurement,Produksi,CRCS L,K2SA,B066,POSITION X,5A,04 Jun 2026,1,0.393,,,,,Open,K2SA_CRCS_L_2026-06-04_1,2026-06-05 13:07:10,1
3e4b2bee,cmm,Measurement,Produksi,CRCS L,K2SA,B066,POSITION Y,5A,04 Jun 2026,1,0.393,,,,,Open,K2SA_CRCS_L_2026-06-04_1,2026-06-05 13:07:10,0
d4afa696,cmm,Measurement,Produksi,CRCS L,K1AL L3,A006,Concentricity to m,3A,04 Jun 2026,1,0.06,,,,,Open,K1AL_L3_CRCS_L_2026-06-04_1,2026-06-05 13:07:22,0
02a34359,cmm,Measurement,Produksi,CRCS L,K1AL L3,A006,Concentricity to m,3B,04 Jun 2026,1,0.032,,,,,Open,K1AL_L3_CRCS_L_2026-06-04_1,2026-06-05 13:07:22,0
22829796,cmm,Measurement,Produksi,CRCS L,K1AL L3,A151,Posisi X Drill 6.45,3A,04 Jun 2026,1,0.209,,,,,Open,K1AL_L3_CRCS_L_2026-06-04_1,2026-06-05 13:07:23,1
ae975c75,cmm,Measurement,Produksi,CRCS L,K1AL L3,A151,Posisi Y Drill 6.45,3A,04 Jun 2026,1,0.209,,,,,Open,K1AL_L3_CRCS_L_2026-06-04_1,2026-06-05 13:07:23,0
ff9705c9,cmm,Measurement,Produksi,CRCS L,K1AL L3,A153,Posisi X,3A,04 Jun 2026,1,0.273,,,,,Open,K1AL_L3_CRCS_L_2026-06-04_1,2026-06-05 13:07:23,1
ecbac19b,cmm,Measurement,Produksi,CRCS L,K1AL L3,A153,Posisi Y,3A,04 Jun 2026,1,0.273,,,,,Open,K1AL_L3_CRCS_L_2026-06-04_1,2026-06-05 13:07:23,1
9bf60bfb,cmm,Measurement,Produksi,CRCS L,K1AL L3,A154,Posisi X,3A,04 Jun 2026,1,0.389,,,,,Open,K1AL_L3_CRCS_L_2026-06-04_1,2026-06-05 13:07:23,1
0c30c9d0,cmm,Measurement,Produksi,CRCS L,K1AL L3,A154,Posisi X,3B,04 Jun 2026,1,0.207,,,,,Open,K1AL_L3_CRCS_L_2026-06-04_1,2026-06-05 13:07:23,1
fee6b12a,cmm,Measurement,Produksi,CRCS L,K1AL L3,A154,Posisi Y,3A,04 Jun 2026,1,0.389,,,,,Open,K1AL_L3_CRCS_L_2026-06-04_1,2026-06-05 13:07:23,0
a8f792a8,cmm,Measurement,Produksi,CRCS L,K1AL L3,A154,Posisi Y,3B,04 Jun 2026,1,0.207,,,,,Open,K1AL_L3_CRCS_L_2026-06-04_1,2026-06-05 13:07:23,0
439d4507,cmm,Measurement,Produksi,CRCS L,K1AL L3,A155,Posisi X,3A,04 Jun 2026,1,0.37,,,,,Open,K1AL_L3_CRCS_L_2026-06-04_1,2026-06-05 13:07:23,0
38072ae8,cmm,Measurement,Produksi,CRCS L,K1AL L3,A155,Posisi X,3B,04 Jun 2026,1,0.253,,,,,Open,K1AL_L3_CRCS_L_2026-06-04_1,2026-06-05 13:07:23,0
9d6d4015,cmm,Measurement,Produksi,CRCS L,K1AL L3,A155,Posisi Y,3A,04 Jun 2026,1,0.37,,,,,Open,K1AL_L3_CRCS_L_2026-06-04_1,2026-06-05 13:07:23,1
371437cf,cmm,Measurement,Produksi,CRCS L,K1AL L3,A155,Posisi Y,3B,04 Jun 2026,1,0.253,,,,,Open,K1AL_L3_CRCS_L_2026-06-04_1,2026-06-05 13:07:23,0
e3f6ca36,cmm,Measurement,Produksi,CRCS L,K1AL L3,A156,Posisi X,3A,04 Jun 2026,1,0.314,,,,,Open,K1AL_L3_CRCS_L_2026-06-04_1,2026-06-05 13:07:23,1
974293dc,cmm,Measurement,Produksi,CRCS L,K1AL L3,A156,Posisi Y,3A,04 Jun 2026,1,0.314,,,,,Open,K1AL_L3_CRCS_L_2026-06-04_1,2026-06-05 13:07:23,0
7f32bcd3,cmm,Measurement,Produksi,CRCS L,K1AL L3,A160,Posisi X,3A,04 Jun 2026,1,0.371,,,,,Open,K1AL_L3_CRCS_L_2026-06-04_1,2026-06-05 13:07:23,1
62b702d5,cmm,Measurement,Produksi,CRCS L,K1AL L3,A160,Posisi Y,3A,04 Jun 2026,1,0.371,,,,,Open,K1AL_L3_CRCS_L_2026-06-04_1,2026-06-05 13:07:23,0
18df39e3,cmm,Measurement,Produksi,CRCS L,K1AL L3,B011,Posisi X Reamer 8H8,3B,04 Jun 2026,1,-0.1,,,,,Open,K1AL_L3_CRCS_L_2026-06-04_1,2026-06-05 13:07:23,0
c3db6bd4,cmm,Measurement,Produksi,CRCS L,K1AL L3,B011,Posisi Y Reamer 8H8,3B,04 Jun 2026,1,-0.1,,,,,Open,K1AL_L3_CRCS_L_2026-06-04_1,2026-06-05 13:07:23,0
0a9144d6,cmm,Measurement,Produksi,CRCS L,K1AL L3,B017,Position To f & g,3A,04 Jun 2026,1,0.215,,,,,Open,K1AL_L3_CRCS_L_2026-06-04_1,2026-06-05 13:07:23,0
95a1ff9a,cmm,Measurement,Produksi,CRCS L,K1AL L3,B018,Distance From B027,3B,04 Jun 2026,1,-0.115,,,,,Open,K1AL_L3_CRCS_L_2026-06-04_1,2026-06-05 13:07:23,0
8db2030e,cmm,Measurement,Produksi,CRCS L,K1AL L3,B018,Position To f & g,3A,04 Jun 2026,1,0.475,,,,,Open,K1AL_L3_CRCS_L_2026-06-04_1,2026-06-05 13:07:23,0
948b46b0,cmm,Measurement,Produksi,CRCS L,K1AL L3,B018,Position To f & g,3B,04 Jun 2026,1,0.491,,,,,Open,K1AL_L3_CRCS_L_2026-06-04_1,2026-06-05 13:07:24,0
6e0c05c8,cmm,Measurement,Produksi,CRCS L,K1AL L3,B053,Posisi X,3A,04 Jun 2026,1,-0.287,,,,,Open,K1AL_L3_CRCS_L_2026-06-04_1,2026-06-05 13:07:24,1
e93156ad,cmm,Measurement,Produksi,CRCS L,K1AL L3,B053,Posisi X,3B,04 Jun 2026,1,-0.242,,,,,Open,K1AL_L3_CRCS_L_2026-06-04_1,2026-06-05 13:07:24,1
b96775b9,cmm,Measurement,Produksi,CRCS L,K1AL L3,B053,Posisi Y,3A,04 Jun 2026,1,-0.287,,,,,Open,K1AL_L3_CRCS_L_2026-06-04_1,2026-06-05 13:07:24,0
9ad31024,cmm,Measurement,Produksi,CRCS L,K1AL L3,B053,Posisi Y,3B,04 Jun 2026,1,-0.242,,,,,Open,K1AL_L3_CRCS_L_2026-06-04_1,2026-06-05 13:07:24,1
2c823925,cmm,Measurement,Produksi,CRCS L,K1AL L3,B055,Posisi X,3A,04 Jun 2026,1,0.257,,,,,Open,K1AL_L3_CRCS_L_2026-06-04_1,2026-06-05 13:07:24,1
0089e28b,cmm,Measurement,Produksi,CRCS L,K1AL L3,B055,Posisi Y,3A,04 Jun 2026,1,0.257,,,,,Open,K1AL_L3_CRCS_L_2026-06-04_1,2026-06-05 13:07:24,0
09c6d589,cmm,Measurement,Produksi,CRCS L,K1AL L3,B080,Posisi X Reamer 8H8,3A,04 Jun 2026,1,0.101,,,,,Open,K1AL_L3_CRCS_L_2026-06-04_1,2026-06-05 13:07:24,1
f4dd48f5,cmm,Measurement,Produksi,CRCS L,K1AL L3,B080,Posisi Y Reamer 8H8,3A,04 Jun 2026,1,0.101,,,,,Open,K1AL_L3_CRCS_L_2026-06-04_1,2026-06-05 13:07:24,0
076e48c4,cmm,Measurement,Produksi,CRCS L,K1AL L3,B081,Posisi X From B080,3B,04 Jun 2026,1,-0.154,,,,,Open,K1AL_L3_CRCS_L_2026-06-04_1,2026-06-05 13:07:24,1
17e3f1af,cmm,Measurement,Produksi,CRCS L,K1AL L3,B081,Posisi Y From B080,3B,04 Jun 2026,1,-0.154,,,,,Open,K1AL_L3_CRCS_L_2026-06-04_1,2026-06-05 13:07:24,0
bd0571c0,cmm,Measurement,Produksi,CYL COMP,K2VJ,J151,POSITION X,AL,06 Mar 2026,1,-0.3456,,,,,Open,K2VJ_CYL_COMP_2026-03-06_1,2026-06-05 13:08:55,0
16357522,cmm,Measurement,Produksi,CYL COMP,K2VJ,J151,POSITION X,AR,06 Mar 2026,1,-0.3541,,,,,Open,K2VJ_CYL_COMP_2026-03-06_1,2026-06-05 13:08:55,0
384df3ff,cmm,Measurement,Produksi,CYL COMP,K2VJ,J151,POSITION X,CL,06 Mar 2026,1,-0.6424,,,,,Open,K2VJ_CYL_COMP_2026-03-06_1,2026-06-05 13:08:55,0
01adb8ec,cmm,Measurement,Produksi,CYL COMP,K2VJ,J151,POSITION X,CR,06 Mar 2026,1,-0.6073,,,,,Open,K2VJ_CYL_COMP_2026-03-06_1,2026-06-05 13:08:55,0
bfb97b67,cmm,Measurement,Produksi,CYL COMP,K2VJ,J151,POSITION X,DL,06 Mar 2026,1,-0.756,,,,,Open,K2VJ_CYL_COMP_2026-03-06_1,2026-06-05 13:08:55,0
d076cd84,cmm,Measurement,Produksi,CYL COMP,K2VJ,J151,POSITION X,DR,06 Mar 2026,1,-0.7444,,,,,Open,K2VJ_CYL_COMP_2026-03-06_1,2026-06-05 13:08:55,0
a396d5ce,cmm,Measurement,Produksi,CYL COMP,K2VJ,J151,POSITION X,EL,06 Mar 2026,1,-0.7465,,,,,Open,K2VJ_CYL_COMP_2026-03-06_1,2026-06-05 13:08:55,0
81168ead,cmm,Measurement,Produksi,CYL COMP,K2VJ,J151,POSITION X,ER,06 Mar 2026,1,-0.7607,,,,,Open,K2VJ_CYL_COMP_2026-03-06_1,2026-06-05 13:08:55,0
c4c607e8,cmm,Measurement,Produksi,CYL COMP,K2VJ,J151,POSITION Y,BL,06 Mar 2026,1,-0.2255,,,,,Open,K2VJ_CYL_COMP_2026-03-06_1,2026-06-05 13:08:55,0
2947be4c,cmm,Measurement,Produksi,CYL COMP,K2VJ,J151,POSITION Y,DL,06 Mar 2026,1,0.3851,,,,,Open,K2VJ_CYL_COMP_2026-03-06_1,2026-06-05 13:08:55,0
6a015608,cmm,Measurement,Produksi,CYL COMP,K2VJ,J151,POSITION Y,DR,06 Mar 2026,1,0.2526,,,,,Open,K2VJ_CYL_COMP_2026-03-06_1,2026-06-05 13:08:55,0
1a815824,cmm,Measurement,Produksi,CYL COMP,K2VJ,J152,POSITION X,AL,06 Mar 2026,1,0.2287,,,,,Open,K2VJ_CYL_COMP_2026-03-06_1,2026-06-05 13:08:56,0
052cf641,cmm,Measurement,Produksi,CYL COMP,K2VJ,J152,POSITION X,AR,06 Mar 2026,1,0.2321,,,,,Open,K2VJ_CYL_COMP_2026-03-06_1,2026-06-05 13:08:56,1
f5f95731,cmm,Measurement,Produksi,CYL COMP,K2VJ,J152,POSITION X,CL,06 Mar 2026,1,0.5466,,,,,Open,K2VJ_CYL_COMP_2026-03-06_1,2026-06-05 13:08:56,0
d25f94b9,cmm,Measurement,Produksi,CYL COMP,K2VJ,J152,POSITION X,CR,06 Mar 2026,1,0.4981,,,,,Open,K2VJ_CYL_COMP_2026-03-06_1,2026-06-05 13:08:56,0
812ce7ea,cmm,Measurement,Produksi,CYL COMP,K2VJ,J152,POSITION X,DL,06 Mar 2026,1,0.6081,,,,,Open,K2VJ_CYL_COMP_2026-03-06_1,2026-06-05 13:08:56,0
129383ff,cmm,Measurement,Produksi,CYL COMP,K2VJ,J152,POSITION X,DR,06 Mar 2026,1,0.6049,,,,,Open,K2VJ_CYL_COMP_2026-03-06_1,2026-06-05 13:08:56,0
2b11255e,cmm,Measurement,Produksi,CYL COMP,K2VJ,J152,POSITION X,EL,06 Mar 2026,1,0.5757,,,,,Open,K2VJ_CYL_COMP_2026-03-06_1,2026-06-05 13:08:56,1
db9193c4,cmm,Measurement,Produksi,CYL COMP,K2VJ,J152,POSITION X,ER,06 Mar 2026,1,0.5905,,,,,Open,K2VJ_CYL_COMP_2026-03-06_1,2026-06-05 13:08:56,1
02f60195,cmm,Measurement,Produksi,CYL COMP,K2VJ,J152,POSITION Y,AL,06 Mar 2026,1,-0.3328,,,,,Open,K2VJ_CYL_COMP_2026-03-06_1,2026-06-05 13:08:56,0
04e4005d,cmm,Measurement,Produksi,CYL COMP,K2VJ,J152,POSITION Y,AR,06 Mar 2026,1,-0.435,,,,,Open,K2VJ_CYL_COMP_2026-03-06_1,2026-06-05 13:08:56,0
36ac64cd,cmm,Measurement,Produksi,CYL COMP,K2VJ,J152,POSITION Y,CL,06 Mar 2026,1,-0.3259,,,,,Open,K2VJ_CYL_COMP_2026-03-06_1,2026-06-05 13:08:56,0
16eaaa81,cmm,Measurement,Produksi,CYL COMP,K2VJ,J152,POSITION Y,CR,06 Mar 2026,1,-0.234,,,,,Open,K2VJ_CYL_COMP_2026-03-06_1,2026-06-05 13:08:56,0
96600928,cmm,Measurement,Produksi,CYL COMP,K2VJ,J152,POSITION Y,DL,06 Mar 2026,1,-0.3083,,,,,Open,K2VJ_CYL_COMP_2026-03-06_1,2026-06-05 13:08:56,0
f54d279e,cmm,Measurement,Produksi,CYL COMP,K2VJ,J152,POSITION Y,DR,06 Mar 2026,1,-0.3367,,,,,Open,K2VJ_CYL_COMP_2026-03-06_1,2026-06-05 13:08:56,0
f78ca3c9,cmm,Measurement,Produksi,CYL COMP,K2VJ,J152,POSITION Y,EL,06 Mar 2026,1,-0.4818,,,,,Open,K2VJ_CYL_COMP_2026-03-06_1,2026-06-05 13:08:56,1
2fe78d12,cmm,Measurement,Produksi,CYL COMP,K2VJ,J152,POSITION Y,ER,06 Mar 2026,1,-0.5652,,,,,Open,K2VJ_CYL_COMP_2026-03-06_1,2026-06-05 13:08:56,0
1ed37241,cmm,Measurement,Produksi,CYL COMP,K2VJ,J163,POSITION X,AL,06 Mar 2026,1,-0.0544,,,,,Open,K2VJ_CYL_COMP_2026-03-06_1,2026-06-05 13:08:56,0
c0f9724b,cmm,Measurement,Produksi,CYL COMP,K2VJ,K301,POSITION X THD CENTER,BR,06 Mar 2026,1,0.207,,,,,Open,K2VJ_CYL_COMP_2026-03-06_1,2026-06-05 13:08:56,0
9ea000aa,cmm,Measurement,Produksi,CYL COMP,K2VJ,K301,POSITION X THD CENTER,CL,06 Mar 2026,1,0.5584,,,,,Open,K2VJ_CYL_COMP_2026-03-06_1,2026-06-05 13:08:56,0
39486932,cmm,Measurement,Produksi,CYL COMP,K2VJ,K301,POSITION X THD CENTER,CR,06 Mar 2026,1,0.4826,,,,,Open,K2VJ_CYL_COMP_2026-03-06_1,2026-06-05 13:08:56,1
5b56e02f,cmm,Measurement,Produksi,CYL COMP,K2VJ,K301,POSITION X THD CENTER,DL,06 Mar 2026,1,0.3662,,,,,Open,K2VJ_CYL_COMP_2026-03-06_1,2026-06-05 13:08:57,0
2444eae4,cmm,Measurement,Produksi,CYL COMP,K2VJ,K301,POSITION X THD CENTER,DR,06 Mar 2026,1,0.3485,,,,,Open,K2VJ_CYL_COMP_2026-03-06_1,2026-06-05 13:08:57,1
554ab2e5,cmm,Measurement,Produksi,CYL COMP,K2VJ,K301,POSITION X THD CENTER,EL,06 Mar 2026,1,0.4124,,,,,Open,K2VJ_CYL_COMP_2026-03-06_1,2026-06-05 13:08:57,0
98351ec2,cmm,Measurement,Produksi,CYL COMP,K2VJ,K301,POSITION X THD CENTER,ER,06 Mar 2026,1,0.4209,,,,,Open,K2VJ_CYL_COMP_2026-03-06_1,2026-06-05 13:08:57,0
a2485901,cmm,Measurement,Produksi,CYL COMP,K2VJ,K301,POSITION Y,CL,06 Mar 2026,1,0.2204,,,,,Open,K2VJ_CYL_COMP_2026-03-06_1,2026-06-05 13:08:57,0
ceb28430,cmm,Measurement,Produksi,CYL COMP,K2VJ,K301,POSITION Y,DL,06 Mar 2026,1,-0.227,,,,,Open,K2VJ_CYL_COMP_2026-03-06_1,2026-06-05 13:08:57,0
c235525e,cmm,Measurement,Produksi,CYL COMP,K2VJ,K301,POSITION Y,DR,06 Mar 2026,1,-0.2645,,,,,Open,K2VJ_CYL_COMP_2026-03-06_1,2026-06-05 13:08:57,1
6e8f941e,cmm,Measurement,Produksi,CYL COMP,K2VJ,K302,POSITION Y,CL,06 Mar 2026,1,0.2207,,,,,Open,K2VJ_CYL_COMP_2026-03-06_1,2026-06-05 13:08:57,0
879a8589,cmm,Measurement,Produksi,CYL COMP,K2VJ,K302,POSITION Y,CR,06 Mar 2026,1,0.2054,,,,,Open,K2VJ_CYL_COMP_2026-03-06_1,2026-06-05 13:08:57,0
28a4666b,cmm,Measurement,Produksi,CYL COMP,K2VJ,K302,POSITION Y,DL,06 Mar 2026,1,-0.2448,,,,,Open,K2VJ_CYL_COMP_2026-03-06_1,2026-06-05 13:08:57,0
bdc7a25b,cmm,Measurement,Produksi,CYL COMP,K2VJ,K302,POSITION Y,DR,06 Mar 2026,1,-0.3158,,,,,Open,K2VJ_CYL_COMP_2026-03-06_1,2026-06-05 13:08:57,1
3eb609fb,cmm,Measurement,Produksi,CYL COMP,K2VJ,K303,POSITION X,CL,06 Mar 2026,1,0.2748,,,,,Open,K2VJ_CYL_COMP_2026-03-06_1,2026-06-05 13:08:57,0
0507cbe2,cmm,Measurement,Produksi,CYL COMP,K2VJ,K303,POSITION X,CR,06 Mar 2026,1,0.2529,,,,,Open,K2VJ_CYL_COMP_2026-03-06_1,2026-06-05 13:08:57,0
3e7e1517,cmm,Measurement,Produksi,CYL COMP,K2VJ,K303,POSITION X,EL,06 Mar 2026,1,-0.3422,,,,,Open,K2VJ_CYL_COMP_2026-03-06_1,2026-06-05 13:08:57,1
90047061,cmm,Measurement,Produksi,CYL COMP,K2VJ,K303,POSITION X,ER,06 Mar 2026,1,-0.386,,,,,Open,K2VJ_CYL_COMP_2026-03-06_1,2026-06-05 13:08:57,0
d3e30523,cmm,Measurement,Produksi,CYL COMP,K2VJ,K304,POSITION Y,AL,06 Mar 2026,1,-0.3175,,,,,Open,K2VJ_CYL_COMP_2026-03-06_1,2026-06-05 13:08:57,0
4fc1bee9,cmm,Measurement,Produksi,CYL COMP,K2VJ,K304,POSITION Y,AR,06 Mar 2026,1,-0.2966,,,,,Open,K2VJ_CYL_COMP_2026-03-06_1,2026-06-05 13:08:57,0
517b8b96,cmm,Measurement,Produksi,CYL COMP,K2VJ,K304,POSITION Y,BR,06 Mar 2026,1,-0.2141,,,,,Open,K2VJ_CYL_COMP_2026-03-06_1,2026-06-05 13:08:58,0
080e5006,cmm,Measurement,Produksi,CYL COMP,K2VJ,K304,POSITION Y,DL,06 Mar 2026,1,-0.329,,,,,Open,K2VJ_CYL_COMP_2026-03-06_1,2026-06-05 13:08:58,0
c084b727,cmm,Measurement,Produksi,CYL COMP,K2VJ,K304,POSITION Y,DR,06 Mar 2026,1,-0.3285,,,,,Open,K2VJ_CYL_COMP_2026-03-06_1,2026-06-05 13:08:58,0
1de063f4,cmm,Measurement,Produksi,CYL COMP,K2VJ,K304,POSITION Y,EL,06 Mar 2026,1,-0.2812,,,,,Open,K2VJ_CYL_COMP_2026-03-06_1,2026-06-05 13:08:58,0
0b1ecbac,cmm,Measurement,Produksi,CYL COMP,K2VJ,K304,POSITION Y,ER,06 Mar 2026,1,-0.326,,,,,Open,K2VJ_CYL_COMP_2026-03-06_1,2026-06-05 13:08:58,0
42547998,cmm,Measurement,Produksi,CYL COMP,K2VJ,K304,POSITION X,CL,06 Mar 2026,1,-0.4028,,,,,Open,K2VJ_CYL_COMP_2026-03-06_1,2026-06-05 13:08:58,0
887362ae,cmm,Measurement,Produksi,CYL COMP,K2VJ,K304,POSITION X,CR,06 Mar 2026,1,-0.3853,,,,,Open,K2VJ_CYL_COMP_2026-03-06_1,2026-06-05 13:08:58,0
75ec5b5a,cmm,Measurement,Produksi,CYL COMP,K2VJ,K304,POSITION X,DL,06 Mar 2026,1,-0.5122,,,,,Open,K2VJ_CYL_COMP_2026-03-06_1,2026-06-05 13:08:58,0
cb985ee9,cmm,Measurement,Produksi,CYL COMP,K2VJ,K304,POSITION X,DR,06 Mar 2026,1,-0.452,,,,,Open,K2VJ_CYL_COMP_2026-03-06_1,2026-06-05 13:08:58,0
3dc684ad,cmm,Measurement,Produksi,CYL COMP,K2VJ,K304,POSITION X,EL,06 Mar 2026,1,-0.2321,,,,,Open,K2VJ_CYL_COMP_2026-03-06_1,2026-06-05 13:08:58,0
a6eecfa3,cmm,Measurement,Produksi,CYL COMP,K2VJ,K305,POSITION X,AL,06 Mar 2026,1,-0.4149,,,,,Open,K2VJ_CYL_COMP_2026-03-06_1,2026-06-05 13:08:58,0
6d0294ca,cmm,Measurement,Produksi,CYL COMP,K2VJ,K305,POSITION X,AR,06 Mar 2026,1,-0.378,,,,,Open,K2VJ_CYL_COMP_2026-03-06_1,2026-06-05 13:08:58,0
8d1a868e,cmm,Measurement,Produksi,CYL COMP,K2VJ,K305,POSITION X,BL,06 Mar 2026,1,-0.5028,,,,,Open,K2VJ_CYL_COMP_2026-03-06_1,2026-06-05 13:08:58,1
9ab2f690,cmm,Measurement,Produksi,CYL COMP,K2VJ,K305,POSITION X,BR,06 Mar 2026,1,-0.5613,,,,,Open,K2VJ_CYL_COMP_2026-03-06_1,2026-06-05 13:08:58,0
9e0dd323,cmm,Measurement,Produksi,CYL COMP,K2VJ,K305,POSITION X,CL,06 Mar 2026,1,-0.3658,,,,,Open,K2VJ_CYL_COMP_2026-03-06_1,2026-06-05 13:08:58,1
477e5aa1,cmm,Measurement,Produksi,CYL COMP,K2VJ,K305,POSITION X,CR,06 Mar 2026,1,-0.3268,,,,,Open,K2VJ_CYL_COMP_2026-03-06_1,2026-06-05 13:08:58,0
637daba6,cmm,Measurement,Produksi,CYL COMP,K2VJ,K305,POSITION X,DL,06 Mar 2026,1,-0.6402,,,,,Open,K2VJ_CYL_COMP_2026-03-06_1,2026-06-05 13:08:58,0
bf2e7a4a,cmm,Measurement,Produksi,CYL COMP,K2VJ,K305,POSITION X,DR,06 Mar 2026,1,-0.6644,,,,,Open,K2VJ_CYL_COMP_2026-03-06_1,2026-06-05 13:08:58,0
d04dba92,cmm,Measurement,Produksi,CYL COMP,K2VJ,K305,POSITION X,EL,06 Mar 2026,1,-0.6746,,,,,Open,K2VJ_CYL_COMP_2026-03-06_1,2026-06-05 13:08:58,0
0bd995ad,cmm,Measurement,Produksi,CYL COMP,K2VJ,K305,POSITION X,ER,06 Mar 2026,1,-0.7176,,,,,Open,K2VJ_CYL_COMP_2026-03-06_1,2026-06-05 13:08:58,0
59a6568f,cmm,Measurement,Produksi,CYL COMP,K2VJ,K305,POSITION Y THD FACE HEAD,CR,06 Mar 2026,1,-0.2083,,,,,Open,K2VJ_CYL_COMP_2026-03-06_1,2026-06-05 13:08:58,0
040ed366,cmm,Measurement,Produksi,CYL COMP,K2VJ,K305,POSITION Y,EL,06 Mar 2026,1,-0.2209,,,,,Open,K2VJ_CYL_COMP_2026-03-06_1,2026-06-05 13:08:58,0
4648bcc7,cmm,Measurement,Produksi,CYL COMP,K2VJ,K305,POSITION Y,ER,06 Mar 2026,1,-0.2714,,,,,Open,K2VJ_CYL_COMP_2026-03-06_1,2026-06-05 13:08:58,0
5acecbc4,cmm,Measurement,Produksi,CYL COMP,K2VJ,K401,POSITION X,DL,06 Mar 2026,1,0.3382,,,,,Open,K2VJ_CYL_COMP_2026-03-06_1,2026-06-05 13:08:59,1
ae411fe7,cmm,Measurement,Produksi,CYL COMP,K2VJ,K401,POSITION X,DR,06 Mar 2026,1,0.302,,,,,Open,K2VJ_CYL_COMP_2026-03-06_1,2026-06-05 13:08:59,0
778bfdce,cmm,Measurement,Produksi,CYL COMP,K2VJ,K401,POSITION X,EL,06 Mar 2026,1,0.4206,,,,,Open,K2VJ_CYL_COMP_2026-03-06_1,2026-06-05 13:08:59,0
242ae02e,cmm,Measurement,Produksi,CYL COMP,K2VJ,K401,POSITION X,ER,06 Mar 2026,1,0.4195,,,,,Open,K2VJ_CYL_COMP_2026-03-06_1,2026-06-05 13:08:59,0
e49e4eca,cmm,Measurement,Produksi,CYL COMP,K2VJ,K401,POSITION Y,AL,06 Mar 2026,1,-0.3239,,,,,Open,K2VJ_CYL_COMP_2026-03-06_1,2026-06-05 13:08:59,0
28099111,cmm,Measurement,Produksi,CYL COMP,K2VJ,K401,POSITION Y,AR,06 Mar 2026,1,-0.3297,,,,,Open,K2VJ_CYL_COMP_2026-03-06_1,2026-06-05 13:08:59,0
e6620f7e,cmm,Measurement,Produksi,CYL COMP,K2VJ,K402,POSITION Y,AL,06 Mar 2026,1,-0.2943,,,,,Open,K2VJ_CYL_COMP_2026-03-06_1,2026-06-05 13:08:59,1
247a4766,cmm,Measurement,Produksi,CYL COMP,K2VJ,K402,POSITION Y,AR,06 Mar 2026,1,-0.3072,,,,,Open,K2VJ_CYL_COMP_2026-03-06_1,2026-06-05 13:08:59,0
55d0f213,cmm,Measurement,Produksi,CYL COMP,K2VJ,K402,POSITION Y,CL,06 Mar 2026,1,-0.1806,,,,,Open,K2VJ_CYL_COMP_2026-03-06_1,2026-06-05 13:08:59,0
9feb7591,cmm,Measurement,Produksi,CYL COMP,K2VJ,K402,POSITION Y,EL,06 Mar 2026,1,-0.1599,,,,,Open,K2VJ_CYL_COMP_2026-03-06_1,2026-06-05 13:08:59,0
07db9cd5,cmm,Measurement,Produksi,CYL COMP,K2VJ,K402,POSITION Y,ER,06 Mar 2026,1,-0.1569,,,,,Open,K2VJ_CYL_COMP_2026-03-06_1,2026-06-05 13:08:59,1
d3eae320,cmm,Measurement,Produksi,CYL COMP,K2VJ,K402,POSITION X,CL,06 Mar 2026,1,-0.1464,,,,,Open,K2VJ_CYL_COMP_2026-03-06_1,2026-06-05 13:08:59,0
2179aee2,cmm,Measurement,Produksi,CYL COMP,K2VJ,K402,POSITION X,CR,06 Mar 2026,1,-0.1409,,,,,Open,K2VJ_CYL_COMP_2026-03-06_1,2026-06-05 13:08:59,0
746d6a5e,cmm,Measurement,Produksi,CYL COMP,K2VJ,K402,POSITION X,EL,06 Mar 2026,1,0.1277,,,,,Open,K2VJ_CYL_COMP_2026-03-06_1,2026-06-05 13:08:59,0
b16c1b7c,cmm,Measurement,Produksi,CYL COMP,K2VJ,K402,POSITION X,ER,06 Mar 2026,1,0.1761,,,,,Open,K2VJ_CYL_COMP_2026-03-06_1,2026-06-05 13:08:59,1
d26b6f4a,cmm,Measurement,Produksi,CYL COMP,K2VJ,K403,POSITION X,CL,06 Mar 2026,1,-0.3784,,,,,Open,K2VJ_CYL_COMP_2026-03-06_1,2026-06-05 13:08:59,0
234b5a7a,cmm,Measurement,Produksi,CYL COMP,K2VJ,K403,POSITION X,CR,06 Mar 2026,1,-0.3589,,,,,Open,K2VJ_CYL_COMP_2026-03-06_1,2026-06-05 13:08:59,0
0f1040f5,cmm,Measurement,Produksi,CYL COMP,K2VJ,K403,POSITION X,DL,06 Mar 2026,1,0.1761,,,,,Open,K2VJ_CYL_COMP_2026-03-06_1,2026-06-05 13:08:59,0
187762d9,cmm,Measurement,Produksi,CYL COMP,K2VJ,K403,POSITION X,DR,06 Mar 2026,1,0.1864,,,,,Open,K2VJ_CYL_COMP_2026-03-06_1,2026-06-05 13:08:59,0
e5075cb3,cmm,Measurement,Produksi,CYL COMP,K2VJ,K403,POSITION X,EL,06 Mar 2026,1,0.1971,,,,,Open,K2VJ_CYL_COMP_2026-03-06_1,2026-06-05 13:08:59,1
168cabb1,cmm,Measurement,Produksi,CYL COMP,K2VJ,K403,POSITION X,ER,06 Mar 2026,1,0.2003,,,,,Open,K2VJ_CYL_COMP_2026-03-06_1,2026-06-05 13:08:59,0
37aa9476,cmm,Measurement,Produksi,CYL COMP,K2VJ,K403,POSITION Y,AL,06 Mar 2026,1,-0.1547,,,,,Open,K2VJ_CYL_COMP_2026-03-06_1,2026-06-05 13:08:59,1
3e021386,cmm,Measurement,Produksi,CYL COMP,K2VJ,K403,POSITION Y,CL,06 Mar 2026,1,-0.1671,,,,,Open,K2VJ_CYL_COMP_2026-03-06_1,2026-06-05 13:08:59,1
7e4666be,cmm,Measurement,Produksi,CYL COMP,K2VJ,L151,DISTANCE DOWELL (Y),BR,06 Mar 2026,1,-0.0535,,,,,Open,K2VJ_CYL_COMP_2026-03-06_1,2026-06-05 13:09:00,0
bb3e6b2d,cmm,Measurement,Produksi,CYL COMP,K2VJ,L151,DISTANCE DOWELL (X),EL,06 Mar 2026,1,-0.0663,,,,,Open,K2VJ_CYL_COMP_2026-03-06_1,2026-06-05 13:09:00,0
3ecd6e05,cmm,Measurement,Produksi,CYL COMP,K2VJ,L151,DISTANCE DOWELL (X),ER,06 Mar 2026,1,-0.0508,,,,,Open,K2VJ_CYL_COMP_2026-03-06_1,2026-06-05 13:09:00,0
256068b4,cmm,Measurement,Produksi,CYL COMP,K2VJ,L152,POSITION X,CL,06 Mar 2026,1,0.3496,,,,,Open,K2VJ_CYL_COMP_2026-03-06_1,2026-06-05 13:09:00,0
c4b4e768,cmm,Measurement,Produksi,CYL COMP,K2VJ,L152,POSITION X,CR,06 Mar 2026,1,0.3104,,,,,Open,K2VJ_CYL_COMP_2026-03-06_1,2026-06-05 13:09:00,0
23755748,cmm,Measurement,Produksi,CYL COMP,K2VJ,L152,POSITION X,DL,06 Mar 2026,1,0.5167,,,,,Open,K2VJ_CYL_COMP_2026-03-06_1,2026-06-05 13:09:00,0
02f2e307,cmm,Measurement,Produksi,CYL COMP,K2VJ,L152,POSITION X,DR,06 Mar 2026,1,0.5177,,,,,Open,K2VJ_CYL_COMP_2026-03-06_1,2026-06-05 13:09:00,0
0f1b48cd,cmm,Measurement,Produksi,CYL COMP,K2VJ,L152,POSITION X,EL,06 Mar 2026,1,0.4855,,,,,Open,K2VJ_CYL_COMP_2026-03-06_1,2026-06-05 13:09:00,0
8b3cf002,cmm,Measurement,Produksi,CYL COMP,K2VJ,L152,POSITION X,ER,06 Mar 2026,1,0.4835,,,,,Open,K2VJ_CYL_COMP_2026-03-06_1,2026-06-05 13:09:00,0
878c1c9e,cmm,Measurement,Produksi,CYL COMP,K2VJ,L152,POSITION Y,AL,06 Mar 2026,1,-0.3551,,,,,Open,K2VJ_CYL_COMP_2026-03-06_1,2026-06-05 13:09:00,0
76cdad10,cmm,Measurement,Produksi,CYL COMP,K2VJ,L152,POSITION Y,AR,06 Mar 2026,1,-0.4235,,,,,Open,K2VJ_CYL_COMP_2026-03-06_1,2026-06-05 13:09:00,0
7d266ef3,cmm,Measurement,Produksi,CYL COMP,K2VJ,L152,POSITION Y,CL,06 Mar 2026,1,-0.2736,,,,,Open,K2VJ_CYL_COMP_2026-03-06_1,2026-06-05 13:09:00,0
12da22d0,cmm,Measurement,Produksi,CYL COMP,K2VJ,L152,POSITION Y,CR,06 Mar 2026,1,-0.2381,,,,,Open,K2VJ_CYL_COMP_2026-03-06_1,2026-06-05 13:09:00,1
35edf149,cmm,Measurement,Produksi,CYL COMP,K2VJ,L152,POSITION Y,DL,06 Mar 2026,1,-0.3218,,,,,Open,K2VJ_CYL_COMP_2026-03-06_1,2026-06-05 13:09:00,0
6609f4fa,cmm,Measurement,Produksi,CYL COMP,K2VJ,L152,POSITION Y,DR,06 Mar 2026,1,-0.2219,,,,,Open,K2VJ_CYL_COMP_2026-03-06_1,2026-06-05 13:09:00,0
d5633195,cmm,Measurement,Produksi,CYL COMP,K2VJ,L152,POSITION Y,EL,06 Mar 2026,1,-0.4236,,,,,Open,K2VJ_CYL_COMP_2026-03-06_1,2026-06-05 13:09:00,0
91299cdd,cmm,Measurement,Produksi,CYL COMP,K2VJ,L152,POSITION Y,ER,06 Mar 2026,1,-0.4771,,,,,Open,K2VJ_CYL_COMP_2026-03-06_1,2026-06-05 13:09:00,0
7d870484,cmm,Measurement,Produksi,CYL COMP,K2VJ,L153,POSITION X,AL,06 Mar 2026,1,-0.3182,,,,,Open,K2VJ_CYL_COMP_2026-03-06_1,2026-06-05 13:09:00,1
0177a343,cmm,Measurement,Produksi,CYL COMP,K2VJ,L153,POSITION X,AR,06 Mar 2026,1,-0.3135,,,,,Open,K2VJ_CYL_COMP_2026-03-06_1,2026-06-05 13:09:00,0
81e97861,cmm,Measurement,Produksi,CYL COMP,K2VJ,L153,POSITION X,CL,06 Mar 2026,1,-0.6792,,,,,Open,K2VJ_CYL_COMP_2026-03-06_1,2026-06-05 13:09:00,1
365b8955,cmm,Measurement,Produksi,CYL COMP,K2VJ,L153,POSITION X,CR,06 Mar 2026,1,-0.6186,,,,,Open,K2VJ_CYL_COMP_2026-03-06_1,2026-06-05 13:09:00,0
67646a80,cmm,Measurement,Produksi,CYL COMP,K2VJ,L153,POSITION X,DL,06 Mar 2026,1,-0.9786,,,,,Open,K2VJ_CYL_COMP_2026-03-06_1,2026-06-05 13:09:01,0
cd506ed3,cmm,Measurement,Produksi,CYL COMP,K2VJ,L153,POSITION X,DR,06 Mar 2026,1,-0.9309,,,,,Open,K2VJ_CYL_COMP_2026-03-06_1,2026-06-05 13:09:01,1
f8d9a642,cmm,Measurement,Produksi,CYL COMP,K2VJ,L153,POSITION X,EL,06 Mar 2026,1,-0.8856,,,,,Open,K2VJ_CYL_COMP_2026-03-06_1,2026-06-05 13:09:01,0
d651ee2c,cmm,Measurement,Produksi,CYL COMP,K2VJ,L153,POSITION X,ER,06 Mar 2026,1,-0.91,,,,,Open,K2VJ_CYL_COMP_2026-03-06_1,2026-06-05 13:09:01,1
99b4c7c6,cmm,Measurement,Produksi,CYL COMP,K2VJ,L153,POSITION Y,BL,06 Mar 2026,1,-0.2287,,,,,Open,K2VJ_CYL_COMP_2026-03-06_1,2026-06-05 13:09:01,0
093eb6f0,cmm,Measurement,Produksi,CYL COMP,K2VJ,L153,POSITION Y,CL,06 Mar 2026,1,0.2977,,,,,Open,K2VJ_CYL_COMP_2026-03-06_1,2026-06-05 13:09:01,0
f64145ff,cmm,Measurement,Produksi,CYL COMP,K2VJ,L153,POSITION Y,CR,06 Mar 2026,1,0.2563,,,,,Open,K2VJ_CYL_COMP_2026-03-06_1,2026-06-05 13:09:01,0
e5d3ecdf,cmm,Measurement,Produksi,CYL COMP,K2VJ,L153,POSITION Y,DL,06 Mar 2026,1,0.2808,,,,,Open,K2VJ_CYL_COMP_2026-03-06_1,2026-06-05 13:09:01,0
8f50910d,cmm,Measurement,Produksi,CYL COMP,K2VJ,L154,POSITION X,BL,06 Mar 2026,1,-0.3503,,,,,Open,K2VJ_CYL_COMP_2026-03-06_1,2026-06-05 13:09:01,0
ea3ef02f,cmm,Measurement,Produksi,CYL COMP,K2VJ,L154,POSITION X,CL,06 Mar 2026,1,0.5431,,,,,Open,K2VJ_CYL_COMP_2026-03-06_1,2026-06-05 13:09:01,1
22a47f6e,cmm,Measurement,Produksi,CYL COMP,K2VJ,L154,POSITION X,CR,06 Mar 2026,1,0.4605,,,,,Open,K2VJ_CYL_COMP_2026-03-06_1,2026-06-05 13:09:01,0
b7c977d6,cmm,Measurement,Produksi,CYL COMP,K2VJ,L154,POSITION X,DL,06 Mar 2026,1,1.0067,,,,,Open,K2VJ_CYL_COMP_2026-03-06_1,2026-06-05 13:09:01,1
b1f3f346,cmm,Measurement,Produksi,CYL COMP,K2VJ,L154,POSITION X,DR,06 Mar 2026,1,0.9201,,,,,Open,K2VJ_CYL_COMP_2026-03-06_1,2026-06-05 13:09:01,1
6649ff76,cmm,Measurement,Produksi,CYL COMP,K2VJ,L154,POSITION X,EL,06 Mar 2026,1,0.9327,,,,,Open,K2VJ_CYL_COMP_2026-03-06_1,2026-06-05 13:09:01,1
6c27f6a2,cmm,Measurement,Produksi,CYL COMP,K2VJ,L154,POSITION X,ER,06 Mar 2026,1,0.9857,,,,,Open,K2VJ_CYL_COMP_2026-03-06_1,2026-06-05 13:09:01,0
c42b0ade,cmm,Measurement,Produksi,CYL COMP,K2VJ,L154,POSITION Y,AL,06 Mar 2026,1,-0.544,,,,,Open,K2VJ_CYL_COMP_2026-03-06_1,2026-06-05 13:09:01,0
59523638,cmm,Measurement,Produksi,CYL COMP,K2VJ,L154,POSITION Y,AR,06 Mar 2026,1,-0.6396,,,,,Open,K2VJ_CYL_COMP_2026-03-06_1,2026-06-05 13:09:01,0
b017261e,cmm,Measurement,Produksi,CYL COMP,K2VJ,L154,POSITION Y,BL,06 Mar 2026,1,-0.2889,,,,,Open,K2VJ_CYL_COMP_2026-03-06_1,2026-06-05 13:09:01,0
ea5867a4,cmm,Measurement,Produksi,CYL COMP,K2VJ,L154,POSITION Y,BR,06 Mar 2026,1,-0.3518,,,,,Open,K2VJ_CYL_COMP_2026-03-06_1,2026-06-05 13:09:01,0
8687d71d,cmm,Measurement,Produksi,CYL COMP,K2VJ,L154,POSITION Y,CL,06 Mar 2026,1,-0.4833,,,,,Open,K2VJ_CYL_COMP_2026-03-06_1,2026-06-05 13:09:01,0
ca78eb82,cmm,Measurement,Produksi,CYL COMP,K2VJ,L154,POSITION Y,CR,06 Mar 2026,1,-0.3968,,,,,Open,K2VJ_CYL_COMP_2026-03-06_1,2026-06-05 13:09:01,0
00564348,cmm,Measurement,Produksi,CYL COMP,K2VJ,L154,POSITION Y,EL,06 Mar 2026,1,-0.3237,,,,,Open,K2VJ_CYL_COMP_2026-03-06_1,2026-06-05 13:09:01,0
51e62123,cmm,Measurement,Produksi,CYL COMP,K2VJ,L154,POSITION Y,ER,06 Mar 2026,1,-0.3741,,,,,Open,K2VJ_CYL_COMP_2026-03-06_1,2026-06-05 13:09:02,0
55a125ce,cmm,Measurement,Produksi,CYL COMP,K2VJ,L163,POSITION Y,CL,06 Mar 2026,1,-0.3038,,,,,Open,K2VJ_CYL_COMP_2026-03-06_1,2026-06-05 13:09:02,0
36927eeb,cmm,Measurement,Produksi,CYL COMP,K2VJ,L163,POSITION Y,CR,06 Mar 2026,1,-0.3315,,,,,Open,K2VJ_CYL_COMP_2026-03-06_1,2026-06-05 13:09:02,0
e64317d6,cmm,Measurement,Produksi,CYL COMP,K2VJ,L163,POSITION Y,DL,06 Mar 2026,1,-0.432,,,,,Open,K2VJ_CYL_COMP_2026-03-06_1,2026-06-05 13:09:02,0
12f6d052,cmm,Measurement,Produksi,CYL COMP,K2VJ,L163,POSITION Y,DR,06 Mar 2026,1,-0.4041,,,,,Open,K2VJ_CYL_COMP_2026-03-06_1,2026-06-05 13:09:02,0
3b0dda28,cmm,Measurement,Produksi,CYL COMP,K2VJ,L164,POSITION X,AL,06 Mar 2026,1,0.0518,,,,,Open,K2VJ_CYL_COMP_2026-03-06_1,2026-06-05 13:09:02,1
1eb746c1,cmm,Measurement,Produksi,CYL COMP,K2VJ,L164,POSITION X,EL,06 Mar 2026,1,-0.0807,,,,,Open,K2VJ_CYL_COMP_2026-03-06_1,2026-06-05 13:09:02,0
01866af3,cmm,Measurement,Produksi,CYL COMP,K2VJ,L164,POSITION Y,ER,06 Mar 2026,1,0.0541,,,,,Open,K2VJ_CYL_COMP_2026-03-06_1,2026-06-05 13:09:02,1
180e98b8,cmm,Measurement,Produksi,CRCS L,K1AL L1,A003,Posisi Y From A006,1,04 Jun 2026,1,-0.122,,,,,Open,K1AL_L1_CRCS_L_2026-06-04_1,2026-06-05 13:11:48,0
6584bef9,cmm,Measurement,Produksi,CRCS L,K1AL L1,A005,Perpendicularity To n,1,04 Jun 2026,1,0.014,,,,,Open,K1AL_L1_CRCS_L_2026-06-04_1,2026-06-05 13:11:48,0
6b20b11a,cmm,Measurement,Produksi,CRCS L,K1AL L1,A006,Concentricity to m,1,04 Jun 2026,1,0.107,,,,,Open,K1AL_L1_CRCS_L_2026-06-04_1,2026-06-05 13:11:48,0
99c143ac,cmm,Measurement,Produksi,CRCS L,K1AL L1,A006,Concentricity to m,3,04 Jun 2026,1,0.038,,,,,Open,K1AL_L1_CRCS_L_2026-06-04_1,2026-06-05 13:11:48,0
166a7941,cmm,Measurement,Produksi,CRCS L,K1AL L1,A006,Concentricity to m,5,04 Jun 2026,1,0.032,,,,,Open,K1AL_L1_CRCS_L_2026-06-04_1,2026-06-05 13:11:48,1
9214550b,cmm,Measurement,Produksi,CRCS L,K1AL L1,A006,Concentricity to m,6,04 Jun 2026,1,0.036,,,,,Open,K1AL_L1_CRCS_L_2026-06-04_1,2026-06-05 13:11:48,0
313f8bcc,cmm,Measurement,Produksi,CRCS L,K1AL L1,A007,Distance From A006,1,04 Jun 2026,1,0.055,,,,,Open,K1AL_L1_CRCS_L_2026-06-04_1,2026-06-05 13:11:49,1
182abee2,cmm,Measurement,Produksi,CRCS L,K1AL L1,A008,Posisi Y,1,04 Jun 2026,1,0.117,,,,,Open,K1AL_L1_CRCS_L_2026-06-04_1,2026-06-05 13:11:49,0
0d05c348,cmm,Measurement,Produksi,CRCS L,K1AL L1,A008,Distance From A006,1,04 Jun 2026,1,0.059,,,,,Open,K1AL_L1_CRCS_L_2026-06-04_1,2026-06-05 13:11:49,1
b59c5d04,cmm,Measurement,Produksi,CRCS L,K1AL L1,A042,Posisi X,3,04 Jun 2026,1,-0.209,,,,,Open,K1AL_L1_CRCS_L_2026-06-04_1,2026-06-05 13:11:49,1
ec6a9c14,cmm,Measurement,Produksi,CRCS L,K1AL L1,A042,Posisi X,4,04 Jun 2026,1,-0.333,,,,,Open,K1AL_L1_CRCS_L_2026-06-04_1,2026-06-05 13:11:49,1
e4cef69c,cmm,Measurement,Produksi,CRCS L,K1AL L1,A042,Posisi X,5,04 Jun 2026,1,-0.229,,,,,Open,K1AL_L1_CRCS_L_2026-06-04_1,2026-06-05 13:11:49,0
1c2278c4,cmm,Measurement,Produksi,CRCS L,K1AL L1,A042,Posisi Y,3,04 Jun 2026,1,-0.209,,,,,Open,K1AL_L1_CRCS_L_2026-06-04_1,2026-06-05 13:11:49,0
95be8de4,cmm,Measurement,Produksi,CRCS L,K1AL L1,A042,Posisi Y,4,04 Jun 2026,1,-0.333,,,,,Open,K1AL_L1_CRCS_L_2026-06-04_1,2026-06-05 13:11:49,0
2a1c7510,cmm,Measurement,Produksi,CRCS L,K1AL L1,A042,Posisi Y,5,04 Jun 2026,1,-0.229,,,,,Open,K1AL_L1_CRCS_L_2026-06-04_1,2026-06-05 13:11:49,0
3556cd1c,cmm,Measurement,Produksi,CRCS L,K1AL L1,A151,Posisi X Drill 6.45,2,04 Jun 2026,1,0.204,,,,,Open,K1AL_L1_CRCS_L_2026-06-04_1,2026-06-05 13:11:49,1
7d677c63,cmm,Measurement,Produksi,CRCS L,K1AL L1,A151,Posisi X Drill 6.45,4,04 Jun 2026,1,0.28,,,,,Open,K1AL_L1_CRCS_L_2026-06-04_1,2026-06-05 13:11:49,1
dbea9640,cmm,Measurement,Produksi,CRCS L,K1AL L1,A151,Posisi X Drill 6.45,5,04 Jun 2026,1,0.317,,,,,Open,K1AL_L1_CRCS_L_2026-06-04_1,2026-06-05 13:11:49,1
3ad239c9,cmm,Measurement,Produksi,CRCS L,K1AL L1,A151,Posisi Y Drill 6.45,2,04 Jun 2026,1,0.204,,,,,Open,K1AL_L1_CRCS_L_2026-06-04_1,2026-06-05 13:11:49,0
758cb1a8,cmm,Measurement,Produksi,CRCS L,K1AL L1,A151,Posisi Y Drill 6.45,4,04 Jun 2026,1,0.28,,,,,Open,K1AL_L1_CRCS_L_2026-06-04_1,2026-06-05 13:11:49,0
97357bed,cmm,Measurement,Produksi,CRCS L,K1AL L1,A151,Posisi Y Drill 6.45,5,04 Jun 2026,1,0.317,,,,,Open,K1AL_L1_CRCS_L_2026-06-04_1,2026-06-05 13:11:49,0
bc68f7ca,cmm,Measurement,Produksi,CRCS L,K1AL L1,A152,Posisi Y Drill 6.45,4,04 Jun 2026,1,0.235,,,,,Open,K1AL_L1_CRCS_L_2026-06-04_1,2026-06-05 13:11:49,0
d716e4b3,cmm,Measurement,Produksi,CRCS L,K1AL L1,A152,Posisi Y Drill 6.45,5,04 Jun 2026,1,0.245,,,,,Open,K1AL_L1_CRCS_L_2026-06-04_1,2026-06-05 13:11:49,0
9ad10cd0,cmm,Measurement,Produksi,CRCS L,K1AL L1,A152,Posisi X Drill 6.45,6,04 Jun 2026,1,0.212,,,,,Open,K1AL_L1_CRCS_L_2026-06-04_1,2026-06-05 13:11:49,1
6f436324,cmm,Measurement,Produksi,CRCS L,K1AL L1,A153,Posisi X,2,04 Jun 2026,1,0.313,,,,,Open,K1AL_L1_CRCS_L_2026-06-04_1,2026-06-05 13:11:50,1
f1625a0e,cmm,Measurement,Produksi,CRCS L,K1AL L1,A153,Posisi X,3,04 Jun 2026,1,0.255,,,,,Open,K1AL_L1_CRCS_L_2026-06-04_1,2026-06-05 13:11:50,0
14483cdc,cmm,Measurement,Produksi,CRCS L,K1AL L1,A153,Posisi X,4,04 Jun 2026,1,0.357,,,,,Open,K1AL_L1_CRCS_L_2026-06-04_1,2026-06-05 13:11:50,0
ab429460,cmm,Measurement,Produksi,CRCS L,K1AL L1,A153,Posisi X,5,04 Jun 2026,1,0.426,,,,,Open,K1AL_L1_CRCS_L_2026-06-04_1,2026-06-05 13:11:50,0
4f8bf1b4,cmm,Measurement,Produksi,CRCS L,K1AL L1,A153,Posisi Y,2,04 Jun 2026,1,0.313,,,,,Open,K1AL_L1_CRCS_L_2026-06-04_1,2026-06-05 13:11:50,0
b450cf8d,cmm,Measurement,Produksi,CRCS L,K1AL L1,A153,Posisi Y,3,04 Jun 2026,1,0.255,,,,,Open,K1AL_L1_CRCS_L_2026-06-04_1,2026-06-05 13:11:50,0
62370819,cmm,Measurement,Produksi,CRCS L,K1AL L1,A153,Posisi Y,4,04 Jun 2026,1,0.357,,,,,Open,K1AL_L1_CRCS_L_2026-06-04_1,2026-06-05 13:11:50,0
b9a80d8f,cmm,Measurement,Produksi,CRCS L,K1AL L1,A153,Posisi Y,5,04 Jun 2026,1,0.426,,,,,Open,K1AL_L1_CRCS_L_2026-06-04_1,2026-06-05 13:11:50,0
8523b9d6,cmm,Measurement,Produksi,CRCS L,K1AL L1,A154,Posisi X,2,04 Jun 2026,1,0.319,,,,,Open,K1AL_L1_CRCS_L_2026-06-04_1,2026-06-05 13:11:50,1
e7acba31,cmm,Measurement,Produksi,CRCS L,K1AL L1,A154,Posisi X,3,04 Jun 2026,1,0.245,,,,,Open,K1AL_L1_CRCS_L_2026-06-04_1,2026-06-05 13:11:50,1
100453f3,cmm,Measurement,Produksi,CRCS L,K1AL L1,A154,Posisi X,4,04 Jun 2026,1,0.325,,,,,Open,K1AL_L1_CRCS_L_2026-06-04_1,2026-06-05 13:11:50,1
0158b405,cmm,Measurement,Produksi,CRCS L,K1AL L1,A154,Posisi X,5,04 Jun 2026,1,0.406,,,,,Open,K1AL_L1_CRCS_L_2026-06-04_1,2026-06-05 13:11:50,0
b5108a94,cmm,Measurement,Produksi,CRCS L,K1AL L1,A154,Posisi Y,2,04 Jun 2026,1,0.319,,,,,Open,K1AL_L1_CRCS_L_2026-06-04_1,2026-06-05 13:11:50,0
09728cb6,cmm,Measurement,Produksi,CRCS L,K1AL L1,A154,Posisi Y,3,04 Jun 2026,1,0.245,,,,,Open,K1AL_L1_CRCS_L_2026-06-04_1,2026-06-05 13:11:50,0
12efe9d1,cmm,Measurement,Produksi,CRCS L,K1AL L1,A154,Posisi Y,4,04 Jun 2026,1,0.325,,,,,Open,K1AL_L1_CRCS_L_2026-06-04_1,2026-06-05 13:11:50,0
f17c8220,cmm,Measurement,Produksi,CRCS L,K1AL L1,A154,Posisi Y,5,04 Jun 2026,1,0.406,,,,,Open,K1AL_L1_CRCS_L_2026-06-04_1,2026-06-05 13:11:50,0
f76ffb3c,cmm,Measurement,Produksi,CRCS L,K1AL L1,A155,Posisi X,2,04 Jun 2026,1,0.329,,,,,Open,K1AL_L1_CRCS_L_2026-06-04_1,2026-06-05 13:11:50,1
fe3f1708,cmm,Measurement,Produksi,CRCS L,K1AL L1,A155,Posisi X,3,04 Jun 2026,1,0.238,,,,,Open,K1AL_L1_CRCS_L_2026-06-04_1,2026-06-05 13:11:50,1
c5ac144c,cmm,Measurement,Produksi,CRCS L,K1AL L1,A155,Posisi X,4,04 Jun 2026,1,0.388,,,,,Open,K1AL_L1_CRCS_L_2026-06-04_1,2026-06-05 13:11:50,1
188580c2,cmm,Measurement,Produksi,CRCS L,K1AL L1,A155,Posisi X,5,04 Jun 2026,1,0.425,,,,,Open,K1AL_L1_CRCS_L_2026-06-04_1,2026-06-05 13:11:50,1
d6c3b2d9,cmm,Measurement,Produksi,CRCS L,K1AL L1,A155,Posisi X,6,04 Jun 2026,1,0.224,,,,,Open,K1AL_L1_CRCS_L_2026-06-04_1,2026-06-05 13:11:50,1
0acf4403,cmm,Measurement,Produksi,CRCS L,K1AL L1,A155,Posisi Y,2,04 Jun 2026,1,0.329,,,,,Open,K1AL_L1_CRCS_L_2026-06-04_1,2026-06-05 13:11:50,1
da43b1df,cmm,Measurement,Produksi,CRCS L,K1AL L1,A155,Posisi Y,3,04 Jun 2026,1,0.238,,,,,Open,K1AL_L1_CRCS_L_2026-06-04_1,2026-06-05 13:11:50,0
133ea782,cmm,Measurement,Produksi,CRCS L,K1AL L1,A155,Posisi Y,4,04 Jun 2026,1,0.388,,,,,Open,K1AL_L1_CRCS_L_2026-06-04_1,2026-06-05 13:11:51,0
b8f7f132,cmm,Measurement,Produksi,CRCS L,K1AL L1,A155,Posisi Y,5,04 Jun 2026,1,0.425,,,,,Open,K1AL_L1_CRCS_L_2026-06-04_1,2026-06-05 13:11:51,0
24b2768b,cmm,Measurement,Produksi,CRCS L,K1AL L1,A155,Posisi Y,6,04 Jun 2026,1,0.224,,,,,Open,K1AL_L1_CRCS_L_2026-06-04_1,2026-06-05 13:11:51,0
3aa7a0d7,cmm,Measurement,Produksi,CRCS L,K1AL L1,A156,Posisi X,2,04 Jun 2026,1,0.294,,,,,Open,K1AL_L1_CRCS_L_2026-06-04_1,2026-06-05 13:11:51,1
85fc03d2,cmm,Measurement,Produksi,CRCS L,K1AL L1,A156,Posisi X,4,04 Jun 2026,1,0.322,,,,,Open,K1AL_L1_CRCS_L_2026-06-04_1,2026-06-05 13:11:51,0
d250d9c7,cmm,Measurement,Produksi,CRCS L,K1AL L1,A156,Posisi X,5,04 Jun 2026,1,0.356,,,,,Open,K1AL_L1_CRCS_L_2026-06-04_1,2026-06-05 13:11:51,0
c128b7bc,cmm,Measurement,Produksi,CRCS L,K1AL L1,A156,Posisi Y,2,04 Jun 2026,1,0.294,,,,,Open,K1AL_L1_CRCS_L_2026-06-04_1,2026-06-05 13:11:51,1
cea2df83,cmm,Measurement,Produksi,CRCS L,K1AL L1,A156,Posisi Y,4,04 Jun 2026,1,0.322,,,,,Open,K1AL_L1_CRCS_L_2026-06-04_1,2026-06-05 13:11:51,0
1bb34ee6,cmm,Measurement,Produksi,CRCS L,K1AL L1,A156,Posisi Y,5,04 Jun 2026,1,0.356,,,,,Open,K1AL_L1_CRCS_L_2026-06-04_1,2026-06-05 13:11:51,1
040a1f4e,cmm,Measurement,Produksi,CRCS L,K1AL L1,A160,Posisi X,2,04 Jun 2026,1,0.419,,,,,Open,K1AL_L1_CRCS_L_2026-06-04_1,2026-06-05 13:11:51,1
b2d78e57,cmm,Measurement,Produksi,CRCS L,K1AL L1,A160,Posisi X,3,04 Jun 2026,1,0.366,,,,,Open,K1AL_L1_CRCS_L_2026-06-04_1,2026-06-05 13:11:51,1
4d2929cb,cmm,Measurement,Produksi,CRCS L,K1AL L1,A160,Posisi X,4,04 Jun 2026,1,0.538,,,,,Open,K1AL_L1_CRCS_L_2026-06-04_1,2026-06-05 13:11:51,1
54c427dd,cmm,Measurement,Produksi,CRCS L,K1AL L1,A160,Posisi X,5,04 Jun 2026,1,0.664,,,,,Open,K1AL_L1_CRCS_L_2026-06-04_1,2026-06-05 13:11:51,1
7ebae22d,cmm,Measurement,Produksi,CRCS L,K1AL L1,A160,Posisi Y,2,04 Jun 2026,1,0.419,,,,,Open,K1AL_L1_CRCS_L_2026-06-04_1,2026-06-05 13:11:51,0
774fe6a6,cmm,Measurement,Produksi,CRCS L,K1AL L1,A160,Posisi Y,3,04 Jun 2026,1,0.366,,,,,Open,K1AL_L1_CRCS_L_2026-06-04_1,2026-06-05 13:11:51,1
55c44122,cmm,Measurement,Produksi,CRCS L,K1AL L1,A160,Posisi Y,4,04 Jun 2026,1,0.538,,,,,Open,K1AL_L1_CRCS_L_2026-06-04_1,2026-06-05 13:11:51,0
13736a1f,cmm,Measurement,Produksi,CRCS L,K1AL L1,A160,Posisi Y,5,04 Jun 2026,1,0.664,,,,,Open,K1AL_L1_CRCS_L_2026-06-04_1,2026-06-05 13:11:51,0
53f3e025,cmm,Measurement,Produksi,CRCS L,K1AL L1,B010,Position To d & e,2,04 Jun 2026,1,0.103,,,,,Open,K1AL_L1_CRCS_L_2026-06-04_1,2026-06-05 13:11:51,0
828391c1,cmm,Measurement,Produksi,CRCS L,K1AL L1,B017,Distance From B027,1,04 Jun 2026,1,-0.226,,,,,Open,K1AL_L1_CRCS_L_2026-06-04_1,2026-06-05 13:11:51,0
38143415,cmm,Measurement,Produksi,CRCS L,K1AL L1,B018,Distance From B027,1,04 Jun 2026,1,0.181,,,,,Open,K1AL_L1_CRCS_L_2026-06-04_1,2026-06-05 13:11:51,0
61bd30c3,cmm,Measurement,Produksi,CRCS L,K1AL L1,B018,Position To f & g,1,04 Jun 2026,1,0.497,,,,,Open,K1AL_L1_CRCS_L_2026-06-04_1,2026-06-05 13:11:51,0
30750462,cmm,Measurement,Produksi,CRCS L,K1AL L1,B018,Position To f & g,2,04 Jun 2026,1,0.305,,,,,Open,K1AL_L1_CRCS_L_2026-06-04_1,2026-06-05 13:11:51,0
876d1ccd,cmm,Measurement,Produksi,CRCS L,K1AL L1,B018,Position To f & g,3,04 Jun 2026,1,0.317,,,,,Open,K1AL_L1_CRCS_L_2026-06-04_1,2026-06-05 13:11:51,0
4224d257,cmm,Measurement,Produksi,CRCS L,K1AL L1,B018,Position To f & g,4,04 Jun 2026,1,0.34,,,,,Open,K1AL_L1_CRCS_L_2026-06-04_1,2026-06-05 13:11:52,0
397b4480,cmm,Measurement,Produksi,CRCS L,K1AL L1,B018,Position To f & g,5,04 Jun 2026,1,0.31,,,,,Open,K1AL_L1_CRCS_L_2026-06-04_1,2026-06-05 13:11:52,0
6c56c060,cmm,Measurement,Produksi,CRCS L,K1AL L1,B018,Position To f & g,6,04 Jun 2026,1,0.346,,,,,Open,K1AL_L1_CRCS_L_2026-06-04_1,2026-06-05 13:11:52,0
71b927a5,cmm,Measurement,Produksi,CRCS L,K1AL L1,B025,Position to d & e,2,04 Jun 2026,1,0.103,,,,,Open,K1AL_L1_CRCS_L_2026-06-04_1,2026-06-05 13:11:52,0
a7151b9c,cmm,Measurement,Produksi,CRCS L,K1AL L1,B051,Posisi X,6,04 Jun 2026,1,-0.202,,,,,Open,K1AL_L1_CRCS_L_2026-06-04_1,2026-06-05 13:11:52,1
a1ee3fab,cmm,Measurement,Produksi,CRCS L,K1AL L1,B051,Posisi Y,6,04 Jun 2026,1,-0.202,,,,,Open,K1AL_L1_CRCS_L_2026-06-04_1,2026-06-05 13:11:52,1
ce4fe5e9,cmm,Measurement,Produksi,CRCS L,K1AL L1,B073,Posisi X,6,04 Jun 2026,1,-0.203,,,,,Open,K1AL_L1_CRCS_L_2026-06-04_1,2026-06-05 13:11:52,1
c818e874,cmm,Measurement,Produksi,CRCS L,K1AL L1,B073,Posisi Y,6,04 Jun 2026,1,-0.203,,,,,Open,K1AL_L1_CRCS_L_2026-06-04_1,2026-06-05 13:11:52,0
df1b2378,cmm,Measurement,Produksi,CRCS R,K1AL L1,C000,Flatness adjacent bosses,1,04 Jun 2026,1,0.034,,,,,Open,K1AL_L1_CRCS_R_2026-06-04_1,2026-06-05 13:33:11,0
2b3bfbe6,cmm,Measurement,Produksi,CRCS R,K1AL L1,C016,Posisi X,1,04 Jun 2026,1,0.179,,,,,Open,K1AL_L1_CRCS_R_2026-06-04_1,2026-06-05 13:33:11,1
f1e117b9,cmm,Measurement,Produksi,CRCS R,K1AL L1,C016,Posisi X,2,04 Jun 2026,1,0.173,,,,,Open,K1AL_L1_CRCS_R_2026-06-04_1,2026-06-05 13:33:11,1
8b81302e,cmm,Measurement,Produksi,CRCS R,K1AL L1,C016,Posisi X,4,04 Jun 2026,1,0.193,,,,,Open,K1AL_L1_CRCS_R_2026-06-04_1,2026-06-05 13:33:11,1
a410e076,cmm,Measurement,Produksi,CRCS R,K1AL L1,C016,Distance 01,1,04 Jun 2026,1,0.188,,,,,Open,K1AL_L1_CRCS_R_2026-06-04_1,2026-06-05 13:33:11,0
841b6dc2,cmm,Measurement,Produksi,CRCS R,K1AL L1,C016,Distance 01,2,04 Jun 2026,1,0.188,,,,,Open,K1AL_L1_CRCS_R_2026-06-04_1,2026-06-05 13:33:11,1
dceae5c6,cmm,Measurement,Produksi,CRCS R,K1AL L1,C016,Distance 01,4,04 Jun 2026,1,0.207,,,,,Open,K1AL_L1_CRCS_R_2026-06-04_1,2026-06-05 13:33:11,0
7c06d8d5,cmm,Measurement,Produksi,CRCS R,K1AL L1,C016,Distance 01,6,04 Jun 2026,1,0.103,,,,,Open,K1AL_L1_CRCS_R_2026-06-04_1,2026-06-05 13:33:12,0
10e6932e,cmm,Measurement,Produksi,CRCS R,K1AL L1,C030,Posisi X,1,04 Jun 2026,1,0.056,,,,,Open,K1AL_L1_CRCS_R_2026-06-04_1,2026-06-05 13:33:12,1
a04ef6ef,cmm,Measurement,Produksi,CRCS R,K1AL L1,C030,Posisi Y,1,04 Jun 2026,1,0.056,,,,,Open,K1AL_L1_CRCS_R_2026-06-04_1,2026-06-05 13:33:12,0
3701ecd9,cmm,Measurement,Produksi,CRCS R,K1AL L1,C159,Posisi X,1,04 Jun 2026,1,0.124,,,,,Open,K1AL_L1_CRCS_R_2026-06-04_1,2026-06-05 13:33:12,0
9749c435,cmm,Measurement,Produksi,CRCS R,K1AL L1,C159,Posisi X,4,04 Jun 2026,1,0.116,,,,,Open,K1AL_L1_CRCS_R_2026-06-04_1,2026-06-05 13:33:12,0
bdedecdb,cmm,Measurement,Produksi,CRCS R,K1AL L1,C159,Posisi X,6,04 Jun 2026,1,0.119,,,,,Open,K1AL_L1_CRCS_R_2026-06-04_1,2026-06-05 13:33:12,0
ef265cfc,cmm,Measurement,Produksi,CRCS R,K1AL L1,D005,Concentricity to f,1,04 Jun 2026,1,0.177,,,,,Open,K1AL_L1_CRCS_R_2026-06-04_1,2026-06-05 13:33:12,1
6bb7368e,cmm,Measurement,Produksi,CRCS R,K1AL L1,D005,Concentricity to f,2,04 Jun 2026,1,0.219,,,,,Open,K1AL_L1_CRCS_R_2026-06-04_1,2026-06-05 13:33:12,0
52c0f563,cmm,Measurement,Produksi,CRCS R,K1AL L1,D005,Concentricity to f,3,04 Jun 2026,1,0.106,,,,,Open,K1AL_L1_CRCS_R_2026-06-04_1,2026-06-05 13:33:12,1
c4195ed7,cmm,Measurement,Produksi,CRCS R,K1AL L1,D005,Concentricity to f,4,04 Jun 2026,1,0.166,,,,,Open,K1AL_L1_CRCS_R_2026-06-04_1,2026-06-05 13:33:12,1
0e7b7152,cmm,Measurement,Produksi,CRCS R,K1AL L1,D005,Concentricity to f,5,04 Jun 2026,1,0.151,,,,,Open,K1AL_L1_CRCS_R_2026-06-04_1,2026-06-05 13:33:12,0
96b294c9,cmm,Measurement,Produksi,CRCS R,K1AL L1,D015,Angle From D014,1,04 Jun 2026,1,0.709,,,,,Open,K1AL_L1_CRCS_R_2026-06-04_1,2026-06-05 13:33:13,0
aab7a642,cmm,Measurement,Produksi,CRCS R,K1AL L1,D015,Angle From D014,2,04 Jun 2026,1,0.547,,,,,Open,K1AL_L1_CRCS_R_2026-06-04_1,2026-06-05 13:33:13,0
697e5c13,cmm,Measurement,Produksi,CRCS R,K1AL L1,D015,Angle From D014,4,04 Jun 2026,1,0.578,,,,,Open,K1AL_L1_CRCS_R_2026-06-04_1,2026-06-05 13:33:13,0
69fa4af2,cmm,Measurement,Produksi,CRCS R,K1AL L1,D015,Angle From D014,5,04 Jun 2026,1,0.606,,,,,Open,K1AL_L1_CRCS_R_2026-06-04_1,2026-06-05 13:33:13,0
d177340e,cmm,Measurement,Produksi,CRCS R,K1AL L1,D033,Distance From D032,1,04 Jun 2026,1,-0.389,,,,,Open,K1AL_L1_CRCS_R_2026-06-04_1,2026-06-05 13:33:13,0
e8902d31,cmm,Measurement,Produksi,CRCS R,K1AL L1,D033,Distance From D032,2,04 Jun 2026,1,-0.489,,,,,Open,K1AL_L1_CRCS_R_2026-06-04_1,2026-06-05 13:33:13,0
edb69aa2,cmm,Measurement,Produksi,CRCS R,K1AL L1,D033,Distance From D032,4,04 Jun 2026,1,-0.479,,,,,Open,K1AL_L1_CRCS_R_2026-06-04_1,2026-06-05 13:33:13,0
a9075f33,cmm,Measurement,Produksi,CRCS R,K1AL L1,D033,Distance From D032,5,04 Jun 2026,1,-0.468,,,,,Open,K1AL_L1_CRCS_R_2026-06-04_1,2026-06-05 13:33:13,0
f9bc2944,cmm,Measurement,Produksi,CRCS R,K1AL L1,D087,Posisi X,1,04 Jun 2026,1,-0.379,,,,,Open,K1AL_L1_CRCS_R_2026-06-04_1,2026-06-05 13:33:13,1
1ee00936,cmm,Measurement,Produksi,CRCS R,K1AL L1,D087,Posisi X,4,04 Jun 2026,1,-0.369,,,,,Open,K1AL_L1_CRCS_R_2026-06-04_1,2026-06-05 13:33:13,0
e98410df,cmm,Measurement,Produksi,CRCS R,K1AL L1,D087,Posisi X,6,04 Jun 2026,1,-0.409,,,,,Open,K1AL_L1_CRCS_R_2026-06-04_1,2026-06-05 13:33:13,0
2171b6d9,cmm,Measurement,Produksi,CRCS R,K1AL L1,D087,Posisi Y,1,04 Jun 2026,1,-0.379,,,,,Open,K1AL_L1_CRCS_R_2026-06-04_1,2026-06-05 13:33:13,1
cb5fb3d3,cmm,Measurement,Produksi,CRCS R,K1AL L1,D087,Posisi Y,4,04 Jun 2026,1,-0.369,,,,,Open,K1AL_L1_CRCS_R_2026-06-04_1,2026-06-05 13:33:13,1
e3d65df1,cmm,Measurement,Produksi,CRCS R,K1AL L1,D087,Posisi Y,6,04 Jun 2026,1,-0.409,,,,,Open,K1AL_L1_CRCS_R_2026-06-04_1,2026-06-05 13:33:14,1
4307ec6f,cmm,Measurement,Produksi,CRCS R,K1AL L1,D087,Posisi Z,1,04 Jun 2026,1,-0.379,,,,,Open,K1AL_L1_CRCS_R_2026-06-04_1,2026-06-05 13:33:14,1
9437a656,cmm,Measurement,Produksi,CRCS R,K1AL L1,D087,Posisi Z,4,04 Jun 2026,1,-0.369,,,,,Open,K1AL_L1_CRCS_R_2026-06-04_1,2026-06-05 13:33:14,0
e69c2501,cmm,Measurement,Produksi,CRCS R,K1AL L1,D087,Posisi Z,6,04 Jun 2026,1,-0.409,,,,,Open,K1AL_L1_CRCS_R_2026-06-04_1,2026-06-05 13:33:14,0
77642d76,cmm,Measurement,Produksi,CRCS R,K1AL L1,D090,Posisi X,1,04 Jun 2026,1,-0.27,,,,,Open,K1AL_L1_CRCS_R_2026-06-04_1,2026-06-05 13:33:14,1
9e46f107,cmm,Measurement,Produksi,CRCS R,K1AL L1,D090,Posisi X,3,04 Jun 2026,1,-0.278,,,,,Open,K1AL_L1_CRCS_R_2026-06-04_1,2026-06-05 13:33:14,0
7d65aa1c,cmm,Measurement,Produksi,CRCS R,K1AL L1,D090,Posisi X,5,04 Jun 2026,1,-0.235,,,,,Open,K1AL_L1_CRCS_R_2026-06-04_1,2026-06-05 13:33:14,0
fd4aba7d,cmm,Measurement,Produksi,CRCS R,K1AL L1,D090,Posisi X,6,04 Jun 2026,1,-0.23,,,,,Open,K1AL_L1_CRCS_R_2026-06-04_1,2026-06-05 13:33:14,1
eb0bf6e3,cmm,Measurement,Produksi,CRCS R,K1AL L1,D090,Posisi Y,1,04 Jun 2026,1,-0.27,,,,,Open,K1AL_L1_CRCS_R_2026-06-04_1,2026-06-05 13:33:14,0
8a6428c9,cmm,Measurement,Produksi,CRCS R,K1AL L1,D090,Posisi Y,3,04 Jun 2026,1,-0.278,,,,,Open,K1AL_L1_CRCS_R_2026-06-04_1,2026-06-05 13:33:14,0
3a466809,cmm,Measurement,Produksi,CRCS R,K1AL L1,D090,Posisi Y,5,04 Jun 2026,1,-0.235,,,,,Open,K1AL_L1_CRCS_R_2026-06-04_1,2026-06-05 13:33:14,0
979f7fb3,cmm,Measurement,Produksi,CRCS R,K1AL L1,D090,Posisi Y,6,04 Jun 2026,1,-0.23,,,,,Open,K1AL_L1_CRCS_R_2026-06-04_1,2026-06-05 13:33:14,0
e6e2d6c8,cmm,Measurement,Produksi,CRCS R,K1AL L1,D092,Posisi X,3,04 Jun 2026,1,-0.226,,,,,Open,K1AL_L1_CRCS_R_2026-06-04_1,2026-06-05 13:33:15,1
7df686fe,cmm,Measurement,Produksi,CRCS R,K1AL L1,D092,Posisi Y,3,04 Jun 2026,1,-0.226,,,,,Open,K1AL_L1_CRCS_R_2026-06-04_1,2026-06-05 13:33:15,1
d62c7f7d,cmm,Measurement,Produksi,CRCS L,K1AL L1,A002,Posisi X From A001 ( Drill 6 ),8,10 Apr 2026,2,0.242,,,,,Open,K1AL_L1_CRCS_L_2026-04-10_2,2026-06-05 13:35:56,1
d0ddcdcc,cmm,Measurement,Produksi,CRCS L,K1AL L1,A002,Posisi X From A001 ( Drill 6 ),10,10 Apr 2026,2,0.236,,,,,Open,K1AL_L1_CRCS_L_2026-04-10_2,2026-06-05 13:35:57,1
0f3d6edb,cmm,Measurement,Produksi,CRCS L,K1AL L1,A002,Posisi Y From A001 ( Drill 6 ),8,10 Apr 2026,2,0.242,,,,,Open,K1AL_L1_CRCS_L_2026-04-10_2,2026-06-05 13:35:57,1
e7e6e284,cmm,Measurement,Produksi,CRCS L,K1AL L1,A002,Posisi Y From A001 ( Drill 6 ),10,10 Apr 2026,2,0.236,,,,,Open,K1AL_L1_CRCS_L_2026-04-10_2,2026-06-05 13:35:57,1
daf335b7,cmm,Measurement,Produksi,CRCS L,K1AL L1,A004,Posisi X From A003,8,10 Apr 2026,2,0.066,,,,,Open,K1AL_L1_CRCS_L_2026-04-10_2,2026-06-05 13:35:57,1
bdcea109,cmm,Measurement,Produksi,CRCS L,K1AL L1,A004,Posisi Y From A003,8,10 Apr 2026,2,0.066,,,,,Open,K1AL_L1_CRCS_L_2026-04-10_2,2026-06-05 13:35:57,1
64b4235a,cmm,Measurement,Produksi,CRCS L,K1AL L1,A005,Perpendicularity To n,9,10 Apr 2026,2,0.073,,,,,Open,K1AL_L1_CRCS_L_2026-04-10_2,2026-06-05 13:35:57,1
537c232a,cmm,Measurement,Produksi,CRCS L,K1AL L1,A006,Concentricity to m,7,10 Apr 2026,2,0.035,,,,,Open,K1AL_L1_CRCS_L_2026-04-10_2,2026-06-05 13:35:57,1
73cfc4f0,cmm,Measurement,Produksi,CRCS L,K1AL L1,A006,Concentricity to m,9,10 Apr 2026,2,0.128,,,,,Open,K1AL_L1_CRCS_L_2026-04-10_2,2026-06-05 13:35:57,1
eaaff606,cmm,Measurement,Produksi,CRCS L,K1AL L1,A006,Concentricity to m,11,10 Apr 2026,2,0.045,,,,,Open,K1AL_L1_CRCS_L_2026-04-10_2,2026-06-05 13:35:57,1
f5b3ae17,cmm,Measurement,Produksi,CRCS L,K1AL L1,A007,Distance From A006,9,10 Apr 2026,2,0.032,,,,,Open,K1AL_L1_CRCS_L_2026-04-10_2,2026-06-05 13:35:57,1
aa3ea6c8,cmm,Measurement,Produksi,CRCS L,K1AL L1,A007,Distance From A006,10,10 Apr 2026,2,0.091,,,,,Open,K1AL_L1_CRCS_L_2026-04-10_2,2026-06-05 13:35:57,1
19272ae4,cmm,Measurement,Produksi,CRCS L,K1AL L1,A007,Distance From A008,10,10 Apr 2026,2,-0.096,,,,,Open,K1AL_L1_CRCS_L_2026-04-10_2,2026-06-05 13:35:57,1
87dfa78d,cmm,Measurement,Produksi,CRCS L,K1AL L1,A030,Posisi X Drill 6.5,8,10 Apr 2026,2,0.201,,,,,Open,K1AL_L1_CRCS_L_2026-04-10_2,2026-06-05 13:35:57,1
68c1afb7,cmm,Measurement,Produksi,CRCS L,K1AL L1,A030,Posisi X Drill 6.5,10,10 Apr 2026,2,0.245,,,,,Open,K1AL_L1_CRCS_L_2026-04-10_2,2026-06-05 13:35:57,1
e8cdb4ef,cmm,Measurement,Produksi,CRCS L,K1AL L1,A030,Posisi Y Drill 6.5,8,10 Apr 2026,2,0.201,,,,,Open,K1AL_L1_CRCS_L_2026-04-10_2,2026-06-05 13:35:57,1
5101bf78,cmm,Measurement,Produksi,CRCS L,K1AL L1,A030,Posisi Y Drill 6.5,10,10 Apr 2026,2,0.245,,,,,Open,K1AL_L1_CRCS_L_2026-04-10_2,2026-06-05 13:35:57,1
e4a87cc9,cmm,Measurement,Produksi,CRCS L,K1AL L1,A041,Posisi X,8,10 Apr 2026,2,0.241,,,,,Open,K1AL_L1_CRCS_L_2026-04-10_2,2026-06-05 13:35:57,1
bd5664d1,cmm,Measurement,Produksi,CRCS L,K1AL L1,A041,Posisi X,10,10 Apr 2026,2,0.263,,,,,Open,K1AL_L1_CRCS_L_2026-04-10_2,2026-06-05 13:35:57,1
48a3df8e,cmm,Measurement,Produksi,CRCS L,K1AL L1,A041,Posisi Y,8,10 Apr 2026,2,0.241,,,,,Open,K1AL_L1_CRCS_L_2026-04-10_2,2026-06-05 13:35:58,1
b002912a,cmm,Measurement,Produksi,CRCS L,K1AL L1,A041,Posisi Y,10,10 Apr 2026,2,0.263,,,,,Open,K1AL_L1_CRCS_L_2026-04-10_2,2026-06-05 13:35:58,1
5699c716,cmm,Measurement,Produksi,CRCS L,K1AL L1,A042,Posisi X,7,10 Apr 2026,2,0.303,,,,,Open,K1AL_L1_CRCS_L_2026-04-10_2,2026-06-05 13:35:58,1
567c9dd6,cmm,Measurement,Produksi,CRCS L,K1AL L1,A042,Posisi X,8,10 Apr 2026,2,0.493,,,,,Open,K1AL_L1_CRCS_L_2026-04-10_2,2026-06-05 13:35:58,1
fd8007dd,cmm,Measurement,Produksi,CRCS L,K1AL L1,A042,Posisi X,10,10 Apr 2026,2,0.222,,,,,Open,K1AL_L1_CRCS_L_2026-04-10_2,2026-06-05 13:35:58,1
6c731fa5,cmm,Measurement,Produksi,CRCS L,K1AL L1,A042,Posisi Y,7,10 Apr 2026,2,0.303,,,,,Open,K1AL_L1_CRCS_L_2026-04-10_2,2026-06-05 13:35:58,1
18b56acb,cmm,Measurement,Produksi,CRCS L,K1AL L1,A042,Posisi Y,8,10 Apr 2026,2,0.493,,,,,Open,K1AL_L1_CRCS_L_2026-04-10_2,2026-06-05 13:35:58,1
eb924f58,cmm,Measurement,Produksi,CRCS L,K1AL L1,A042,Posisi Y,10,10 Apr 2026,2,0.222,,,,,Open,K1AL_L1_CRCS_L_2026-04-10_2,2026-06-05 13:35:58,1
3f559c4d,cmm,Measurement,Produksi,CRCS L,K1AL L1,A048,Posisi X From A006,8,10 Apr 2026,2,0.204,,,,,Open,K1AL_L1_CRCS_L_2026-04-10_2,2026-06-05 13:35:58,1
0a0d8f29,cmm,Measurement,Produksi,CRCS L,K1AL L1,A048,Posisi Y From A006,8,10 Apr 2026,2,0.204,,,,,Open,K1AL_L1_CRCS_L_2026-04-10_2,2026-06-05 13:35:58,1
1df341b6,cmm,Measurement,Produksi,CRCS L,K1AL L1,A151,Posisi X Drill 6.45,11,10 Apr 2026,2,0.316,,,,,Open,K1AL_L1_CRCS_L_2026-04-10_2,2026-06-05 13:35:58,1
8df7f8fd,cmm,Measurement,Produksi,CRCS L,K1AL L1,A151,Posisi Y Drill 6.45,11,10 Apr 2026,2,0.316,,,,,Open,K1AL_L1_CRCS_L_2026-04-10_2,2026-06-05 13:35:58,1
0868f042,cmm,Measurement,Produksi,CRCS L,K1AL L1,A152,Posisi Y Drill 6.45,11,10 Apr 2026,2,0.243,,,,,Open,K1AL_L1_CRCS_L_2026-04-10_2,2026-06-05 13:35:58,1
497024d7,cmm,Measurement,Produksi,CRCS L,K1AL L1,A153,Posisi X,11,10 Apr 2026,2,0.368,,,,,Open,K1AL_L1_CRCS_L_2026-04-10_2,2026-06-05 13:35:58,1
c9349b56,cmm,Measurement,Produksi,CRCS L,K1AL L1,A153,Posisi Y,11,10 Apr 2026,2,0.368,,,,,Open,K1AL_L1_CRCS_L_2026-04-10_2,2026-06-05 13:35:58,1
57233601,cmm,Measurement,Produksi,CRCS L,K1AL L1,A154,Posisi X,11,10 Apr 2026,2,0.437,,,,,Open,K1AL_L1_CRCS_L_2026-04-10_2,2026-06-05 13:35:58,1
95bb5d59,cmm,Measurement,Produksi,CRCS L,K1AL L1,A154,Posisi Y,11,10 Apr 2026,2,0.437,,,,,Open,K1AL_L1_CRCS_L_2026-04-10_2,2026-06-05 13:35:58,1
7d2d7aec,cmm,Measurement,Produksi,CRCS L,K1AL L1,A155,Posisi X,11,10 Apr 2026,2,0.342,,,,,Open,K1AL_L1_CRCS_L_2026-04-10_2,2026-06-05 13:35:58,1
515acae7,cmm,Measurement,Produksi,CRCS L,K1AL L1,A155,Posisi Y,11,10 Apr 2026,2,0.342,,,,,Open,K1AL_L1_CRCS_L_2026-04-10_2,2026-06-05 13:35:58,1
0b9325d8,cmm,Measurement,Produksi,CRCS L,K1AL L1,A156,Posisi X,11,10 Apr 2026,2,0.388,,,,,Open,K1AL_L1_CRCS_L_2026-04-10_2,2026-06-05 13:35:58,1
cd3887ef,cmm,Measurement,Produksi,CRCS L,K1AL L1,A156,Posisi Y,11,10 Apr 2026,2,0.388,,,,,Open,K1AL_L1_CRCS_L_2026-04-10_2,2026-06-05 13:35:58,1
8f45718e,cmm,Measurement,Produksi,CRCS L,K1AL L1,A160,Posisi X,11,10 Apr 2026,2,0.495,,,,,Open,K1AL_L1_CRCS_L_2026-04-10_2,2026-06-05 13:35:59,1
1b3ed659,cmm,Measurement,Produksi,CRCS L,K1AL L1,A160,Posisi Y,11,10 Apr 2026,2,0.495,,,,,Open,K1AL_L1_CRCS_L_2026-04-10_2,2026-06-05 13:35:59,1
88931ed3,cmm,Measurement,Produksi,CRCS L,K1AL L1,B010,Position To d & e,8,10 Apr 2026,2,0.216,,,,,Open,K1AL_L1_CRCS_L_2026-04-10_2,2026-06-05 13:35:59,1
dc8d0483,cmm,Measurement,Produksi,CRCS L,K1AL L1,B010,Position To d & e,10,10 Apr 2026,2,0.103,,,,,Open,K1AL_L1_CRCS_L_2026-04-10_2,2026-06-05 13:35:59,1
578316e4,cmm,Measurement,Produksi,CRCS L,K1AL L1,B011,Posisi X Reamer 8H8,8,10 Apr 2026,2,-0.066,,,,,Open,K1AL_L1_CRCS_L_2026-04-10_2,2026-06-05 13:35:59,1
e6d5b216,cmm,Measurement,Produksi,CRCS L,K1AL L1,B011,Posisi Y Reamer 8H8,8,10 Apr 2026,2,-0.066,,,,,Open,K1AL_L1_CRCS_L_2026-04-10_2,2026-06-05 13:35:59,1
9213c959,cmm,Measurement,Produksi,CRCS L,K1AL L1,B017,Distance From B027,7,10 Apr 2026,2,0.141,,,,,Open,K1AL_L1_CRCS_L_2026-04-10_2,2026-06-05 13:35:59,1
1cf49b52,cmm,Measurement,Produksi,CRCS L,K1AL L1,B017,Distance From B027,10,10 Apr 2026,2,-0.122,,,,,Open,K1AL_L1_CRCS_L_2026-04-10_2,2026-06-05 13:35:59,1
579c66fe,cmm,Measurement,Produksi,CRCS L,K1AL L1,B018,Distance From B027,11,10 Apr 2026,2,-0.123,,,,,Open,K1AL_L1_CRCS_L_2026-04-10_2,2026-06-05 13:35:59,1
7adde6b0,cmm,Measurement,Produksi,CRCS L,K1AL L1,B018,Position To f & g,7,10 Apr 2026,2,0.305,,,,,Open,K1AL_L1_CRCS_L_2026-04-10_2,2026-06-05 13:35:59,1
77e3e4b1,cmm,Measurement,Produksi,CRCS L,K1AL L1,B018,Position To f & g,10,10 Apr 2026,2,0.284,,,,,Open,K1AL_L1_CRCS_L_2026-04-10_2,2026-06-05 13:35:59,1
de2635ab,cmm,Measurement,Produksi,CRCS L,K1AL L1,B018,Position To f & g,11,10 Apr 2026,2,0.316,,,,,Open,K1AL_L1_CRCS_L_2026-04-10_2,2026-06-05 13:35:59,1
f4a20d75,cmm,Measurement,Produksi,CRCS L,K1AL L1,B025,Posisi X,8,10 Apr 2026,2,0.107,,,,,Open,K1AL_L1_CRCS_L_2026-04-10_2,2026-06-05 13:35:59,1
48bc49f8,cmm,Measurement,Produksi,CRCS L,K1AL L1,B025,Posisi Y,8,10 Apr 2026,2,0.107,,,,,Open,K1AL_L1_CRCS_L_2026-04-10_2,2026-06-05 13:35:59,1
506e475f,cmm,Measurement,Produksi,CRCS L,K1AL L1,B025,Position to d & e,8,10 Apr 2026,2,0.216,,,,,Open,K1AL_L1_CRCS_L_2026-04-10_2,2026-06-05 13:35:59,1
c1fde29b,cmm,Measurement,Produksi,CRCS L,K1AL L1,B025,Position to d & e,10,10 Apr 2026,2,0.103,,,,,Open,K1AL_L1_CRCS_L_2026-04-10_2,2026-06-05 13:35:59,1
cea33c3f,cmm,Measurement,Produksi,CRCS L,K1AL L1,B052,Posisi X,8,10 Apr 2026,2,-0.212,,,,,Open,K1AL_L1_CRCS_L_2026-04-10_2,2026-06-05 13:35:59,1
603e8bf5,cmm,Measurement,Produksi,CRCS L,K1AL L1,B052,Posisi Y,8,10 Apr 2026,2,-0.212,,,,,Open,K1AL_L1_CRCS_L_2026-04-10_2,2026-06-05 13:35:59,1
f68297b2,cmm,Measurement,Produksi,CRCS L,K1AL L1,B054,Posisi X,8,10 Apr 2026,2,-0.206,,,,,Open,K1AL_L1_CRCS_L_2026-04-10_2,2026-06-05 13:35:59,1
ecaa3f4c,cmm,Measurement,Produksi,CRCS L,K1AL L1,B054,Posisi Y,8,10 Apr 2026,2,-0.206,,,,,Open,K1AL_L1_CRCS_L_2026-04-10_2,2026-06-05 13:35:59,1
ee156d78,cmm,Measurement,Produksi,CRCS L,K1AL L1,B061,Posisi X,8,10 Apr 2026,2,0.236,,,,,Open,K1AL_L1_CRCS_L_2026-04-10_2,2026-06-05 13:36:00,1
7d3c126c,cmm,Measurement,Produksi,CRCS L,K1AL L1,B061,Posisi Y,8,10 Apr 2026,2,0.236,,,,,Open,K1AL_L1_CRCS_L_2026-04-10_2,2026-06-05 13:36:00,1
e3f5a0c2,cmm,Measurement,Produksi,CRCS L,K1AL L1,B073,Posisi X,10,10 Apr 2026,2,-0.278,,,,,Open,K1AL_L1_CRCS_L_2026-04-10_2,2026-06-05 13:36:00,1
30a7d7cb,cmm,Measurement,Produksi,CRCS L,K1AL L1,B073,Posisi Y,10,10 Apr 2026,2,-0.278,,,,,Open,K1AL_L1_CRCS_L_2026-04-10_2,2026-06-05 13:36:00,1
4dd33325,cmm,Measurement,Produksi,CRCS L,K1AL L1,B076,Posisi X,8,10 Apr 2026,2,-0.232,,,,,Open,K1AL_L1_CRCS_L_2026-04-10_2,2026-06-05 13:36:00,1
b644ba9e,cmm,Measurement,Produksi,CRCS L,K1AL L1,B076,Posisi X,9,10 Apr 2026,2,0.209,,,,,Open,K1AL_L1_CRCS_L_2026-04-10_2,2026-06-05 13:36:00,1
7eb40df6,cmm,Measurement,Produksi,CRCS L,K1AL L1,B076,Posisi Y,8,10 Apr 2026,2,-0.232,,,,,Open,K1AL_L1_CRCS_L_2026-04-10_2,2026-06-05 13:36:00,1
6bd6a72f,cmm,Measurement,Produksi,CRCS L,K1AL L1,B076,Posisi Y,9,10 Apr 2026,2,0.209,,,,,Open,K1AL_L1_CRCS_L_2026-04-10_2,2026-06-05 13:36:00,1
540b9213,cmm,Measurement,Produksi,CRCS L,K1AL L1,B081,Posisi X From B080,10,10 Apr 2026,2,0.12,,,,,Open,K1AL_L1_CRCS_L_2026-04-10_2,2026-06-05 13:36:00,1
dfd095d0,cmm,Measurement,Produksi,CRCS L,K1AL L1,B081,Posisi X From B080,11,10 Apr 2026,2,-0.13,,,,,Open,K1AL_L1_CRCS_L_2026-04-10_2,2026-06-05 13:36:00,1
c93ca958,cmm,Measurement,Produksi,CRCS L,K1AL L1,B081,Posisi Y From B080,10,10 Apr 2026,2,0.12,,,,,Open,K1AL_L1_CRCS_L_2026-04-10_2,2026-06-05 13:36:00,1
f91ecccd,cmm,Measurement,Produksi,CRCS L,K1AL L1,B081,Posisi Y From B080,11,10 Apr 2026,2,-0.13,,,,,Open,K1AL_L1_CRCS_L_2026-04-10_2,2026-06-05 13:36:00,1
63828fbc,cmm,Measurement,Produksi,CRCS L,K60,A040,POSISI X,4L,04 Jun 2026,1,0.259,,,,,Open,K60_CRCS_L_2026-06-04_1,2026-06-05 13:37:34,0
48c479ee,cmm,Measurement,Produksi,CRCS L,K60,A040,POSISI X,4R,04 Jun 2026,1,0.226,,,,,Open,K60_CRCS_L_2026-06-04_1,2026-06-05 13:37:34,1
8db569a3,cmm,Measurement,Produksi,CRCS L,K60,A040,POSISI Y,4L,04 Jun 2026,1,0.259,,,,,Open,K60_CRCS_L_2026-06-04_1,2026-06-05 13:37:34,1
e16b6133,cmm,Measurement,Produksi,CRCS L,K60,A040,POSISI Y,4R,04 Jun 2026,1,0.226,,,,,Open,K60_CRCS_L_2026-06-04_1,2026-06-05 13:37:34,0
4989acdf,cmm,Measurement,Produksi,CRCS L,K60,A041,POSISI X,4R,04 Jun 2026,1,0.228,,,,,Open,K60_CRCS_L_2026-06-04_1,2026-06-05 13:37:34,1
b410eb12,cmm,Measurement,Produksi,CRCS L,K60,A041,POSISI Y,4R,04 Jun 2026,1,0.228,,,,,Open,K60_CRCS_L_2026-06-04_1,2026-06-05 13:37:34,0
862b2955,cmm,Measurement,Produksi,CRCS L,K60,A043,POSISI X,4L,04 Jun 2026,1,0.208,,,,,Open,K60_CRCS_L_2026-06-04_1,2026-06-05 13:37:34,0
7ad054aa,cmm,Measurement,Produksi,CRCS L,K60,A043,POSISI X,4R,04 Jun 2026,1,0.265,,,,,Open,K60_CRCS_L_2026-06-04_1,2026-06-05 13:37:34,0
476c75c8,cmm,Measurement,Produksi,CRCS L,K60,A043,POSISI Y,4L,04 Jun 2026,1,0.208,,,,,Open,K60_CRCS_L_2026-06-04_1,2026-06-05 13:37:34,0
899dca0b,cmm,Measurement,Produksi,CRCS L,K60,A043,POSISI Y,4R,04 Jun 2026,1,0.265,,,,,Open,K60_CRCS_L_2026-06-04_1,2026-06-05 13:37:34,1
8dbce9f1,cmm,Measurement,Produksi,CRCS L,K60,A045,POSISI X,4L,04 Jun 2026,1,0.231,,,,,Open,K60_CRCS_L_2026-06-04_1,2026-06-05 13:37:34,0
252a5683,cmm,Measurement,Produksi,CRCS L,K60,A045,POSISI X,4R,04 Jun 2026,1,0.233,,,,,Open,K60_CRCS_L_2026-06-04_1,2026-06-05 13:37:34,0
45a3a066,cmm,Measurement,Produksi,CRCS L,K60,A045,POSISI Y,4L,04 Jun 2026,1,0.231,,,,,Open,K60_CRCS_L_2026-06-04_1,2026-06-05 13:37:35,0
282d0379,cmm,Measurement,Produksi,CRCS L,K60,A045,POSISI Y,4R,04 Jun 2026,1,0.233,,,,,Open,K60_CRCS_L_2026-06-04_1,2026-06-05 13:37:35,1
58ac8cea,cmm,Measurement,Produksi,CRCS L,K60,A046,POSISI X,4R,04 Jun 2026,1,0.281,,,,,Open,K60_CRCS_L_2026-06-04_1,2026-06-05 13:37:35,1
32013a8b,cmm,Measurement,Produksi,CRCS L,K60,A046,POSISI Y,4R,04 Jun 2026,1,0.281,,,,,Open,K60_CRCS_L_2026-06-04_1,2026-06-05 13:37:35,0
8bc3c176,cmm,Measurement,Produksi,CRCS L,K60,A050,POSISI X,4L,04 Jun 2026,1,-0.232,,,,,Open,K60_CRCS_L_2026-06-04_1,2026-06-05 13:37:35,0
d04f55cf,cmm,Measurement,Produksi,CRCS L,K60,A050,POSISI X,4R,04 Jun 2026,1,-0.23,,,,,Open,K60_CRCS_L_2026-06-04_1,2026-06-05 13:37:35,1
290556f1,cmm,Measurement,Produksi,CRCS L,K60,A050,POSISI Y,4L,04 Jun 2026,1,-0.232,,,,,Open,K60_CRCS_L_2026-06-04_1,2026-06-05 13:37:35,0
ae117bd8,cmm,Measurement,Produksi,CRCS L,K60,A050,POSISI Y,4R,04 Jun 2026,1,-0.23,,,,,Open,K60_CRCS_L_2026-06-04_1,2026-06-05 13:37:35,1
7c04b314,cmm,Measurement,Produksi,CRCS L,K60,A071,POSISI X,4L,04 Jun 2026,1,0.227,,,,,Open,K60_CRCS_L_2026-06-04_1,2026-06-05 13:37:35,1
84b9c4de,cmm,Measurement,Produksi,CRCS L,K60,A071,POSISI Y,4L,04 Jun 2026,1,0.227,,,,,Open,K60_CRCS_L_2026-06-04_1,2026-06-05 13:37:35,0
1c63033b,cmm,Measurement,Produksi,CRCS L,K60,A151,POSISI X,4L,04 Jun 2026,1,0.054,,,,,Open,K60_CRCS_L_2026-06-04_1,2026-06-05 13:37:35,1
04a1d40e,cmm,Measurement,Produksi,CRCS L,K60,A151,POSISI X,4R,04 Jun 2026,1,0.052,,,,,Open,K60_CRCS_L_2026-06-04_1,2026-06-05 13:37:35,1
7ff0af11,cmm,Measurement,Produksi,CRCS L,K60,A151,POSISI Y,4L,04 Jun 2026,1,0.054,,,,,Open,K60_CRCS_L_2026-06-04_1,2026-06-05 13:37:35,0
2fdbdfec,cmm,Measurement,Produksi,CRCS L,K60,A151,POSISI Y,4R,04 Jun 2026,1,0.052,,,,,Open,K60_CRCS_L_2026-06-04_1,2026-06-05 13:37:35,0
87ab46fc,cmm,Measurement,Produksi,CRCS L,K60,A151,POSISI X TAP,4R,04 Jun 2026,1,0.217,,,,,Open,K60_CRCS_L_2026-06-04_1,2026-06-05 13:37:35,1
71e1dca8,cmm,Measurement,Produksi,CRCS L,K60,A151,POSISI Y TAP,4R,04 Jun 2026,1,0.217,,,,,Open,K60_CRCS_L_2026-06-04_1,2026-06-05 13:37:35,0
d6172531,cmm,Measurement,Produksi,CRCS L,K60,A152,POSISI X TAP,4R,04 Jun 2026,1,0.206,,,,,Open,K60_CRCS_L_2026-06-04_1,2026-06-05 13:37:35,1
febe0ceb,cmm,Measurement,Produksi,CRCS L,K60,A152,POSISI Y TAP,4R,04 Jun 2026,1,0.206,,,,,Open,K60_CRCS_L_2026-06-04_1,2026-06-05 13:37:35,0
945b2d6d,cmm,Measurement,Produksi,CRCS L,K60,A153,POSISI X,4R,04 Jun 2026,1,-0.156,,,,,Open,K60_CRCS_L_2026-06-04_1,2026-06-05 13:37:36,0
c3195b1f,cmm,Measurement,Produksi,CRCS L,K60,A153,HEIGHT SPOT FACE,4L,04 Jun 2026,1,0.198,,,,,Open,K60_CRCS_L_2026-06-04_1,2026-06-05 13:37:36,0
19965ac3,cmm,Measurement,Produksi,CRCS L,K60,A153,HEIGHT SPOT FACE,4R,04 Jun 2026,1,0.195,,,,,Open,K60_CRCS_L_2026-06-04_1,2026-06-05 13:37:36,0
937b73c5,cmm,Measurement,Produksi,CRCS L,K60,B011,POSISI X,4R,04 Jun 2026,1,0.1,,,,,Open,K60_CRCS_L_2026-06-04_1,2026-06-05 13:37:36,1
f6eaa4cb,cmm,Measurement,Produksi,CRCS L,K60,B011,POSISI Y,4R,04 Jun 2026,1,0.1,,,,,Open,K60_CRCS_L_2026-06-04_1,2026-06-05 13:37:36,0
9ce0616f,cmm,Measurement,Produksi,CRCS L,K60,B012,POSISI X DARI B011,4R,04 Jun 2026,1,-0.078,,,,,Open,K60_CRCS_L_2026-06-04_1,2026-06-05 13:37:36,1
33c795a7,cmm,Measurement,Produksi,CRCS L,K60,B012,POSISI Y DARI B011,4R,04 Jun 2026,1,-0.078,,,,,Open,K60_CRCS_L_2026-06-04_1,2026-06-05 13:37:36,0
3bb64c73,cmm,Measurement,Produksi,CRCS L,K60,B012,POSISI X DARI B011 Tap,4R,04 Jun 2026,1,-0.228,,,,,Open,K60_CRCS_L_2026-06-04_1,2026-06-05 13:37:36,1
1af05365,cmm,Measurement,Produksi,CRCS L,K60,B012,POSISI Y DARI B011 Tap,4R,04 Jun 2026,1,-0.228,,,,,Open,K60_CRCS_L_2026-06-04_1,2026-06-05 13:37:36,0
43564c7a,cmm,Measurement,Produksi,CRCS L,K60,B026,POSISI X,4L,04 Jun 2026,1,0.323,,,,,Open,K60_CRCS_L_2026-06-04_1,2026-06-05 13:37:36,1
717024be,cmm,Measurement,Produksi,CRCS L,K60,B026,POSISI X,4R,04 Jun 2026,1,0.319,,,,,Open,K60_CRCS_L_2026-06-04_1,2026-06-05 13:37:36,1
c4b5f2a9,cmm,Measurement,Produksi,CRCS L,K60,B026,POSISI Y,4L,04 Jun 2026,1,0.323,,,,,Open,K60_CRCS_L_2026-06-04_1,2026-06-05 13:37:36,0
42c3ab68,cmm,Measurement,Produksi,CRCS L,K60,B026,POSISI Y,4R,04 Jun 2026,1,0.319,,,,,Open,K60_CRCS_L_2026-06-04_1,2026-06-05 13:37:36,0
1c628ce5,cmm,Measurement,Produksi,CRCS L,K60,B056,POSISI X,4R,04 Jun 2026,1,-0.218,,,,,Open,K60_CRCS_L_2026-06-04_1,2026-06-05 13:37:36,1
c19b671b,cmm,Measurement,Produksi,CRCS L,K60,B056,POSISI Y,4R,04 Jun 2026,1,-0.218,,,,,Open,K60_CRCS_L_2026-06-04_1,2026-06-05 13:37:36,1
89f69777,cmm,Measurement,Produksi,CRCS L,K60,B065,POSISI X,4L,04 Jun 2026,1,0.268,,,,,Open,K60_CRCS_L_2026-06-04_1,2026-06-05 13:37:36,1
76f4f188,cmm,Measurement,Produksi,CRCS L,K60,B065,POSISI Y,4L,04 Jun 2026,1,0.268,,,,,Open,K60_CRCS_L_2026-06-04_1,2026-06-05 13:37:36,1
c9e5c2ed,cmm,Measurement,Produksi,CRCS L,K60,A002,DISTANCE X FROM A001 Tap,4L,08 Apr 2026,1,0.211,,,,,Open,K60_CRCS_L_2026-04-08_1,2026-06-05 13:38:18,1
205f2f9c,cmm,Measurement,Produksi,CRCS L,K60,A002,DISTANCE Y FROM A001 Tap,4L,08 Apr 2026,1,0.211,,,,,Open,K60_CRCS_L_2026-04-08_1,2026-06-05 13:38:18,0
4627f950,cmm,Measurement,Produksi,CRCS L,K60,A005,KETEGAKLURUSAN THD R,4L,08 Apr 2026,1,0.013,,,,,Open,K60_CRCS_L_2026-04-08_1,2026-06-05 13:38:18,0
76a467b7,cmm,Measurement,Produksi,CRCS L,K60,A040,POSISI X,4L,08 Apr 2026,1,0.232,,,,,Open,K60_CRCS_L_2026-04-08_1,2026-06-05 13:38:18,0
a24c9dae,cmm,Measurement,Produksi,CRCS L,K60,A040,POSISI Y,4L,08 Apr 2026,1,0.232,,,,,Open,K60_CRCS_L_2026-04-08_1,2026-06-05 13:38:18,0
81b2a4e2,cmm,Measurement,Produksi,CRCS L,K60,A046,POSISI X,4L,08 Apr 2026,1,0.201,,,,,Open,K60_CRCS_L_2026-04-08_1,2026-06-05 13:38:18,1
9fc65d01,cmm,Measurement,Produksi,CRCS L,K60,A046,POSISI Y,4L,08 Apr 2026,1,0.201,,,,,Open,K60_CRCS_L_2026-04-08_1,2026-06-05 13:38:18,0
e58b50be,cmm,Measurement,Produksi,CRCS L,K60,A050,POSISI X,4L,08 Apr 2026,1,-0.223,,,,,Open,K60_CRCS_L_2026-04-08_1,2026-06-05 13:38:18,1
60369dbd,cmm,Measurement,Produksi,CRCS L,K60,A050,POSISI Y,4L,08 Apr 2026,1,-0.223,,,,,Open,K60_CRCS_L_2026-04-08_1,2026-06-05 13:38:18,0
22e0243a,cmm,Measurement,Produksi,CRCS L,K60,A151,POSISI X,4L,08 Apr 2026,1,0.141,,,,,Open,K60_CRCS_L_2026-04-08_1,2026-06-05 13:38:18,1
3c3f5559,cmm,Measurement,Produksi,CRCS L,K60,A151,POSISI X,4R,08 Apr 2026,1,0.142,,,,,Open,K60_CRCS_L_2026-04-08_1,2026-06-05 13:38:18,1
003a231a,cmm,Measurement,Produksi,CRCS L,K60,A151,POSISI Y,4L,08 Apr 2026,1,0.141,,,,,Open,K60_CRCS_L_2026-04-08_1,2026-06-05 13:38:18,0
c3a507cd,cmm,Measurement,Produksi,CRCS L,K60,A151,POSISI Y,4R,08 Apr 2026,1,0.142,,,,,Open,K60_CRCS_L_2026-04-08_1,2026-06-05 13:38:18,0
57e6e0fc,cmm,Measurement,Produksi,CRCS L,K60,A152,POSISI X,4R,08 Apr 2026,1,0.062,,,,,Open,K60_CRCS_L_2026-04-08_1,2026-06-05 13:38:19,1
20449d8a,cmm,Measurement,Produksi,CRCS L,K60,A152,POSISI Y,4R,08 Apr 2026,1,0.062,,,,,Open,K60_CRCS_L_2026-04-08_1,2026-06-05 13:38:19,0
af220e6d,cmm,Measurement,Produksi,CRCS L,K60,A152,POSISI X TAP,4L,08 Apr 2026,1,0.257,,,,,Open,K60_CRCS_L_2026-04-08_1,2026-06-05 13:38:19,1
06a0cb94,cmm,Measurement,Produksi,CRCS L,K60,A152,POSISI X TAP,4R,08 Apr 2026,1,0.278,,,,,Open,K60_CRCS_L_2026-04-08_1,2026-06-05 13:38:19,1
bd62537d,cmm,Measurement,Produksi,CRCS L,K60,A152,POSISI Y TAP,4L,08 Apr 2026,1,0.257,,,,,Open,K60_CRCS_L_2026-04-08_1,2026-06-05 13:38:19,0
f1b972d6,cmm,Measurement,Produksi,CRCS L,K60,A152,POSISI Y TAP,4R,08 Apr 2026,1,0.278,,,,,Open,K60_CRCS_L_2026-04-08_1,2026-06-05 13:38:19,0
cc4a1c79,cmm,Measurement,Produksi,CRCS L,K60,A153,HEIGHT SPOT FACE,4L,08 Apr 2026,1,0.12,,,,,Open,K60_CRCS_L_2026-04-08_1,2026-06-05 13:38:19,0
ea471c59,cmm,Measurement,Produksi,CRCS L,K60,A153,HEIGHT SPOT FACE,4R,08 Apr 2026,1,0.164,,,,,Open,K60_CRCS_L_2026-04-08_1,2026-06-05 13:38:19,0
1f28125f,cmm,Measurement,Produksi,CRCS L,K60,B012,POSISI X DARI B011 Tap,4L,08 Apr 2026,1,-0.202,,,,,Open,K60_CRCS_L_2026-04-08_1,2026-06-05 13:38:19,1
010cca54,cmm,Measurement,Produksi,CRCS L,K60,B012,POSISI Y DARI B011 Tap,4L,08 Apr 2026,1,-0.202,,,,,Open,K60_CRCS_L_2026-04-08_1,2026-06-05 13:38:19,0
ab8f19f3,cmm,Measurement,Produksi,CRCS L,K60,B057,POSISI X,4R,08 Apr 2026,1,-0.227,,,,,Open,K60_CRCS_L_2026-04-08_1,2026-06-05 13:38:19,1
70347558,cmm,Measurement,Produksi,CRCS L,K60,B057,POSISI Y,4R,08 Apr 2026,1,-0.227,,,,,Open,K60_CRCS_L_2026-04-08_1,2026-06-05 13:38:19,0
706f029d,cmm,Measurement,Produksi,CRCS L,K60,B058,POSISI X,4R,08 Apr 2026,1,-0.211,,,,,Open,K60_CRCS_L_2026-04-08_1,2026-06-05 13:38:19,1
50f07917,cmm,Measurement,Produksi,CRCS L,K60,B058,POSISI Y,4R,08 Apr 2026,1,-0.211,,,,,Open,K60_CRCS_L_2026-04-08_1,2026-06-05 13:38:19,0
27f4cf59,cmm,Measurement,Produksi,CRCS L,K60,B060,POSISI X,4L,08 Apr 2026,1,-0.252,,,,,Open,K60_CRCS_L_2026-04-08_1,2026-06-05 13:38:19,1
c8dc7c31,cmm,Measurement,Produksi,CRCS L,K60,B060,POSISI X,4R,08 Apr 2026,1,-0.429,,,,,Open,K60_CRCS_L_2026-04-08_1,2026-06-05 13:38:19,1
c2fbc174,cmm,Measurement,Produksi,CRCS L,K60,B060,POSISI Y,4L,08 Apr 2026,1,-0.252,,,,,Open,K60_CRCS_L_2026-04-08_1,2026-06-05 13:38:19,0
f23615dd,cmm,Measurement,Produksi,CRCS L,K60,B060,POSISI Y,4R,08 Apr 2026,1,-0.429,,,,,Open,K60_CRCS_L_2026-04-08_1,2026-06-05 13:38:19,0
1ca891b0,cmm,Measurement,Produksi,CRCS L,K60,B073,POSISI X,4R,08 Apr 2026,1,-0.254,,,,,Open,K60_CRCS_L_2026-04-08_1,2026-06-05 13:38:19,0
30313a4d,cmm,Measurement,Produksi,CRCS L,K60,B073,POSISI Y,4R,08 Apr 2026,1,-0.254,,,,,Open,K60_CRCS_L_2026-04-08_1,2026-06-05 13:38:20,0
7e292c47,cmm,Measurement,Produksi,CRCS L,K1AL L1,A002,Posisi X From A001 ( Drill 6 ),1,09 Apr 2026,1,0.251,,,,,Open,K1AL_L1_CRCS_L_2026-04-09_1,2026-06-05 13:39:49,0
5ac3ca1a,cmm,Measurement,Produksi,CRCS L,K1AL L1,A002,Posisi X From A001 ( Drill 6 ),4,09 Apr 2026,1,0.247,,,,,Open,K1AL_L1_CRCS_L_2026-04-09_1,2026-06-05 13:39:50,1
a5a43c35,cmm,Measurement,Produksi,CRCS L,K1AL L1,A002,Posisi X From A001 ( Drill 6 ),6,09 Apr 2026,1,0.288,,,,,Open,K1AL_L1_CRCS_L_2026-04-09_1,2026-06-05 13:39:50,1
6a6525d2,cmm,Measurement,Produksi,CRCS L,K1AL L1,A002,Posisi Y From A001 ( Drill 6 ),1,09 Apr 2026,1,0.251,,,,,Open,K1AL_L1_CRCS_L_2026-04-09_1,2026-06-05 13:39:50,0
90822495,cmm,Measurement,Produksi,CRCS L,K1AL L1,A002,Posisi Y From A001 ( Drill 6 ),4,09 Apr 2026,1,0.247,,,,,Open,K1AL_L1_CRCS_L_2026-04-09_1,2026-06-05 13:39:50,1
2dc9e92f,cmm,Measurement,Produksi,CRCS L,K1AL L1,A002,Posisi Y From A001 ( Drill 6 ),6,09 Apr 2026,1,0.288,,,,,Open,K1AL_L1_CRCS_L_2026-04-09_1,2026-06-05 13:39:50,1
74a9043b,cmm,Measurement,Produksi,CRCS L,K1AL L1,A005,Perpendicularity To n,1,09 Apr 2026,1,0.015,,,,,Open,K1AL_L1_CRCS_L_2026-04-09_1,2026-06-05 13:39:50,0
594178b4,cmm,Measurement,Produksi,CRCS L,K1AL L1,A006,Concentricity to m,1,09 Apr 2026,1,0.038,,,,,Open,K1AL_L1_CRCS_L_2026-04-09_1,2026-06-05 13:39:50,0
62c5f70e,cmm,Measurement,Produksi,CRCS L,K1AL L1,A006,Concentricity to m,2,09 Apr 2026,1,0.048,,,,,Open,K1AL_L1_CRCS_L_2026-04-09_1,2026-06-05 13:39:50,0
0e795143,cmm,Measurement,Produksi,CRCS L,K1AL L1,A006,Concentricity to m,3,09 Apr 2026,1,0.049,,,,,Open,K1AL_L1_CRCS_L_2026-04-09_1,2026-06-05 13:39:51,0
d27e82b7,cmm,Measurement,Produksi,CRCS L,K1AL L1,A006,Concentricity to m,4,09 Apr 2026,1,0.036,,,,,Open,K1AL_L1_CRCS_L_2026-04-09_1,2026-06-05 13:39:51,0
fdd6c02d,cmm,Measurement,Produksi,CRCS L,K1AL L1,A006,Concentricity to m,5,09 Apr 2026,1,0.033,,,,,Open,K1AL_L1_CRCS_L_2026-04-09_1,2026-06-05 13:39:51,0
450cd71b,cmm,Measurement,Produksi,CRCS L,K1AL L1,A006,Concentricity to m,6,09 Apr 2026,1,0.057,,,,,Open,K1AL_L1_CRCS_L_2026-04-09_1,2026-06-05 13:39:51,0
773bd586,cmm,Measurement,Produksi,CRCS L,K1AL L1,A020,Posisi X,2,09 Apr 2026,1,-0.234,,,,,Open,K1AL_L1_CRCS_L_2026-04-09_1,2026-06-05 13:39:51,1
203f9168,cmm,Measurement,Produksi,CRCS L,K1AL L1,A020,Posisi Y,2,09 Apr 2026,1,-0.234,,,,,Open,K1AL_L1_CRCS_L_2026-04-09_1,2026-06-05 13:39:51,1
3c4fbb89,cmm,Measurement,Produksi,CRCS L,K1AL L1,A030,Posisi X Drill 6.5,1,09 Apr 2026,1,0.244,,,,,Open,K1AL_L1_CRCS_L_2026-04-09_1,2026-06-05 13:39:51,1
d79a858e,cmm,Measurement,Produksi,CRCS L,K1AL L1,A030,Posisi X Drill 6.5,4,09 Apr 2026,1,0.232,,,,,Open,K1AL_L1_CRCS_L_2026-04-09_1,2026-06-05 13:39:51,1
0dbb73d1,cmm,Measurement,Produksi,CRCS L,K1AL L1,A030,Posisi X Drill 6.5,6,09 Apr 2026,1,0.23,,,,,Open,K1AL_L1_CRCS_L_2026-04-09_1,2026-06-05 13:39:52,1
f6fa1a57,cmm,Measurement,Produksi,CRCS L,K1AL L1,A030,Posisi Y Drill 6.5,1,09 Apr 2026,1,0.244,,,,,Open,K1AL_L1_CRCS_L_2026-04-09_1,2026-06-05 13:39:52,0
68e249f8,cmm,Measurement,Produksi,CRCS L,K1AL L1,A030,Posisi Y Drill 6.5,4,09 Apr 2026,1,0.232,,,,,Open,K1AL_L1_CRCS_L_2026-04-09_1,2026-06-05 13:39:52,1
9fc69841,cmm,Measurement,Produksi,CRCS L,K1AL L1,A030,Posisi Y Drill 6.5,6,09 Apr 2026,1,0.23,,,,,Open,K1AL_L1_CRCS_L_2026-04-09_1,2026-06-05 13:39:52,0
a9f0ebd8,cmm,Measurement,Produksi,CRCS L,K1AL L1,A041,Posisi X,1,09 Apr 2026,1,0.216,,,,,Open,K1AL_L1_CRCS_L_2026-04-09_1,2026-06-05 13:39:52,1
5ee04a44,cmm,Measurement,Produksi,CRCS L,K1AL L1,A041,Posisi X,4,09 Apr 2026,1,0.321,,,,,Open,K1AL_L1_CRCS_L_2026-04-09_1,2026-06-05 13:39:52,1
d18f3b3f,cmm,Measurement,Produksi,CRCS L,K1AL L1,A041,Posisi X,6,09 Apr 2026,1,0.363,,,,,Open,K1AL_L1_CRCS_L_2026-04-09_1,2026-06-05 13:39:52,1
980fc23b,cmm,Measurement,Produksi,CRCS L,K1AL L1,A041,Posisi Y,1,09 Apr 2026,1,0.216,,,,,Open,K1AL_L1_CRCS_L_2026-04-09_1,2026-06-05 13:39:52,1
5ce46e38,cmm,Measurement,Produksi,CRCS L,K1AL L1,A041,Posisi Y,4,09 Apr 2026,1,0.321,,,,,Open,K1AL_L1_CRCS_L_2026-04-09_1,2026-06-05 13:39:52,0
d32d9279,cmm,Measurement,Produksi,CRCS L,K1AL L1,A041,Posisi Y,6,09 Apr 2026,1,0.363,,,,,Open,K1AL_L1_CRCS_L_2026-04-09_1,2026-06-05 13:39:52,0
34beed0d,cmm,Measurement,Produksi,CRCS L,K1AL L1,A042,Posisi X,1,09 Apr 2026,1,0.232,,,,,Open,K1AL_L1_CRCS_L_2026-04-09_1,2026-06-05 13:39:52,0
f15631e8,cmm,Measurement,Produksi,CRCS L,K1AL L1,A042,Posisi X,4,09 Apr 2026,1,0.293,,,,,Open,K1AL_L1_CRCS_L_2026-04-09_1,2026-06-05 13:39:53,1
2ce130ad,cmm,Measurement,Produksi,CRCS L,K1AL L1,A042,Posisi X,6,09 Apr 2026,1,0.315,,,,,Open,K1AL_L1_CRCS_L_2026-04-09_1,2026-06-05 13:39:53,1
dc5f71a3,cmm,Measurement,Produksi,CRCS L,K1AL L1,A042,Posisi Y,1,09 Apr 2026,1,0.232,,,,,Open,K1AL_L1_CRCS_L_2026-04-09_1,2026-06-05 13:39:53,1
a7ba77a2,cmm,Measurement,Produksi,CRCS L,K1AL L1,A042,Posisi Y,4,09 Apr 2026,1,0.293,,,,,Open,K1AL_L1_CRCS_L_2026-04-09_1,2026-06-05 13:39:53,0
c82cf320,cmm,Measurement,Produksi,CRCS L,K1AL L1,A042,Posisi Y,6,09 Apr 2026,1,0.315,,,,,Open,K1AL_L1_CRCS_L_2026-04-09_1,2026-06-05 13:39:53,0
238bc862,cmm,Measurement,Produksi,CRCS L,K1AL L1,A047,Posisi X,4,09 Apr 2026,1,-0.221,,,,,Open,K1AL_L1_CRCS_L_2026-04-09_1,2026-06-05 13:39:53,1
13e89292,cmm,Measurement,Produksi,CRCS L,K1AL L1,A047,Posisi X,6,09 Apr 2026,1,-0.235,,,,,Open,K1AL_L1_CRCS_L_2026-04-09_1,2026-06-05 13:39:53,1
85b33726,cmm,Measurement,Produksi,CRCS L,K1AL L1,A047,Posisi Y,4,09 Apr 2026,1,-0.221,,,,,Open,K1AL_L1_CRCS_L_2026-04-09_1,2026-06-05 13:39:53,0
e9d75f43,cmm,Measurement,Produksi,CRCS L,K1AL L1,A047,Posisi Y,6,09 Apr 2026,1,-0.235,,,,,Open,K1AL_L1_CRCS_L_2026-04-09_1,2026-06-05 13:39:53,0
be5744de,cmm,Measurement,Produksi,CRCS L,K1AL L1,A048,Posisi X From A006,1,09 Apr 2026,1,0.266,,,,,Open,K1AL_L1_CRCS_L_2026-04-09_1,2026-06-05 13:39:53,1
73e55b4c,cmm,Measurement,Produksi,CRCS L,K1AL L1,A048,Posisi X From A006,6,09 Apr 2026,1,0.232,,,,,Open,K1AL_L1_CRCS_L_2026-04-09_1,2026-06-05 13:39:53,1
71de11a0,cmm,Measurement,Produksi,CRCS L,K1AL L1,A048,Posisi Y From A006,1,09 Apr 2026,1,0.266,,,,,Open,K1AL_L1_CRCS_L_2026-04-09_1,2026-06-05 13:39:53,1
0e326495,cmm,Measurement,Produksi,CRCS L,K1AL L1,A048,Posisi Y From A006,6,09 Apr 2026,1,0.232,,,,,Open,K1AL_L1_CRCS_L_2026-04-09_1,2026-06-05 13:39:54,0
2d773619,cmm,Measurement,Produksi,CRCS L,K1AL L1,A153,Posisi X,1,09 Apr 2026,1,0.23,,,,,Open,K1AL_L1_CRCS_L_2026-04-09_1,2026-06-05 13:39:54,1
b29ae85f,cmm,Measurement,Produksi,CRCS L,K1AL L1,A153,Posisi Y,1,09 Apr 2026,1,0.23,,,,,Open,K1AL_L1_CRCS_L_2026-04-09_1,2026-06-05 13:39:54,0
9bd47d7b,cmm,Measurement,Produksi,CRCS L,K1AL L1,A154,Posisi X,1,09 Apr 2026,1,0.267,,,,,Open,K1AL_L1_CRCS_L_2026-04-09_1,2026-06-05 13:39:54,1
52a0e392,cmm,Measurement,Produksi,CRCS L,K1AL L1,A154,Posisi X,3,09 Apr 2026,1,0.293,,,,,Open,K1AL_L1_CRCS_L_2026-04-09_1,2026-06-05 13:39:54,1
eb9ec418,cmm,Measurement,Produksi,CRCS L,K1AL L1,A154,Posisi Y,1,09 Apr 2026,1,0.267,,,,,Open,K1AL_L1_CRCS_L_2026-04-09_1,2026-06-05 13:39:54,1
21e0b788,cmm,Measurement,Produksi,CRCS L,K1AL L1,A154,Posisi Y,3,09 Apr 2026,1,0.293,,,,,Open,K1AL_L1_CRCS_L_2026-04-09_1,2026-06-05 13:39:54,0
229e1a01,cmm,Measurement,Produksi,CRCS L,K1AL L1,A155,Posisi X,1,09 Apr 2026,1,0.236,,,,,Open,K1AL_L1_CRCS_L_2026-04-09_1,2026-06-05 13:39:54,1
6e42b722,cmm,Measurement,Produksi,CRCS L,K1AL L1,A155,Posisi Y,1,09 Apr 2026,1,0.236,,,,,Open,K1AL_L1_CRCS_L_2026-04-09_1,2026-06-05 13:39:54,0
c4a95cbd,cmm,Measurement,Produksi,CRCS L,K1AL L1,A160,Posisi X,1,09 Apr 2026,1,0.344,,,,,Open,K1AL_L1_CRCS_L_2026-04-09_1,2026-06-05 13:39:54,1
0157b435,cmm,Measurement,Produksi,CRCS L,K1AL L1,A160,Posisi X,3,09 Apr 2026,1,0.243,,,,,Open,K1AL_L1_CRCS_L_2026-04-09_1,2026-06-05 13:39:54,1
c9293fe7,cmm,Measurement,Produksi,CRCS L,K1AL L1,A160,Posisi X,6,09 Apr 2026,1,0.225,,,,,Open,K1AL_L1_CRCS_L_2026-04-09_1,2026-06-05 13:39:55,0
00f6dfc7,cmm,Measurement,Produksi,CRCS L,K1AL L1,A160,Posisi Y,1,09 Apr 2026,1,0.344,,,,,Open,K1AL_L1_CRCS_L_2026-04-09_1,2026-06-05 13:39:55,0
c09891a7,cmm,Measurement,Produksi,CRCS L,K1AL L1,A160,Posisi Y,3,09 Apr 2026,1,0.243,,,,,Open,K1AL_L1_CRCS_L_2026-04-09_1,2026-06-05 13:39:55,0
b82ef901,cmm,Measurement,Produksi,CRCS L,K1AL L1,A160,Posisi Y,6,09 Apr 2026,1,0.225,,,,,Open,K1AL_L1_CRCS_L_2026-04-09_1,2026-06-05 13:39:55,0
c1b85ef0,cmm,Measurement,Produksi,CRCS L,K1AL L1,B010,Position To d & e,1,09 Apr 2026,1,0.107,,,,,Open,K1AL_L1_CRCS_L_2026-04-09_1,2026-06-05 13:39:55,0
21d3dfe2,cmm,Measurement,Produksi,CRCS L,K1AL L1,B017,Distance From B027,2,09 Apr 2026,1,-0.187,,,,,Open,K1AL_L1_CRCS_L_2026-04-09_1,2026-06-05 13:39:55,0
b8e2e9cf,cmm,Measurement,Produksi,CRCS L,K1AL L1,B017,Distance From B027,3,09 Apr 2026,1,-0.219,,,,,Open,K1AL_L1_CRCS_L_2026-04-09_1,2026-06-05 13:39:55,0
306d3c51,cmm,Measurement,Produksi,CRCS L,K1AL L1,B017,Distance From B027,4,09 Apr 2026,1,-0.243,,,,,Open,K1AL_L1_CRCS_L_2026-04-09_1,2026-06-05 13:39:55,0
cc5f4e73,cmm,Measurement,Produksi,CRCS L,K1AL L1,B017,Distance From B027,5,09 Apr 2026,1,-0.222,,,,,Open,K1AL_L1_CRCS_L_2026-04-09_1,2026-06-05 13:39:55,1
3fed7622,cmm,Measurement,Produksi,CRCS L,K1AL L1,B017,Distance From B027,6,09 Apr 2026,1,-0.252,,,,,Open,K1AL_L1_CRCS_L_2026-04-09_1,2026-06-05 13:39:55,0
2aea8921,cmm,Measurement,Produksi,CRCS L,K1AL L1,B018,Position To f & g,2,09 Apr 2026,1,0.561,,,,,Open,K1AL_L1_CRCS_L_2026-04-09_1,2026-06-05 13:39:56,0
9aa48b4a,cmm,Measurement,Produksi,CRCS L,K1AL L1,B018,Position To f & g,3,09 Apr 2026,1,0.547,,,,,Open,K1AL_L1_CRCS_L_2026-04-09_1,2026-06-05 13:39:56,0
51bb1aa3,cmm,Measurement,Produksi,CRCS L,K1AL L1,B018,Position To f & g,4,09 Apr 2026,1,0.488,,,,,Open,K1AL_L1_CRCS_L_2026-04-09_1,2026-06-05 13:39:56,0
172bd4aa,cmm,Measurement,Produksi,CRCS L,K1AL L1,B018,Position To f & g,5,09 Apr 2026,1,0.648,,,,,Open,K1AL_L1_CRCS_L_2026-04-09_1,2026-06-05 13:39:56,0
e15cec7e,cmm,Measurement,Produksi,CRCS L,K1AL L1,B018,Position To f & g,6,09 Apr 2026,1,0.504,,,,,Open,K1AL_L1_CRCS_L_2026-04-09_1,2026-06-05 13:39:56,0
dd7dc652,cmm,Measurement,Produksi,CRCS L,K1AL L1,B025,Position to d & e,1,09 Apr 2026,1,0.107,,,,,Open,K1AL_L1_CRCS_L_2026-04-09_1,2026-06-05 13:39:56,0
3ae04e0f,cmm,Measurement,Produksi,CRCS L,K1AL L1,B054,Posisi X,1,09 Apr 2026,1,-0.227,,,,,Open,K1AL_L1_CRCS_L_2026-04-09_1,2026-06-05 13:39:56,1
ab2cd36b,cmm,Measurement,Produksi,CRCS L,K1AL L1,B054,Posisi Y,1,09 Apr 2026,1,-0.227,,,,,Open,K1AL_L1_CRCS_L_2026-04-09_1,2026-06-05 13:39:56,0
fe1508b5,cmm,Measurement,Produksi,CRCS L,K1AL L1,B059,Posisi X,2,09 Apr 2026,1,-0.239,,,,,Open,K1AL_L1_CRCS_L_2026-04-09_1,2026-06-05 13:39:56,1
613b1a94,cmm,Measurement,Produksi,CRCS L,K1AL L1,B059,Posisi X,3,09 Apr 2026,1,-0.209,,,,,Open,K1AL_L1_CRCS_L_2026-04-09_1,2026-06-05 13:39:56,1
d8ad68b0,cmm,Measurement,Produksi,CRCS L,K1AL L1,B059,Posisi Y,2,09 Apr 2026,1,-0.239,,,,,Open,K1AL_L1_CRCS_L_2026-04-09_1,2026-06-05 13:39:57,0
13207105,cmm,Measurement,Produksi,CRCS L,K1AL L1,B059,Posisi Y,3,09 Apr 2026,1,-0.209,,,,,Open,K1AL_L1_CRCS_L_2026-04-09_1,2026-06-05 13:39:57,1
b305b8b5,cmm,Measurement,Produksi,CRCS L,K1AL L1,B061,Posisi X,1,09 Apr 2026,1,0.238,,,,,Open,K1AL_L1_CRCS_L_2026-04-09_1,2026-06-05 13:39:57,1
79beadb1,cmm,Measurement,Produksi,CRCS L,K1AL L1,B061,Posisi Y,1,09 Apr 2026,1,0.238,,,,,Open,K1AL_L1_CRCS_L_2026-04-09_1,2026-06-05 13:39:57,0
855562ce,cmm,Measurement,Produksi,CRCS L,K1AL L1,B078,Posisi X,4,09 Apr 2026,1,0.228,,,,,Open,K1AL_L1_CRCS_L_2026-04-09_1,2026-06-05 13:39:57,1
9c22c55a,cmm,Measurement,Produksi,CRCS L,K1AL L1,B078,Posisi Y,4,09 Apr 2026,1,0.228,,,,,Open,K1AL_L1_CRCS_L_2026-04-09_1,2026-06-05 13:39:57,0
a6614906,cmm,Measurement,Produksi,CRCS L,K1AL L1,A002,Posisi X From A001 ( Drill 6 ),1,08 Apr 2026,1,0.406,,,,,Open,K1AL_L1_CRCS_L_2026-04-08_1,2026-06-05 13:40:25,1
0fb0105d,cmm,Measurement,Produksi,CRCS L,K1AL L1,A002,Posisi X From A001 ( Drill 6 ),4,08 Apr 2026,1,0.314,,,,,Open,K1AL_L1_CRCS_L_2026-04-08_1,2026-06-05 13:40:25,1
a697d995,cmm,Measurement,Produksi,CRCS L,K1AL L1,A002,Posisi X From A001 ( Drill 6 ),5,08 Apr 2026,1,0.23,,,,,Open,K1AL_L1_CRCS_L_2026-04-08_1,2026-06-05 13:40:25,1
01195f6e,cmm,Measurement,Produksi,CRCS L,K1AL L1,A002,Posisi X From A001 ( Drill 6 ),6,08 Apr 2026,1,0.462,,,,,Open,K1AL_L1_CRCS_L_2026-04-08_1,2026-06-05 13:40:25,1
ccacbd34,cmm,Measurement,Produksi,CRCS L,K1AL L1,A002,Posisi Y From A001 ( Drill 6 ),1,08 Apr 2026,1,0.406,,,,,Open,K1AL_L1_CRCS_L_2026-04-08_1,2026-06-05 13:40:25,0
1cd2f5e4,cmm,Measurement,Produksi,CRCS L,K1AL L1,A002,Posisi Y From A001 ( Drill 6 ),4,08 Apr 2026,1,0.314,,,,,Open,K1AL_L1_CRCS_L_2026-04-08_1,2026-06-05 13:40:25,1
57bc503a,cmm,Measurement,Produksi,CRCS L,K1AL L1,A002,Posisi Y From A001 ( Drill 6 ),5,08 Apr 2026,1,0.23,,,,,Open,K1AL_L1_CRCS_L_2026-04-08_1,2026-06-05 13:40:25,0
89e4c3eb,cmm,Measurement,Produksi,CRCS L,K1AL L1,A002,Posisi Y From A001 ( Drill 6 ),6,08 Apr 2026,1,0.462,,,,,Open,K1AL_L1_CRCS_L_2026-04-08_1,2026-06-05 13:40:25,1
8f9ce1d9,cmm,Measurement,Produksi,CRCS L,K1AL L1,A006,Concentricity to m,1,08 Apr 2026,1,0.036,,,,,Open,K1AL_L1_CRCS_L_2026-04-08_1,2026-06-05 13:40:26,0
7c8e42f1,cmm,Measurement,Produksi,CRCS L,K1AL L1,A006,Concentricity to m,2,08 Apr 2026,1,0.053,,,,,Open,K1AL_L1_CRCS_L_2026-04-08_1,2026-06-05 13:40:26,0
cef29b48,cmm,Measurement,Produksi,CRCS L,K1AL L1,A006,Concentricity to m,3,08 Apr 2026,1,0.032,,,,,Open,K1AL_L1_CRCS_L_2026-04-08_1,2026-06-05 13:40:26,0
12fa993c,cmm,Measurement,Produksi,CRCS L,K1AL L1,A006,Concentricity to m,4,08 Apr 2026,1,0.069,,,,,Open,K1AL_L1_CRCS_L_2026-04-08_1,2026-06-05 13:40:26,0
5e32c319,cmm,Measurement,Produksi,CRCS L,K1AL L1,A020,Posisi X,2,08 Apr 2026,1,-0.234,,,,,Open,K1AL_L1_CRCS_L_2026-04-08_1,2026-06-05 13:40:26,1
37d3ca75,cmm,Measurement,Produksi,CRCS L,K1AL L1,A020,Posisi Y,2,08 Apr 2026,1,-0.234,,,,,Open,K1AL_L1_CRCS_L_2026-04-08_1,2026-06-05 13:40:26,0
9d866394,cmm,Measurement,Produksi,CRCS L,K1AL L1,A026,Posisi X,6,08 Apr 2026,1,-0.3,,,,,Open,K1AL_L1_CRCS_L_2026-04-08_1,2026-06-05 13:40:26,0
98795c7f,cmm,Measurement,Produksi,CRCS L,K1AL L1,A026,Posisi Y,6,08 Apr 2026,1,-0.3,,,,,Open,K1AL_L1_CRCS_L_2026-04-08_1,2026-06-05 13:40:26,0
709bc0c7,cmm,Measurement,Produksi,CRCS L,K1AL L1,A030,Posisi X Drill 6.5,1,08 Apr 2026,1,0.29,,,,,Open,K1AL_L1_CRCS_L_2026-04-08_1,2026-06-05 13:40:26,1
91b231d9,cmm,Measurement,Produksi,CRCS L,K1AL L1,A030,Posisi X Drill 6.5,4,08 Apr 2026,1,0.322,,,,,Open,K1AL_L1_CRCS_L_2026-04-08_1,2026-06-05 13:40:26,1
ac29d8ee,cmm,Measurement,Produksi,CRCS L,K1AL L1,A030,Posisi X Drill 6.5,6,08 Apr 2026,1,0.431,,,,,Open,K1AL_L1_CRCS_L_2026-04-08_1,2026-06-05 13:40:27,1
95919409,cmm,Measurement,Produksi,CRCS L,K1AL L1,A030,Posisi Y Drill 6.5,1,08 Apr 2026,1,0.29,,,,,Open,K1AL_L1_CRCS_L_2026-04-08_1,2026-06-05 13:40:27,0
34650051,cmm,Measurement,Produksi,CRCS L,K1AL L1,A030,Posisi Y Drill 6.5,4,08 Apr 2026,1,0.322,,,,,Open,K1AL_L1_CRCS_L_2026-04-08_1,2026-06-05 13:40:27,0
46e6f358,cmm,Measurement,Produksi,CRCS L,K1AL L1,A030,Posisi Y Drill 6.5,6,08 Apr 2026,1,0.431,,,,,Open,K1AL_L1_CRCS_L_2026-04-08_1,2026-06-05 13:40:27,0
ee1cadc9,cmm,Measurement,Produksi,CRCS L,K1AL L1,A041,Posisi X,1,08 Apr 2026,1,0.51,,,,,Open,K1AL_L1_CRCS_L_2026-04-08_1,2026-06-05 13:40:27,1
fbf1c3a4,cmm,Measurement,Produksi,CRCS L,K1AL L1,A041,Posisi X,4,08 Apr 2026,1,0.437,,,,,Open,K1AL_L1_CRCS_L_2026-04-08_1,2026-06-05 13:40:27,1
24875da0,cmm,Measurement,Produksi,CRCS L,K1AL L1,A041,Posisi X,5,08 Apr 2026,1,0.281,,,,,Open,K1AL_L1_CRCS_L_2026-04-08_1,2026-06-05 13:40:27,1
3ff5a061,cmm,Measurement,Produksi,CRCS L,K1AL L1,A041,Posisi X,6,08 Apr 2026,1,0.557,,,,,Open,K1AL_L1_CRCS_L_2026-04-08_1,2026-06-05 13:40:27,1
8a1d703e,cmm,Measurement,Produksi,CRCS L,K1AL L1,A041,Posisi Y,1,08 Apr 2026,1,0.51,,,,,Open,K1AL_L1_CRCS_L_2026-04-08_1,2026-06-05 13:40:27,0
2261f5be,cmm,Measurement,Produksi,CRCS L,K1AL L1,A041,Posisi Y,4,08 Apr 2026,1,0.437,,,,,Open,K1AL_L1_CRCS_L_2026-04-08_1,2026-06-05 13:40:27,0
a46d80fb,cmm,Measurement,Produksi,CRCS L,K1AL L1,A041,Posisi Y,5,08 Apr 2026,1,0.281,,,,,Open,K1AL_L1_CRCS_L_2026-04-08_1,2026-06-05 13:40:28,0
9ec7872a,cmm,Measurement,Produksi,CRCS L,K1AL L1,A041,Posisi Y,6,08 Apr 2026,1,0.557,,,,,Open,K1AL_L1_CRCS_L_2026-04-08_1,2026-06-05 13:40:28,0
91d3eb49,cmm,Measurement,Produksi,CRCS L,K1AL L1,A042,Posisi X,1,08 Apr 2026,1,0.585,,,,,Open,K1AL_L1_CRCS_L_2026-04-08_1,2026-06-05 13:40:28,0
c10a4909,cmm,Measurement,Produksi,CRCS L,K1AL L1,A042,Posisi X,4,08 Apr 2026,1,0.52,,,,,Open,K1AL_L1_CRCS_L_2026-04-08_1,2026-06-05 13:40:28,0
af3e2464,cmm,Measurement,Produksi,CRCS L,K1AL L1,A042,Posisi X,5,08 Apr 2026,1,0.352,,,,,Open,K1AL_L1_CRCS_L_2026-04-08_1,2026-06-05 13:40:28,0
d7ffc33f,cmm,Measurement,Produksi,CRCS L,K1AL L1,A042,Posisi X,6,08 Apr 2026,1,0.636,,,,,Open,K1AL_L1_CRCS_L_2026-04-08_1,2026-06-05 13:40:28,0
2759ee54,cmm,Measurement,Produksi,CRCS L,K1AL L1,A042,Posisi Y,1,08 Apr 2026,1,0.585,,,,,Open,K1AL_L1_CRCS_L_2026-04-08_1,2026-06-05 13:40:28,0
65cf2a23,cmm,Measurement,Produksi,CRCS L,K1AL L1,A042,Posisi Y,4,08 Apr 2026,1,0.52,,,,,Open,K1AL_L1_CRCS_L_2026-04-08_1,2026-06-05 13:40:28,0
96d4865d,cmm,Measurement,Produksi,CRCS L,K1AL L1,A042,Posisi Y,5,08 Apr 2026,1,0.352,,,,,Open,K1AL_L1_CRCS_L_2026-04-08_1,2026-06-05 13:40:29,0
c6e7bf3c,cmm,Measurement,Produksi,CRCS L,K1AL L1,A042,Posisi Y,6,08 Apr 2026,1,0.636,,,,,Open,K1AL_L1_CRCS_L_2026-04-08_1,2026-06-05 13:40:29,0
9af5e877,cmm,Measurement,Produksi,CRCS L,K1AL L1,A046,Posisi X,1,08 Apr 2026,1,-0.237,,,,,Open,K1AL_L1_CRCS_L_2026-04-08_1,2026-06-05 13:40:29,1
4f38205f,cmm,Measurement,Produksi,CRCS L,K1AL L1,A046,Posisi X,4,08 Apr 2026,1,-0.224,,,,,Open,K1AL_L1_CRCS_L_2026-04-08_1,2026-06-05 13:40:29,1
5bf1c414,cmm,Measurement,Produksi,CRCS L,K1AL L1,A046,Posisi X,6,08 Apr 2026,1,-0.237,,,,,Open,K1AL_L1_CRCS_L_2026-04-08_1,2026-06-05 13:40:29,1
1cf8462e,cmm,Measurement,Produksi,CRCS L,K1AL L1,A046,Posisi Y,1,08 Apr 2026,1,-0.237,,,,,Open,K1AL_L1_CRCS_L_2026-04-08_1,2026-06-05 13:40:29,0
a670502e,cmm,Measurement,Produksi,CRCS L,K1AL L1,A046,Posisi Y,4,08 Apr 2026,1,-0.224,,,,,Open,K1AL_L1_CRCS_L_2026-04-08_1,2026-06-05 13:40:29,0
918f2da3,cmm,Measurement,Produksi,CRCS L,K1AL L1,A046,Posisi Y,6,08 Apr 2026,1,-0.237,,,,,Open,K1AL_L1_CRCS_L_2026-04-08_1,2026-06-05 13:40:29,0
52d5f464,cmm,Measurement,Produksi,CRCS L,K1AL L1,A047,Posisi X,1,08 Apr 2026,1,-0.297,,,,,Open,K1AL_L1_CRCS_L_2026-04-08_1,2026-06-05 13:40:29,0
abe2bc11,cmm,Measurement,Produksi,CRCS L,K1AL L1,A047,Posisi X,4,08 Apr 2026,1,-0.297,,,,,Open,K1AL_L1_CRCS_L_2026-04-08_1,2026-06-05 13:40:29,0
a1c3dcc1,cmm,Measurement,Produksi,CRCS L,K1AL L1,A047,Posisi X,6,08 Apr 2026,1,-0.313,,,,,Open,K1AL_L1_CRCS_L_2026-04-08_1,2026-06-05 13:40:29,0
d84e3295,cmm,Measurement,Produksi,CRCS L,K1AL L1,A047,Posisi Y,1,08 Apr 2026,1,-0.297,,,,,Open,K1AL_L1_CRCS_L_2026-04-08_1,2026-06-05 13:40:30,0
e0e72341,cmm,Measurement,Produksi,CRCS L,K1AL L1,A047,Posisi Y,4,08 Apr 2026,1,-0.297,,,,,Open,K1AL_L1_CRCS_L_2026-04-08_1,2026-06-05 13:40:30,0
fb598730,cmm,Measurement,Produksi,CRCS L,K1AL L1,A047,Posisi Y,6,08 Apr 2026,1,-0.313,,,,,Open,K1AL_L1_CRCS_L_2026-04-08_1,2026-06-05 13:40:30,0
bd17db04,cmm,Measurement,Produksi,CRCS L,K1AL L1,A048,Posisi X From A006,4,08 Apr 2026,1,0.223,,,,,Open,K1AL_L1_CRCS_L_2026-04-08_1,2026-06-05 13:40:30,1
89f4c9be,cmm,Measurement,Produksi,CRCS L,K1AL L1,A048,Posisi Y From A006,4,08 Apr 2026,1,0.223,,,,,Open,K1AL_L1_CRCS_L_2026-04-08_1,2026-06-05 13:40:30,0
0d6d10c5,cmm,Measurement,Produksi,CRCS L,K1AL L1,A151,Posisi X Reamer 8H8,1,08 Apr 2026,1,0.133,,,,,Open,K1AL_L1_CRCS_L_2026-04-08_1,2026-06-05 13:40:30,1
2104969e,cmm,Measurement,Produksi,CRCS L,K1AL L1,A151,Posisi X Reamer 8H8,2,08 Apr 2026,1,0.239,,,,,Open,K1AL_L1_CRCS_L_2026-04-08_1,2026-06-05 13:40:30,0
671840fc,cmm,Measurement,Produksi,CRCS L,K1AL L1,A151,Posisi X Reamer 8H8,3,08 Apr 2026,1,0.124,,,,,Open,K1AL_L1_CRCS_L_2026-04-08_1,2026-06-05 13:40:30,1
b74eaa1e,cmm,Measurement,Produksi,CRCS L,K1AL L1,A151,Posisi X Reamer 8H8,4,08 Apr 2026,1,0.121,,,,,Open,K1AL_L1_CRCS_L_2026-04-08_1,2026-06-05 13:40:30,1
1723d19b,cmm,Measurement,Produksi,CRCS L,K1AL L1,A151,Posisi X Reamer 8H8,6,08 Apr 2026,1,0.065,,,,,Open,K1AL_L1_CRCS_L_2026-04-08_1,2026-06-05 13:40:31,1
59c15ff0,cmm,Measurement,Produksi,CRCS L,K1AL L1,A151,Posisi Y Reamer 8H8,1,08 Apr 2026,1,0.133,,,,,Open,K1AL_L1_CRCS_L_2026-04-08_1,2026-06-05 13:40:31,0
fdb04552,cmm,Measurement,Produksi,CRCS L,K1AL L1,A151,Posisi Y Reamer 8H8,2,08 Apr 2026,1,0.239,,,,,Open,K1AL_L1_CRCS_L_2026-04-08_1,2026-06-05 13:40:31,0
d139aeb7,cmm,Measurement,Produksi,CRCS L,K1AL L1,A151,Posisi Y Reamer 8H8,3,08 Apr 2026,1,0.124,,,,,Open,K1AL_L1_CRCS_L_2026-04-08_1,2026-06-05 13:40:31,0
791f8b48,cmm,Measurement,Produksi,CRCS L,K1AL L1,A151,Posisi Y Reamer 8H8,4,08 Apr 2026,1,0.121,,,,,Open,K1AL_L1_CRCS_L_2026-04-08_1,2026-06-05 13:40:31,0
4acec2be,cmm,Measurement,Produksi,CRCS L,K1AL L1,A151,Posisi Y Reamer 8H8,6,08 Apr 2026,1,0.065,,,,,Open,K1AL_L1_CRCS_L_2026-04-08_1,2026-06-05 13:40:31,1
0e65a48a,cmm,Measurement,Produksi,CRCS L,K1AL L1,A151,Posisi X Drill 6.45,2,08 Apr 2026,1,0.46,,,,,Open,K1AL_L1_CRCS_L_2026-04-08_1,2026-06-05 13:40:31,1
98849eeb,cmm,Measurement,Produksi,CRCS L,K1AL L1,A151,Posisi X Drill 6.45,3,08 Apr 2026,1,0.444,,,,,Open,K1AL_L1_CRCS_L_2026-04-08_1,2026-06-05 13:40:31,1
acdef821,cmm,Measurement,Produksi,CRCS L,K1AL L1,A151,Posisi Y Drill 6.45,2,08 Apr 2026,1,0.46,,,,,Open,K1AL_L1_CRCS_L_2026-04-08_1,2026-06-05 13:40:31,0
3d674159,cmm,Measurement,Produksi,CRCS L,K1AL L1,A151,Posisi Y Drill 6.45,3,08 Apr 2026,1,0.444,,,,,Open,K1AL_L1_CRCS_L_2026-04-08_1,2026-06-05 13:40:32,0
f6f53e9f,cmm,Measurement,Produksi,CRCS L,K1AL L1,A152,Posisi Y Reamer 8H8,1,08 Apr 2026,1,0.091,,,,,Open,K1AL_L1_CRCS_L_2026-04-08_1,2026-06-05 13:40:32,0
90beced4,cmm,Measurement,Produksi,CRCS L,K1AL L1,A152,Posisi Y Reamer 8H8,2,08 Apr 2026,1,0.242,,,,,Open,K1AL_L1_CRCS_L_2026-04-08_1,2026-06-05 13:40:32,0
d49bd738,cmm,Measurement,Produksi,CRCS L,K1AL L1,A152,Posisi Y Reamer 8H8,3,08 Apr 2026,1,0.112,,,,,Open,K1AL_L1_CRCS_L_2026-04-08_1,2026-06-05 13:40:32,0
1901fec7,cmm,Measurement,Produksi,CRCS L,K1AL L1,A152,Posisi Y Reamer 8H8,4,08 Apr 2026,1,0.092,,,,,Open,K1AL_L1_CRCS_L_2026-04-08_1,2026-06-05 13:40:32,0
fa8fceda,cmm,Measurement,Produksi,CRCS L,K1AL L1,A152,Posisi Y Reamer 8H8,6,08 Apr 2026,1,0.069,,,,,Open,K1AL_L1_CRCS_L_2026-04-08_1,2026-06-05 13:40:32,0
d66543b0,cmm,Measurement,Produksi,CRCS L,K1AL L1,A152,Posisi Y Drill 6.45,2,08 Apr 2026,1,0.453,,,,,Open,K1AL_L1_CRCS_L_2026-04-08_1,2026-06-05 13:40:32,1
7a18b070,cmm,Measurement,Produksi,CRCS L,K1AL L1,A152,Posisi Y Drill 6.45,3,08 Apr 2026,1,0.335,,,,,Open,K1AL_L1_CRCS_L_2026-04-08_1,2026-06-05 13:40:32,0
a9ccbd5a,cmm,Measurement,Produksi,CRCS L,K1AL L1,A152,Posisi X Drill 6.45,1,08 Apr 2026,1,0.219,,,,,Open,K1AL_L1_CRCS_L_2026-04-08_1,2026-06-05 13:40:32,1
68ab0583,cmm,Measurement,Produksi,CRCS L,K1AL L1,A153,Posisi X,2,08 Apr 2026,1,0.559,,,,,Open,K1AL_L1_CRCS_L_2026-04-08_1,2026-06-05 13:40:33,1
f6719cb5,cmm,Measurement,Produksi,CRCS L,K1AL L1,A153,Posisi X,3,08 Apr 2026,1,0.415,,,,,Open,K1AL_L1_CRCS_L_2026-04-08_1,2026-06-05 13:40:33,1
55ea83fe,cmm,Measurement,Produksi,CRCS L,K1AL L1,A153,Posisi Y,2,08 Apr 2026,1,0.559,,,,,Open,K1AL_L1_CRCS_L_2026-04-08_1,2026-06-05 13:40:33,0
b58a4ad1,cmm,Measurement,Produksi,CRCS L,K1AL L1,A153,Posisi Y,3,08 Apr 2026,1,0.415,,,,,Open,K1AL_L1_CRCS_L_2026-04-08_1,2026-06-05 13:40:33,1
145a2f7b,cmm,Measurement,Produksi,CRCS L,K1AL L1,A154,Posisi X,2,08 Apr 2026,1,0.547,,,,,Open,K1AL_L1_CRCS_L_2026-04-08_1,2026-06-05 13:40:33,1
423d72a0,cmm,Measurement,Produksi,CRCS L,K1AL L1,A154,Posisi X,3,08 Apr 2026,1,0.442,,,,,Open,K1AL_L1_CRCS_L_2026-04-08_1,2026-06-05 13:40:33,1
23c9bda2,cmm,Measurement,Produksi,CRCS L,K1AL L1,A154,Posisi Y,2,08 Apr 2026,1,0.547,,,,,Open,K1AL_L1_CRCS_L_2026-04-08_1,2026-06-05 13:40:33,0
f5af1572,cmm,Measurement,Produksi,CRCS L,K1AL L1,A154,Posisi Y,3,08 Apr 2026,1,0.442,,,,,Open,K1AL_L1_CRCS_L_2026-04-08_1,2026-06-05 13:40:33,0
c84c6b90,cmm,Measurement,Produksi,CRCS L,K1AL L1,A155,Posisi X,2,08 Apr 2026,1,0.566,,,,,Open,K1AL_L1_CRCS_L_2026-04-08_1,2026-06-05 13:40:33,1
408e736e,cmm,Measurement,Produksi,CRCS L,K1AL L1,A155,Posisi X,3,08 Apr 2026,1,0.446,,,,,Open,K1AL_L1_CRCS_L_2026-04-08_1,2026-06-05 13:40:33,1
7f19dd98,cmm,Measurement,Produksi,CRCS L,K1AL L1,A155,Posisi Y,2,08 Apr 2026,1,0.566,,,,,Open,K1AL_L1_CRCS_L_2026-04-08_1,2026-06-05 13:40:34,1
05e0c24b,cmm,Measurement,Produksi,CRCS L,K1AL L1,A155,Posisi Y,3,08 Apr 2026,1,0.446,,,,,Open,K1AL_L1_CRCS_L_2026-04-08_1,2026-06-05 13:40:34,0
1d9ee453,cmm,Measurement,Produksi,CRCS L,K1AL L1,A156,Posisi X,2,08 Apr 2026,1,0.463,,,,,Open,K1AL_L1_CRCS_L_2026-04-08_1,2026-06-05 13:40:34,1
41152f3c,cmm,Measurement,Produksi,CRCS L,K1AL L1,A156,Posisi X,3,08 Apr 2026,1,0.361,,,,,Open,K1AL_L1_CRCS_L_2026-04-08_1,2026-06-05 13:40:34,1
c3ae1373,cmm,Measurement,Produksi,CRCS L,K1AL L1,A156,Posisi Y,2,08 Apr 2026,1,0.463,,,,,Open,K1AL_L1_CRCS_L_2026-04-08_1,2026-06-05 13:40:34,0
4edffe79,cmm,Measurement,Produksi,CRCS L,K1AL L1,A156,Posisi Y,3,08 Apr 2026,1,0.361,,,,,Open,K1AL_L1_CRCS_L_2026-04-08_1,2026-06-05 13:40:34,0
ef422023,cmm,Measurement,Produksi,CRCS L,K1AL L1,A160,Posisi X,2,08 Apr 2026,1,0.627,,,,,Open,K1AL_L1_CRCS_L_2026-04-08_1,2026-06-05 13:40:34,1
b9ca89a6,cmm,Measurement,Produksi,CRCS L,K1AL L1,A160,Posisi X,3,08 Apr 2026,1,0.492,,,,,Open,K1AL_L1_CRCS_L_2026-04-08_1,2026-06-05 13:40:34,1
5a30efc2,cmm,Measurement,Produksi,CRCS L,K1AL L1,A160,Posisi Y,2,08 Apr 2026,1,0.627,,,,,Open,K1AL_L1_CRCS_L_2026-04-08_1,2026-06-05 13:40:34,0
f9ffbf0f,cmm,Measurement,Produksi,CRCS L,K1AL L1,A160,Posisi Y,3,08 Apr 2026,1,0.492,,,,,Open,K1AL_L1_CRCS_L_2026-04-08_1,2026-06-05 13:40:34,0
2b7c1065,cmm,Measurement,Produksi,CRCS L,K1AL L1,B000-1,Flatness Surface Cover,2,08 Apr 2026,1,0.126,,,,,Open,K1AL_L1_CRCS_L_2026-04-08_1,2026-06-05 13:40:35,0
2df718be,cmm,Measurement,Produksi,CRCS L,K1AL L1,B010,Position To d & e,2,08 Apr 2026,1,0.311,,,,,Open,K1AL_L1_CRCS_L_2026-04-08_1,2026-06-05 13:40:35,0
2a76574b,cmm,Measurement,Produksi,CRCS L,K1AL L1,B017,Distance From B027,5,08 Apr 2026,1,0.166,,,,,Open,K1AL_L1_CRCS_L_2026-04-08_1,2026-06-05 13:40:35,0
63037c16,cmm,Measurement,Produksi,CRCS L,K1AL L1,B017,Position To f & g,2,08 Apr 2026,1,0.33,,,,,Open,K1AL_L1_CRCS_L_2026-04-08_1,2026-06-05 13:40:35,0
515fc0d4,cmm,Measurement,Produksi,CRCS L,K1AL L1,B018,Distance From B027,2,08 Apr 2026,1,-0.137,,,,,Open,K1AL_L1_CRCS_L_2026-04-08_1,2026-06-05 13:40:35,1
ef3bc1e1,cmm,Measurement,Produksi,CRCS L,K1AL L1,B018,Position To f & g,1,08 Apr 2026,1,0.367,,,,,Open,K1AL_L1_CRCS_L_2026-04-08_1,2026-06-05 13:40:35,0
a1dd97a7,cmm,Measurement,Produksi,CRCS L,K1AL L1,B018,Position To f & g,2,08 Apr 2026,1,0.32,,,,,Open,K1AL_L1_CRCS_L_2026-04-08_1,2026-06-05 13:40:35,0
617a18bf,cmm,Measurement,Produksi,CRCS L,K1AL L1,B018,Position To f & g,3,08 Apr 2026,1,0.331,,,,,Open,K1AL_L1_CRCS_L_2026-04-08_1,2026-06-05 13:40:35,0
4c8a21e6,cmm,Measurement,Produksi,CRCS L,K1AL L1,B018,Position To f & g,4,08 Apr 2026,1,0.326,,,,,Open,K1AL_L1_CRCS_L_2026-04-08_1,2026-06-05 13:40:35,0
03da0ffb,cmm,Measurement,Produksi,CRCS L,K1AL L1,B018,Position To f & g,5,08 Apr 2026,1,0.34,,,,,Open,K1AL_L1_CRCS_L_2026-04-08_1,2026-06-05 13:40:35,0
5ae89060,cmm,Measurement,Produksi,CRCS L,K1AL L1,B018,Position To f & g,6,08 Apr 2026,1,0.355,,,,,Open,K1AL_L1_CRCS_L_2026-04-08_1,2026-06-05 13:40:35,0
14861154,cmm,Measurement,Produksi,CRCS L,K1AL L1,B025,Position to d & e,2,08 Apr 2026,1,0.311,,,,,Open,K1AL_L1_CRCS_L_2026-04-08_1,2026-06-05 13:40:36,0
3d1b873c,cmm,Measurement,Produksi,CRCS L,K1AL L1,B026,Posisi X,6,08 Apr 2026,1,-0.3,,,,,Open,K1AL_L1_CRCS_L_2026-04-08_1,2026-06-05 13:40:36,0
05892ee9,cmm,Measurement,Produksi,CRCS L,K1AL L1,B026,Posisi Y,6,08 Apr 2026,1,-0.3,,,,,Open,K1AL_L1_CRCS_L_2026-04-08_1,2026-06-05 13:40:36,0
789b00a2,cmm,Measurement,Produksi,CRCS L,K1AL L1,B027,Distance From B010,6,08 Apr 2026,1,-0.128,,,,,Open,K1AL_L1_CRCS_L_2026-04-08_1,2026-06-05 13:40:36,0
24f2770a,cmm,Measurement,Produksi,CRCS L,K1AL L1,B027,Angle From B010,6,08 Apr 2026,1,-2.454,,,,,Open,K1AL_L1_CRCS_L_2026-04-08_1,2026-06-05 13:40:36,1
557c0198,cmm,Measurement,Produksi,CRCS L,K1AL L1,B027,Position to f & g,1,08 Apr 2026,1,0.183,,,,,Open,K1AL_L1_CRCS_L_2026-04-08_1,2026-06-05 13:40:36,0
57cdf396,cmm,Measurement,Produksi,CRCS L,K1AL L1,B027,Position to f & g,4,08 Apr 2026,1,0.129,,,,,Open,K1AL_L1_CRCS_L_2026-04-08_1,2026-06-05 13:40:36,1
61339712,cmm,Measurement,Produksi,CRCS L,K1AL L1,B027,Position to f & g,6,08 Apr 2026,1,0.271,,,,,Open,K1AL_L1_CRCS_L_2026-04-08_1,2026-06-05 13:40:36,0
92cc1873,cmm,Measurement,Produksi,CRCS L,K1AL L1,B053,Posisi X,6,08 Apr 2026,1,-0.201,,,,,Open,K1AL_L1_CRCS_L_2026-04-08_1,2026-06-05 13:40:36,1
1eef8ee8,cmm,Measurement,Produksi,CRCS L,K1AL L1,B053,Posisi Y,6,08 Apr 2026,1,-0.201,,,,,Open,K1AL_L1_CRCS_L_2026-04-08_1,2026-06-05 13:40:37,0
56ce870b,cmm,Measurement,Produksi,CRCS L,K1AL L1,B054,Posisi X,6,08 Apr 2026,1,-0.21,,,,,Open,K1AL_L1_CRCS_L_2026-04-08_1,2026-06-05 13:40:37,0
961b0f3f,cmm,Measurement,Produksi,CRCS L,K1AL L1,B054,Posisi Y,6,08 Apr 2026,1,-0.21,,,,,Open,K1AL_L1_CRCS_L_2026-04-08_1,2026-06-05 13:40:37,0
7e7e6194,cmm,Measurement,Produksi,CRCS L,K1AL L1,B059,Posisi X,2,08 Apr 2026,1,-0.233,,,,,Open,K1AL_L1_CRCS_L_2026-04-08_1,2026-06-05 13:40:37,1
5bad191f,cmm,Measurement,Produksi,CRCS L,K1AL L1,B059,Posisi Y,2,08 Apr 2026,1,-0.233,,,,,Open,K1AL_L1_CRCS_L_2026-04-08_1,2026-06-05 13:40:37,0
232be708,cmm,Measurement,Produksi,CRCS L,K1AL L1,B073,Posisi X,6,08 Apr 2026,1,-0.216,,,,,Open,K1AL_L1_CRCS_L_2026-04-08_1,2026-06-05 13:40:37,1
24d3dd53,cmm,Measurement,Produksi,CRCS L,K1AL L1,B073,Posisi Y,6,08 Apr 2026,1,-0.216,,,,,Open,K1AL_L1_CRCS_L_2026-04-08_1,2026-06-05 13:40:37,0
6bbefe00,cmm,Measurement,Produksi,CRCS L,K1AL L1,B075,Posisi X,6,08 Apr 2026,1,-0.24,,,,,Open,K1AL_L1_CRCS_L_2026-04-08_1,2026-06-05 13:40:37,0
b61a13c8,cmm,Measurement,Produksi,CRCS L,K1AL L1,B075,Posisi Y,6,08 Apr 2026,1,-0.24,,,,,Open,K1AL_L1_CRCS_L_2026-04-08_1,2026-06-05 13:40:38,0
decf294e,cmm,Measurement,Produksi,CRCS L,K1AL L1,B078,Posisi X,1,08 Apr 2026,1,0.276,,,,,Open,K1AL_L1_CRCS_L_2026-04-08_1,2026-06-05 13:40:38,0
6a2c4348,cmm,Measurement,Produksi,CRCS L,K1AL L1,B078,Posisi X,6,08 Apr 2026,1,0.345,,,,,Open,K1AL_L1_CRCS_L_2026-04-08_1,2026-06-05 13:40:38,0
7ca632b9,cmm,Measurement,Produksi,CRCS L,K1AL L1,B078,Posisi Y,1,08 Apr 2026,1,0.276,,,,,Open,K1AL_L1_CRCS_L_2026-04-08_1,2026-06-05 13:40:38,0
ac0bf7c4,cmm,Measurement,Produksi,CRCS L,K1AL L1,B078,Posisi Y,6,08 Apr 2026,1,0.345,,,,,Open,K1AL_L1_CRCS_L_2026-04-08_1,2026-06-05 13:40:38,0
e1618039,cmm,Measurement,Produksi,CRCS L,K1AL L1,A002,Posisi X From A001 ( Drill 6 ),1,06 Apr 2026,1,0.23,,,,,Open,K1AL_L1_CRCS_L_2026-04-06_1,2026-06-05 13:45:33,1
29753bd6,cmm,Measurement,Produksi,CRCS L,K1AL L1,A002,Posisi X From A001 ( Drill 6 ),2,06 Apr 2026,1,0.231,,,,,Open,K1AL_L1_CRCS_L_2026-04-06_1,2026-06-05 13:45:33,1
e9473a87,cmm,Measurement,Produksi,CRCS L,K1AL L1,A002,Posisi X From A001 ( Drill 6 ),6,06 Apr 2026,1,0.212,,,,,Open,K1AL_L1_CRCS_L_2026-04-06_1,2026-06-05 13:45:33,1
11fb5718,cmm,Measurement,Produksi,CRCS L,K1AL L1,A002,Posisi Y From A001 ( Drill 6 ),1,06 Apr 2026,1,0.23,,,,,Open,K1AL_L1_CRCS_L_2026-04-06_1,2026-06-05 13:45:33,0
7a6d578a,cmm,Measurement,Produksi,CRCS L,K1AL L1,A002,Posisi Y From A001 ( Drill 6 ),2,06 Apr 2026,1,0.231,,,,,Open,K1AL_L1_CRCS_L_2026-04-06_1,2026-06-05 13:45:33,1
7ad3ab51,cmm,Measurement,Produksi,CRCS L,K1AL L1,A002,Posisi Y From A001 ( Drill 6 ),6,06 Apr 2026,1,0.212,,,,,Open,K1AL_L1_CRCS_L_2026-04-06_1,2026-06-05 13:45:33,0
29adb67b,cmm,Measurement,Produksi,CRCS L,K1AL L1,A006,Concentricity to m,1,06 Apr 2026,1,0.034,,,,,Open,K1AL_L1_CRCS_L_2026-04-06_1,2026-06-05 13:45:33,1
c6734245,cmm,Measurement,Produksi,CRCS L,K1AL L1,A006,Concentricity to m,3,06 Apr 2026,1,0.04,,,,,Open,K1AL_L1_CRCS_L_2026-04-06_1,2026-06-05 13:45:33,0
1cb277ad,cmm,Measurement,Produksi,CRCS L,K1AL L1,A006,Concentricity to m,4,06 Apr 2026,1,0.037,,,,,Open,K1AL_L1_CRCS_L_2026-04-06_1,2026-06-05 13:45:33,0
af7bc06f,cmm,Measurement,Produksi,CRCS L,K1AL L1,A006,Concentricity to m,5,06 Apr 2026,1,0.036,,,,,Open,K1AL_L1_CRCS_L_2026-04-06_1,2026-06-05 13:45:34,0
2219f5be,cmm,Measurement,Produksi,CRCS L,K1AL L1,A020,Posisi X,4,06 Apr 2026,1,-0.214,,,,,Open,K1AL_L1_CRCS_L_2026-04-06_1,2026-06-05 13:45:34,1
a76d8ee1,cmm,Measurement,Produksi,CRCS L,K1AL L1,A020,Posisi Y,4,06 Apr 2026,1,-0.214,,,,,Open,K1AL_L1_CRCS_L_2026-04-06_1,2026-06-05 13:45:34,0
a6d53528,cmm,Measurement,Produksi,CRCS L,K1AL L1,A030,Posisi X Drill 6.5,1,06 Apr 2026,1,0.22,,,,,Open,K1AL_L1_CRCS_L_2026-04-06_1,2026-06-05 13:45:34,1
eb1dceb2,cmm,Measurement,Produksi,CRCS L,K1AL L1,A030,Posisi X Drill 6.5,2,06 Apr 2026,1,0.273,,,,,Open,K1AL_L1_CRCS_L_2026-04-06_1,2026-06-05 13:45:34,1
5b3faeee,cmm,Measurement,Produksi,CRCS L,K1AL L1,A030,Posisi X Drill 6.5,6,06 Apr 2026,1,0.226,,,,,Open,K1AL_L1_CRCS_L_2026-04-06_1,2026-06-05 13:45:34,1
8cccaf04,cmm,Measurement,Produksi,CRCS L,K1AL L1,A030,Posisi Y Drill 6.5,1,06 Apr 2026,1,0.22,,,,,Open,K1AL_L1_CRCS_L_2026-04-06_1,2026-06-05 13:45:34,0
99e3684d,cmm,Measurement,Produksi,CRCS L,K1AL L1,A030,Posisi Y Drill 6.5,2,06 Apr 2026,1,0.273,,,,,Open,K1AL_L1_CRCS_L_2026-04-06_1,2026-06-05 13:45:34,0
86dd0ea0,cmm,Measurement,Produksi,CRCS L,K1AL L1,A030,Posisi Y Drill 6.5,6,06 Apr 2026,1,0.226,,,,,Open,K1AL_L1_CRCS_L_2026-04-06_1,2026-06-05 13:45:34,1
e8fd55da,cmm,Measurement,Produksi,CRCS L,K1AL L1,A041,Posisi X,1,06 Apr 2026,1,0.302,,,,,Open,K1AL_L1_CRCS_L_2026-04-06_1,2026-06-05 13:45:34,1
bead681c,cmm,Measurement,Produksi,CRCS L,K1AL L1,A041,Posisi X,2,06 Apr 2026,1,0.273,,,,,Open,K1AL_L1_CRCS_L_2026-04-06_1,2026-06-05 13:45:35,1
17c301c5,cmm,Measurement,Produksi,CRCS L,K1AL L1,A041,Posisi X,6,06 Apr 2026,1,0.259,,,,,Open,K1AL_L1_CRCS_L_2026-04-06_1,2026-06-05 13:45:35,0
2372afec,cmm,Measurement,Produksi,CRCS L,K1AL L1,A041,Posisi Y,1,06 Apr 2026,1,0.302,,,,,Open,K1AL_L1_CRCS_L_2026-04-06_1,2026-06-05 13:45:35,0
d262f295,cmm,Measurement,Produksi,CRCS L,K1AL L1,A041,Posisi Y,2,06 Apr 2026,1,0.273,,,,,Open,K1AL_L1_CRCS_L_2026-04-06_1,2026-06-05 13:45:35,0
10ff09f8,cmm,Measurement,Produksi,CRCS L,K1AL L1,A041,Posisi Y,6,06 Apr 2026,1,0.259,,,,,Open,K1AL_L1_CRCS_L_2026-04-06_1,2026-06-05 13:45:35,0
d43f3f7b,cmm,Measurement,Produksi,CRCS L,K1AL L1,A042,Posisi X,1,06 Apr 2026,1,0.338,,,,,Open,K1AL_L1_CRCS_L_2026-04-06_1,2026-06-05 13:45:35,1
5b0640b3,cmm,Measurement,Produksi,CRCS L,K1AL L1,A042,Posisi X,2,06 Apr 2026,1,0.348,,,,,Open,K1AL_L1_CRCS_L_2026-04-06_1,2026-06-05 13:45:35,1
d04403a9,cmm,Measurement,Produksi,CRCS L,K1AL L1,A042,Posisi X,6,06 Apr 2026,1,0.262,,,,,Open,K1AL_L1_CRCS_L_2026-04-06_1,2026-06-05 13:45:35,0
a8b3ef8c,cmm,Measurement,Produksi,CRCS L,K1AL L1,A042,Posisi Y,1,06 Apr 2026,1,0.338,,,,,Open,K1AL_L1_CRCS_L_2026-04-06_1,2026-06-05 13:45:35,0
e4c9b1f0,cmm,Measurement,Produksi,CRCS L,K1AL L1,A042,Posisi Y,2,06 Apr 2026,1,0.348,,,,,Open,K1AL_L1_CRCS_L_2026-04-06_1,2026-06-05 13:45:35,0
471b4be8,cmm,Measurement,Produksi,CRCS L,K1AL L1,A042,Posisi Y,6,06 Apr 2026,1,0.262,,,,,Open,K1AL_L1_CRCS_L_2026-04-06_1,2026-06-05 13:45:35,0
cda32358,cmm,Measurement,Produksi,CRCS L,K1AL L1,A047,Posisi X,1,06 Apr 2026,1,-0.217,,,,,Open,K1AL_L1_CRCS_L_2026-04-06_1,2026-06-05 13:45:36,1
76174349,cmm,Measurement,Produksi,CRCS L,K1AL L1,A047,Posisi Y,1,06 Apr 2026,1,-0.217,,,,,Open,K1AL_L1_CRCS_L_2026-04-06_1,2026-06-05 13:45:36,0
d9dd77f5,cmm,Measurement,Produksi,CRCS L,K1AL L1,A048,Posisi X From A006,2,06 Apr 2026,1,0.206,,,,,Open,K1AL_L1_CRCS_L_2026-04-06_1,2026-06-05 13:45:36,1
52be0ff1,cmm,Measurement,Produksi,CRCS L,K1AL L1,A048,Posisi Y From A006,2,06 Apr 2026,1,0.206,,,,,Open,K1AL_L1_CRCS_L_2026-04-06_1,2026-06-05 13:45:36,1
4310c45d,cmm,Measurement,Produksi,CRCS L,K1AL L1,A151,Posisi X Reamer 8H8,1,06 Apr 2026,1,0.147,,,,,Open,K1AL_L1_CRCS_L_2026-04-06_1,2026-06-05 13:45:36,1
6e0952d6,cmm,Measurement,Produksi,CRCS L,K1AL L1,A151,Posisi Y Reamer 8H8,1,06 Apr 2026,1,0.147,,,,,Open,K1AL_L1_CRCS_L_2026-04-06_1,2026-06-05 13:45:36,0
5c0c3ee8,cmm,Measurement,Produksi,CRCS L,K1AL L1,A151,Posisi X Drill 6.45,1,06 Apr 2026,1,0.215,,,,,Open,K1AL_L1_CRCS_L_2026-04-06_1,2026-06-05 13:45:36,1
a3bfd854,cmm,Measurement,Produksi,CRCS L,K1AL L1,A151,Posisi X Drill 6.45,2,06 Apr 2026,1,0.219,,,,,Open,K1AL_L1_CRCS_L_2026-04-06_1,2026-06-05 13:45:36,1
15ad5f97,cmm,Measurement,Produksi,CRCS L,K1AL L1,A151,Posisi Y Drill 6.45,1,06 Apr 2026,1,0.215,,,,,Open,K1AL_L1_CRCS_L_2026-04-06_1,2026-06-05 13:45:36,0
5ae4d9bb,cmm,Measurement,Produksi,CRCS L,K1AL L1,A151,Posisi Y Drill 6.45,2,06 Apr 2026,1,0.219,,,,,Open,K1AL_L1_CRCS_L_2026-04-06_1,2026-06-05 13:45:36,1
01663787,cmm,Measurement,Produksi,CRCS L,K1AL L1,A152,Posisi Y Reamer 8H8,1,06 Apr 2026,1,0.128,,,,,Open,K1AL_L1_CRCS_L_2026-04-06_1,2026-06-05 13:45:37,0
df7c27ee,cmm,Measurement,Produksi,CRCS L,K1AL L1,A153,Posisi X,3,06 Apr 2026,1,0.296,,,,,Open,K1AL_L1_CRCS_L_2026-04-06_1,2026-06-05 13:45:37,1
4b6fe35f,cmm,Measurement,Produksi,CRCS L,K1AL L1,A153,Posisi Y,3,06 Apr 2026,1,0.296,,,,,Open,K1AL_L1_CRCS_L_2026-04-06_1,2026-06-05 13:45:37,0
7ab51814,cmm,Measurement,Produksi,CRCS L,K1AL L1,A154,Posisi X,1,06 Apr 2026,1,0.223,,,,,Open,K1AL_L1_CRCS_L_2026-04-06_1,2026-06-05 13:45:37,1
c169787b,cmm,Measurement,Produksi,CRCS L,K1AL L1,A154,Posisi X,2,06 Apr 2026,1,0.236,,,,,Open,K1AL_L1_CRCS_L_2026-04-06_1,2026-06-05 13:45:37,0
0c0697fe,cmm,Measurement,Produksi,CRCS L,K1AL L1,A154,Posisi X,3,06 Apr 2026,1,0.341,,,,,Open,K1AL_L1_CRCS_L_2026-04-06_1,2026-06-05 13:45:37,1
2bdeca80,cmm,Measurement,Produksi,CRCS L,K1AL L1,A154,Posisi Y,1,06 Apr 2026,1,0.223,,,,,Open,K1AL_L1_CRCS_L_2026-04-06_1,2026-06-05 13:45:37,1
358ef04a,cmm,Measurement,Produksi,CRCS L,K1AL L1,A154,Posisi Y,2,06 Apr 2026,1,0.236,,,,,Open,K1AL_L1_CRCS_L_2026-04-06_1,2026-06-05 13:45:37,0
0208bbed,cmm,Measurement,Produksi,CRCS L,K1AL L1,A154,Posisi Y,3,06 Apr 2026,1,0.341,,,,,Open,K1AL_L1_CRCS_L_2026-04-06_1,2026-06-05 13:45:37,0
7274bd72,cmm,Measurement,Produksi,CRCS L,K1AL L1,A155,Posisi X,3,06 Apr 2026,1,0.331,,,,,Open,K1AL_L1_CRCS_L_2026-04-06_1,2026-06-05 13:45:37,1
5a377ebd,cmm,Measurement,Produksi,CRCS L,K1AL L1,A155,Posisi Y,3,06 Apr 2026,1,0.331,,,,,Open,K1AL_L1_CRCS_L_2026-04-06_1,2026-06-05 13:45:38,0
f7c2d076,cmm,Measurement,Produksi,CRCS L,K1AL L1,A156,Posisi X,3,06 Apr 2026,1,0.297,,,,,Open,K1AL_L1_CRCS_L_2026-04-06_1,2026-06-05 13:45:38,1
b5e65c72,cmm,Measurement,Produksi,CRCS L,K1AL L1,A156,Posisi Y,3,06 Apr 2026,1,0.297,,,,,Open,K1AL_L1_CRCS_L_2026-04-06_1,2026-06-05 13:45:38,0
f8c9c24c,cmm,Measurement,Produksi,CRCS L,K1AL L1,A160,Posisi X,1,06 Apr 2026,1,0.22,,,,,Open,K1AL_L1_CRCS_L_2026-04-06_1,2026-06-05 13:45:38,0
c1fb4cc2,cmm,Measurement,Produksi,CRCS L,K1AL L1,A160,Posisi X,2,06 Apr 2026,1,0.35,,,,,Open,K1AL_L1_CRCS_L_2026-04-06_1,2026-06-05 13:45:38,1
3137305f,cmm,Measurement,Produksi,CRCS L,K1AL L1,A160,Posisi X,3,06 Apr 2026,1,0.463,,,,,Open,K1AL_L1_CRCS_L_2026-04-06_1,2026-06-05 13:45:38,1
a351a97f,cmm,Measurement,Produksi,CRCS L,K1AL L1,A160,Posisi X,6,06 Apr 2026,1,0.297,,,,,Open,K1AL_L1_CRCS_L_2026-04-06_1,2026-06-05 13:45:38,1
f62c9a20,cmm,Measurement,Produksi,CRCS L,K1AL L1,A160,Posisi Y,1,06 Apr 2026,1,0.22,,,,,Open,K1AL_L1_CRCS_L_2026-04-06_1,2026-06-05 13:45:38,0
17aee4aa,cmm,Measurement,Produksi,CRCS L,K1AL L1,A160,Posisi Y,2,06 Apr 2026,1,0.35,,,,,Open,K1AL_L1_CRCS_L_2026-04-06_1,2026-06-05 13:45:39,0
795ccba7,cmm,Measurement,Produksi,CRCS L,K1AL L1,A160,Posisi Y,3,06 Apr 2026,1,0.463,,,,,Open,K1AL_L1_CRCS_L_2026-04-06_1,2026-06-05 13:45:39,0
9b7dfaba,cmm,Measurement,Produksi,CRCS L,K1AL L1,A160,Posisi Y,6,06 Apr 2026,1,0.297,,,,,Open,K1AL_L1_CRCS_L_2026-04-06_1,2026-06-05 13:45:39,0
5bdcd496,cmm,Measurement,Produksi,CRCS L,K1AL L1,B010,Position To d & e,1,06 Apr 2026,1,0.111,,,,,Open,K1AL_L1_CRCS_L_2026-04-06_1,2026-06-05 13:45:39,0
acd94f1e,cmm,Measurement,Produksi,CRCS L,K1AL L1,B011,Posisi X Reamer 8H8,3,06 Apr 2026,1,-1.064,,,,,Open,K1AL_L1_CRCS_L_2026-04-06_1,2026-06-05 13:45:39,0
bdbf9653,cmm,Measurement,Produksi,CRCS L,K1AL L1,B011,Posisi Y Reamer 8H8,3,06 Apr 2026,1,-1.064,,,,,Open,K1AL_L1_CRCS_L_2026-04-06_1,2026-06-05 13:45:39,0
5c1ce2f2,cmm,Measurement,Produksi,CRCS L,K1AL L1,B011,Posisi Y Drill 5.45,3,06 Apr 2026,1,-0.263,,,,,Open,K1AL_L1_CRCS_L_2026-04-06_1,2026-06-05 13:45:39,0
9da6b2a1,cmm,Measurement,Produksi,CRCS L,K1AL L1,B012,Posisi X From B011 Reamer 8H8,3,06 Apr 2026,1,-1.068,,,,,Open,K1AL_L1_CRCS_L_2026-04-06_1,2026-06-05 13:45:39,1
a0ad4ae8,cmm,Measurement,Produksi,CRCS L,K1AL L1,B012,Posisi Y From B011 Reamer 8H8,3,06 Apr 2026,1,-1.068,,,,,Open,K1AL_L1_CRCS_L_2026-04-06_1,2026-06-05 13:45:39,0
956bba15,cmm,Measurement,Produksi,CRCS L,K1AL L1,B012,Posisi X From B011 Drill 5.45,3,06 Apr 2026,1,-0.301,,,,,Open,K1AL_L1_CRCS_L_2026-04-06_1,2026-06-05 13:45:39,1
d0cb2f46,cmm,Measurement,Produksi,CRCS L,K1AL L1,B012,Posisi Y From B011 Drill 5.45,3,06 Apr 2026,1,-0.301,,,,,Open,K1AL_L1_CRCS_L_2026-04-06_1,2026-06-05 13:45:39,1
f0f87b23,cmm,Measurement,Produksi,CRCS L,K1AL L1,B017,Distance From B027,1,06 Apr 2026,1,0.129,,,,,Open,K1AL_L1_CRCS_L_2026-04-06_1,2026-06-05 13:45:40,0
2d5a82ee,cmm,Measurement,Produksi,CRCS L,K1AL L1,B017,Distance From B027,2,06 Apr 2026,1,-0.102,,,,,Open,K1AL_L1_CRCS_L_2026-04-06_1,2026-06-05 13:45:40,0
08396702,cmm,Measurement,Produksi,CRCS L,K1AL L1,B017,Distance From B027,5,06 Apr 2026,1,0.186,,,,,Open,K1AL_L1_CRCS_L_2026-04-06_1,2026-06-05 13:45:40,0
c8047275,cmm,Measurement,Produksi,CRCS L,K1AL L1,B018,Distance From B027,5,06 Apr 2026,1,-0.154,,,,,Open,K1AL_L1_CRCS_L_2026-04-06_1,2026-06-05 13:45:40,1
41e66b60,cmm,Measurement,Produksi,CRCS L,K1AL L1,B018,Position To f & g,1,06 Apr 2026,1,0.291,,,,,Open,K1AL_L1_CRCS_L_2026-04-06_1,2026-06-05 13:45:40,0
782c7f43,cmm,Measurement,Produksi,CRCS L,K1AL L1,B018,Position To f & g,2,06 Apr 2026,1,0.203,,,,,Open,K1AL_L1_CRCS_L_2026-04-06_1,2026-06-05 13:45:40,0
dbd5fd38,cmm,Measurement,Produksi,CRCS L,K1AL L1,B018,Position To f & g,3,06 Apr 2026,1,0.329,,,,,Open,K1AL_L1_CRCS_L_2026-04-06_1,2026-06-05 13:45:40,0
89aeb3c5,cmm,Measurement,Produksi,CRCS L,K1AL L1,B018,Position To f & g,4,06 Apr 2026,1,0.326,,,,,Open,K1AL_L1_CRCS_L_2026-04-06_1,2026-06-05 13:45:40,0
99d78c65,cmm,Measurement,Produksi,CRCS L,K1AL L1,B018,Position To f & g,5,06 Apr 2026,1,0.482,,,,,Open,K1AL_L1_CRCS_L_2026-04-06_1,2026-06-05 13:45:40,0
55e91358,cmm,Measurement,Produksi,CRCS L,K1AL L1,B025,Position to d & e,1,06 Apr 2026,1,0.111,,,,,Open,K1AL_L1_CRCS_L_2026-04-06_1,2026-06-05 13:45:41,0
ccbc6583,cmm,Measurement,Produksi,CRCS L,K1AL L1,B027,Angle From B010,1,06 Apr 2026,1,1.569,,,,,Open,K1AL_L1_CRCS_L_2026-04-06_1,2026-06-05 13:45:41,0
f3a728bf,cmm,Measurement,Produksi,CRCS L,K1AL L1,B052,Posisi X,2,06 Apr 2026,1,-0.233,,,,,Open,K1AL_L1_CRCS_L_2026-04-06_1,2026-06-05 13:45:41,1
00afce5e,cmm,Measurement,Produksi,CRCS L,K1AL L1,B052,Posisi X,3,06 Apr 2026,1,-0.212,,,,,Open,K1AL_L1_CRCS_L_2026-04-06_1,2026-06-05 13:45:41,1
99688cb7,cmm,Measurement,Produksi,CRCS L,K1AL L1,B052,Posisi X,6,06 Apr 2026,1,-0.279,,,,,Open,K1AL_L1_CRCS_L_2026-04-06_1,2026-06-05 13:45:41,1
b71291b9,cmm,Measurement,Produksi,CRCS L,K1AL L1,B052,Posisi Y,2,06 Apr 2026,1,-0.233,,,,,Open,K1AL_L1_CRCS_L_2026-04-06_1,2026-06-05 13:45:41,0
1ac71894,cmm,Measurement,Produksi,CRCS L,K1AL L1,B052,Posisi Y,3,06 Apr 2026,1,-0.212,,,,,Open,K1AL_L1_CRCS_L_2026-04-06_1,2026-06-05 13:45:41,0
bc7bc9c4,cmm,Measurement,Produksi,CRCS L,K1AL L1,B052,Posisi Y,6,06 Apr 2026,1,-0.279,,,,,Open,K1AL_L1_CRCS_L_2026-04-06_1,2026-06-05 13:45:41,0
fbdd6083,cmm,Measurement,Produksi,CRCS L,K1AL L1,B054,Posisi X,1,06 Apr 2026,1,-0.263,,,,,Open,K1AL_L1_CRCS_L_2026-04-06_1,2026-06-05 13:45:41,0
b42d80f5,cmm,Measurement,Produksi,CRCS L,K1AL L1,B054,Posisi X,2,06 Apr 2026,1,-0.233,,,,,Open,K1AL_L1_CRCS_L_2026-04-06_1,2026-06-05 13:45:41,1
26597455,cmm,Measurement,Produksi,CRCS L,K1AL L1,B054,Posisi X,6,06 Apr 2026,1,-0.253,,,,,Open,K1AL_L1_CRCS_L_2026-04-06_1,2026-06-05 13:45:42,1
b7bfcc0d,cmm,Measurement,Produksi,CRCS L,K1AL L1,B054,Posisi Y,1,06 Apr 2026,1,-0.263,,,,,Open,K1AL_L1_CRCS_L_2026-04-06_1,2026-06-05 13:45:42,1
8862dbbd,cmm,Measurement,Produksi,CRCS L,K1AL L1,B054,Posisi Y,2,06 Apr 2026,1,-0.233,,,,,Open,K1AL_L1_CRCS_L_2026-04-06_1,2026-06-05 13:45:42,0
2ab3e465,cmm,Measurement,Produksi,CRCS L,K1AL L1,B054,Posisi Y,6,06 Apr 2026,1,-0.253,,,,,Open,K1AL_L1_CRCS_L_2026-04-06_1,2026-06-05 13:45:42,0
a427e91e,cmm,Measurement,Produksi,CRCS L,K1AL L1,B059,Posisi X,4,06 Apr 2026,1,-0.307,,,,,Open,K1AL_L1_CRCS_L_2026-04-06_1,2026-06-05 13:45:42,1
ce6a5c59,cmm,Measurement,Produksi,CRCS L,K1AL L1,B059,Posisi Y,4,06 Apr 2026,1,-0.307,,,,,Open,K1AL_L1_CRCS_L_2026-04-06_1,2026-06-05 13:45:42,1
00fc2553,cmm,Measurement,Produksi,CRCS L,K1AL L1,B073,Posisi X,3,06 Apr 2026,1,-0.203,,,,,Open,K1AL_L1_CRCS_L_2026-04-06_1,2026-06-05 13:45:42,1
b67c40e5,cmm,Measurement,Produksi,CRCS L,K1AL L1,B073,Posisi Y,3,06 Apr 2026,1,-0.203,,,,,Open,K1AL_L1_CRCS_L_2026-04-06_1,2026-06-05 13:45:42,0
0b1da4b9,cmm,Measurement,Produksi,CRCS L,K1AL L1,B075,Posisi X,1,06 Apr 2026,1,-0.282,,,,,Open,K1AL_L1_CRCS_L_2026-04-06_1,2026-06-05 13:45:42,1
58e20886,cmm,Measurement,Produksi,CRCS L,K1AL L1,B075,Posisi X,2,06 Apr 2026,1,-0.254,,,,,Open,K1AL_L1_CRCS_L_2026-04-06_1,2026-06-05 13:45:42,1
7f4537e5,cmm,Measurement,Produksi,CRCS L,K1AL L1,B075,Posisi X,6,06 Apr 2026,1,-0.26,,,,,Open,K1AL_L1_CRCS_L_2026-04-06_1,2026-06-05 13:45:43,1
ee51675c,cmm,Measurement,Produksi,CRCS L,K1AL L1,B075,Posisi Y,1,06 Apr 2026,1,-0.282,,,,,Open,K1AL_L1_CRCS_L_2026-04-06_1,2026-06-05 13:45:43,0
1b0fc166,cmm,Measurement,Produksi,CRCS L,K1AL L1,B075,Posisi Y,2,06 Apr 2026,1,-0.254,,,,,Open,K1AL_L1_CRCS_L_2026-04-06_1,2026-06-05 13:45:43,0
3b259b5c,cmm,Measurement,Produksi,CRCS L,K1AL L1,B075,Posisi Y,6,06 Apr 2026,1,-0.26,,,,,Open,K1AL_L1_CRCS_L_2026-04-06_1,2026-06-05 13:45:43,0
6326c322,cmm,Measurement,Produksi,CRCS L,K1AL L1,B078,Posisi X,1,06 Apr 2026,1,0.217,,,,,Open,K1AL_L1_CRCS_L_2026-04-06_1,2026-06-05 13:45:43,0
04877b88,cmm,Measurement,Produksi,CRCS L,K1AL L1,B078,Posisi Y,1,06 Apr 2026,1,0.217,,,,,Open,K1AL_L1_CRCS_L_2026-04-06_1,2026-06-05 13:45:43,0
21145ef4,cmm,Measurement,Produksi,CRCS L,K1AL L2,A006,Concentricity to m,2A,04 Jun 2026,1,0.034,,,,,Open,K1AL_L2_CRCS_L_2026-06-04_1,2026-06-05 13:50:11,0
b65dde9a,cmm,Measurement,Produksi,CRCS L,K1AL L2,A008,Distance From A006,2B,04 Jun 2026,1,0.056,,,,,Open,K1AL_L2_CRCS_L_2026-06-04_1,2026-06-05 13:50:11,0
927d0e79,cmm,Measurement,Produksi,CRCS L,K1AL L2,A041,Posisi X,2B,04 Jun 2026,1,0.271,,,,,Open,K1AL_L2_CRCS_L_2026-06-04_1,2026-06-05 13:50:11,0
2901c9e3,cmm,Measurement,Produksi,CRCS L,K1AL L2,A041,Posisi Y,2B,04 Jun 2026,1,0.271,,,,,Open,K1AL_L2_CRCS_L_2026-06-04_1,2026-06-05 13:50:11,0
516e93f5,cmm,Measurement,Produksi,CRCS L,K1AL L2,A043,Posisi X,2B,04 Jun 2026,1,-0.398,,,,,Open,K1AL_L2_CRCS_L_2026-06-04_1,2026-06-05 13:50:11,1
5a9599b6,cmm,Measurement,Produksi,CRCS L,K1AL L2,A043,Posisi Y,2B,04 Jun 2026,1,-0.398,,,,,Open,K1AL_L2_CRCS_L_2026-06-04_1,2026-06-05 13:50:12,1
79047750,cmm,Measurement,Produksi,CRCS L,K1AL L2,A044,Posisi X,2B,04 Jun 2026,1,-0.278,,,,,Open,K1AL_L2_CRCS_L_2026-06-04_1,2026-06-05 13:50:12,1
6cd2932b,cmm,Measurement,Produksi,CRCS L,K1AL L2,A044,Posisi Y,2B,04 Jun 2026,1,-0.278,,,,,Open,K1AL_L2_CRCS_L_2026-06-04_1,2026-06-05 13:50:12,1
f18a6a33,cmm,Measurement,Produksi,CRCS L,K1AL L2,A045,Posisi X,2B,04 Jun 2026,1,-0.282,,,,,Open,K1AL_L2_CRCS_L_2026-06-04_1,2026-06-05 13:50:12,1
77046998,cmm,Measurement,Produksi,CRCS L,K1AL L2,A045,Posisi Y,2B,04 Jun 2026,1,-0.282,,,,,Open,K1AL_L2_CRCS_L_2026-06-04_1,2026-06-05 13:50:12,0
2469d1cf,cmm,Measurement,Produksi,CRCS L,K1AL L2,A152,Posisi Y Reamer 8H8,2B,04 Jun 2026,1,-0.087,,,,,Open,K1AL_L2_CRCS_L_2026-06-04_1,2026-06-05 13:50:12,0
dd12c969,cmm,Measurement,Produksi,CRCS L,K1AL L2,B017,Distance From B027,2B,04 Jun 2026,1,-0.178,,,,,Open,K1AL_L2_CRCS_L_2026-06-04_1,2026-06-05 13:50:12,0
82fb2f03,cmm,Measurement,Produksi,CRCS L,K1AL L2,B017,Position To f & g,2A,04 Jun 2026,1,0.219,,,,,Open,K1AL_L2_CRCS_L_2026-06-04_1,2026-06-05 13:50:12,0
4f5f25e7,cmm,Measurement,Produksi,CRCS L,K1AL L2,B018,Position To f & g,2B,04 Jun 2026,1,0.376,,,,,Open,K1AL_L2_CRCS_L_2026-06-04_1,2026-06-05 13:50:12,1
99d3ca72,cmm,Measurement,Produksi,CRCS L,K1AL L2,B024,Posisi Y,2A,04 Jun 2026,1,-0.293,,,,,Open,K1AL_L2_CRCS_L_2026-06-04_1,2026-06-05 13:50:12,0
13aed542,cmm,Measurement,Produksi,CRCS L,K1AL L2,B051,Posisi X,2A,04 Jun 2026,1,-0.332,,,,,Open,K1AL_L2_CRCS_L_2026-06-04_1,2026-06-05 13:50:13,1
c85653ac,cmm,Measurement,Produksi,CRCS L,K1AL L2,B051,Posisi Y,2A,04 Jun 2026,1,-0.332,,,,,Open,K1AL_L2_CRCS_L_2026-06-04_1,2026-06-05 13:50:13,0
5b580167,cmm,Measurement,Produksi,CRCS L,K1AL L2,B052,Posisi X,2A,04 Jun 2026,1,-0.29,,,,,Open,K1AL_L2_CRCS_L_2026-06-04_1,2026-06-05 13:50:13,1
5059a639,cmm,Measurement,Produksi,CRCS L,K1AL L2,B052,Posisi Y,2A,04 Jun 2026,1,-0.29,,,,,Open,K1AL_L2_CRCS_L_2026-06-04_1,2026-06-05 13:50:13,0
3a625fc7,cmm,Measurement,Produksi,CRCS L,K1AL L2,B053,Posisi X,2A,04 Jun 2026,1,-0.239,,,,,Open,K1AL_L2_CRCS_L_2026-06-04_1,2026-06-05 13:50:13,1
24b34b05,cmm,Measurement,Produksi,CRCS L,K1AL L2,B053,Posisi Y,2A,04 Jun 2026,1,-0.239,,,,,Open,K1AL_L2_CRCS_L_2026-06-04_1,2026-06-05 13:50:13,0
edc28206,cmm,Measurement,Produksi,CRCS L,K1AL L2,B060,Posisi X,2A,04 Jun 2026,1,0.268,,,,,Open,K1AL_L2_CRCS_L_2026-06-04_1,2026-06-05 13:50:13,1
414aa427,cmm,Measurement,Produksi,CRCS L,K1AL L2,B060,Posisi Y,2A,04 Jun 2026,1,0.268,,,,,Open,K1AL_L2_CRCS_L_2026-06-04_1,2026-06-05 13:50:13,1
278d378c,cmm,Measurement,Produksi,CRCS L,K1AL L2,B071,Posisi X,2B,04 Jun 2026,1,0.226,,,,,Open,K1AL_L2_CRCS_L_2026-06-04_1,2026-06-05 13:50:14,1
e3064d0e,cmm,Measurement,Produksi,CRCS L,K1AL L2,B071,Posisi Y,2B,04 Jun 2026,1,0.226,,,,,Open,K1AL_L2_CRCS_L_2026-06-04_1,2026-06-05 13:50:14,0
abaf9d47,cmm,Measurement,Produksi,CRCS L,K1AL L2,B072,Posisi X,2B,04 Jun 2026,1,0.212,,,,,Open,K1AL_L2_CRCS_L_2026-06-04_1,2026-06-05 13:50:14,1
7171e82e,cmm,Measurement,Produksi,CRCS L,K1AL L2,B072,Posisi Y,2B,04 Jun 2026,1,0.212,,,,,Open,K1AL_L2_CRCS_L_2026-06-04_1,2026-06-05 13:50:14,0
9686acf0,cmm,Measurement,Produksi,CRCS L,K1AL L2,B073,Posisi X,2A,04 Jun 2026,1,-0.297,,,,,Open,K1AL_L2_CRCS_L_2026-06-04_1,2026-06-05 13:50:14,1
a0bb3e20,cmm,Measurement,Produksi,CRCS L,K1AL L2,B073,Posisi Y,2A,04 Jun 2026,1,-0.297,,,,,Open,K1AL_L2_CRCS_L_2026-06-04_1,2026-06-05 13:50:14,0
0542ce1b,cmm,Measurement,Produksi,CRCS L,K1AL L2,B074,Posisi X,2A,04 Jun 2026,1,-0.293,,,,,Open,K1AL_L2_CRCS_L_2026-06-04_1,2026-06-05 13:50:14,1
51682ed4,cmm,Measurement,Produksi,CRCS L,K1AL L2,B074,Posisi Y,2A,04 Jun 2026,1,-0.293,,,,,Open,K1AL_L2_CRCS_L_2026-06-04_1,2026-06-05 13:50:14,0
ce1d2e98,cmm,Measurement,Produksi,CRCS L,K1AL L2,B078,Posisi X,2A,04 Jun 2026,1,-0.301,,,,,Open,K1AL_L2_CRCS_L_2026-06-04_1,2026-06-05 13:50:14,1
f2a3be7f,cmm,Measurement,Produksi,CRCS L,K1AL L2,B078,Posisi Y,2A,04 Jun 2026,1,-0.301,,,,,Open,K1AL_L2_CRCS_L_2026-06-04_1,2026-06-05 13:50:14,1
f2f62363,cmm,Measurement,Produksi,CRCS L,K1AL L2,B082,Posisi X,2B,04 Jun 2026,1,0.113,,,,,Open,K1AL_L2_CRCS_L_2026-06-04_1,2026-06-05 13:50:15,1
6afe58c2,cmm,Measurement,Produksi,CRCS L,K1AL L2,B082,Posisi Y,2B,04 Jun 2026,1,0.113,,,,,Open,K1AL_L2_CRCS_L_2026-06-04_1,2026-06-05 13:50:15,0
bc250fb3,cmm,Measurement,Produksi,CRCS L,K60,A040,POSISI X,4L,04 Jun 2026,1,0.259,,,,,Open,K60_CRCS_L_2026-06-04_1,2026-06-05 13:50:48,0
3c2029d1,cmm,Measurement,Produksi,CRCS L,K60,A040,POSISI X,4R,04 Jun 2026,1,0.226,,,,,Open,K60_CRCS_L_2026-06-04_1,2026-06-05 13:50:48,1
627d1e89,cmm,Measurement,Produksi,CRCS L,K60,A040,POSISI Y,4L,04 Jun 2026,1,0.259,,,,,Open,K60_CRCS_L_2026-06-04_1,2026-06-05 13:50:48,1
f51e2229,cmm,Measurement,Produksi,CRCS L,K60,A040,POSISI Y,4R,04 Jun 2026,1,0.226,,,,,Open,K60_CRCS_L_2026-06-04_1,2026-06-05 13:50:48,0
5e79c6a4,cmm,Measurement,Produksi,CRCS L,K60,A041,POSISI X,4R,04 Jun 2026,1,0.228,,,,,Open,K60_CRCS_L_2026-06-04_1,2026-06-05 13:50:48,1
46aa37af,cmm,Measurement,Produksi,CRCS L,K60,A041,POSISI Y,4R,04 Jun 2026,1,0.228,,,,,Open,K60_CRCS_L_2026-06-04_1,2026-06-05 13:50:48,0
3b0af98d,cmm,Measurement,Produksi,CRCS L,K60,A043,POSISI X,4L,04 Jun 2026,1,0.208,,,,,Open,K60_CRCS_L_2026-06-04_1,2026-06-05 13:50:49,0
c663b721,cmm,Measurement,Produksi,CRCS L,K60,A043,POSISI X,4R,04 Jun 2026,1,0.265,,,,,Open,K60_CRCS_L_2026-06-04_1,2026-06-05 13:50:49,0
52b692b4,cmm,Measurement,Produksi,CRCS L,K60,A043,POSISI Y,4L,04 Jun 2026,1,0.208,,,,,Open,K60_CRCS_L_2026-06-04_1,2026-06-05 13:50:49,0
3573c577,cmm,Measurement,Produksi,CRCS L,K60,A043,POSISI Y,4R,04 Jun 2026,1,0.265,,,,,Open,K60_CRCS_L_2026-06-04_1,2026-06-05 13:50:49,1
66fb3f81,cmm,Measurement,Produksi,CRCS L,K60,A045,POSISI X,4L,04 Jun 2026,1,0.231,,,,,Open,K60_CRCS_L_2026-06-04_1,2026-06-05 13:50:49,0
5f2efbf0,cmm,Measurement,Produksi,CRCS L,K60,A045,POSISI X,4R,04 Jun 2026,1,0.233,,,,,Open,K60_CRCS_L_2026-06-04_1,2026-06-05 13:50:49,0
dfb5bd6a,cmm,Measurement,Produksi,CRCS L,K60,A045,POSISI Y,4L,04 Jun 2026,1,0.231,,,,,Open,K60_CRCS_L_2026-06-04_1,2026-06-05 13:50:49,0
c76447ca,cmm,Measurement,Produksi,CRCS L,K60,A045,POSISI Y,4R,04 Jun 2026,1,0.233,,,,,Open,K60_CRCS_L_2026-06-04_1,2026-06-05 13:50:49,1
d8b504df,cmm,Measurement,Produksi,CRCS L,K60,A046,POSISI X,4R,04 Jun 2026,1,0.281,,,,,Open,K60_CRCS_L_2026-06-04_1,2026-06-05 13:50:49,1
ae7e9f57,cmm,Measurement,Produksi,CRCS L,K60,A046,POSISI Y,4R,04 Jun 2026,1,0.281,,,,,Open,K60_CRCS_L_2026-06-04_1,2026-06-05 13:50:49,0
77723b3c,cmm,Measurement,Produksi,CRCS L,K60,A050,POSISI X,4L,04 Jun 2026,1,-0.232,,,,,Open,K60_CRCS_L_2026-06-04_1,2026-06-05 13:50:50,0
947f7002,cmm,Measurement,Produksi,CRCS L,K60,A050,POSISI X,4R,04 Jun 2026,1,-0.23,,,,,Open,K60_CRCS_L_2026-06-04_1,2026-06-05 13:50:50,1
b1119fe5,cmm,Measurement,Produksi,CRCS L,K60,A050,POSISI Y,4L,04 Jun 2026,1,-0.232,,,,,Open,K60_CRCS_L_2026-06-04_1,2026-06-05 13:50:50,0
1f0102e5,cmm,Measurement,Produksi,CRCS L,K60,A050,POSISI Y,4R,04 Jun 2026,1,-0.23,,,,,Open,K60_CRCS_L_2026-06-04_1,2026-06-05 13:50:50,1
bee64d6e,cmm,Measurement,Produksi,CRCS L,K60,A071,POSISI X,4L,04 Jun 2026,1,0.227,,,,,Open,K60_CRCS_L_2026-06-04_1,2026-06-05 13:50:50,1
fb6826f2,cmm,Measurement,Produksi,CRCS L,K60,A071,POSISI Y,4L,04 Jun 2026,1,0.227,,,,,Open,K60_CRCS_L_2026-06-04_1,2026-06-05 13:50:50,0
17653ac8,cmm,Measurement,Produksi,CRCS L,K60,A151,POSISI X,4L,04 Jun 2026,1,0.054,,,,,Open,K60_CRCS_L_2026-06-04_1,2026-06-05 13:50:50,1
fa84e33d,cmm,Measurement,Produksi,CRCS L,K60,A151,POSISI X,4R,04 Jun 2026,1,0.052,,,,,Open,K60_CRCS_L_2026-06-04_1,2026-06-05 13:50:50,1
ac143d2a,cmm,Measurement,Produksi,CRCS L,K60,A151,POSISI Y,4L,04 Jun 2026,1,0.054,,,,,Open,K60_CRCS_L_2026-06-04_1,2026-06-05 13:50:50,0
2be82aa8,cmm,Measurement,Produksi,CRCS L,K60,A151,POSISI Y,4R,04 Jun 2026,1,0.052,,,,,Open,K60_CRCS_L_2026-06-04_1,2026-06-05 13:50:51,0
73b1d549,cmm,Measurement,Produksi,CRCS L,K60,A151,POSISI X TAP,4R,04 Jun 2026,1,0.217,,,,,Open,K60_CRCS_L_2026-06-04_1,2026-06-05 13:50:51,1
0ffe566e,cmm,Measurement,Produksi,CRCS L,K60,A151,POSISI Y TAP,4R,04 Jun 2026,1,0.217,,,,,Open,K60_CRCS_L_2026-06-04_1,2026-06-05 13:50:51,0
45f65d6c,cmm,Measurement,Produksi,CRCS L,K60,A152,POSISI X TAP,4R,04 Jun 2026,1,0.206,,,,,Open,K60_CRCS_L_2026-06-04_1,2026-06-05 13:50:51,1
eda4d95f,cmm,Measurement,Produksi,CRCS L,K60,A152,POSISI Y TAP,4R,04 Jun 2026,1,0.206,,,,,Open,K60_CRCS_L_2026-06-04_1,2026-06-05 13:50:51,0
d6f22f62,cmm,Measurement,Produksi,CRCS L,K60,A153,POSISI X,4R,04 Jun 2026,1,-0.156,,,,,Open,K60_CRCS_L_2026-06-04_1,2026-06-05 13:50:51,0
6d65072c,cmm,Measurement,Produksi,CRCS L,K60,A153,HEIGHT SPOT FACE,4L,04 Jun 2026,1,0.198,,,,,Open,K60_CRCS_L_2026-06-04_1,2026-06-05 13:50:51,0
3f43fe2f,cmm,Measurement,Produksi,CRCS L,K60,A153,HEIGHT SPOT FACE,4R,04 Jun 2026,1,0.195,,,,,Open,K60_CRCS_L_2026-06-04_1,2026-06-05 13:50:51,0
06f60f35,cmm,Measurement,Produksi,CRCS L,K60,B011,POSISI X,4R,04 Jun 2026,1,0.1,,,,,Open,K60_CRCS_L_2026-06-04_1,2026-06-05 13:50:51,1
56d85e09,cmm,Measurement,Produksi,CRCS L,K60,B011,POSISI Y,4R,04 Jun 2026,1,0.1,,,,,Open,K60_CRCS_L_2026-06-04_1,2026-06-05 13:50:52,0
9adf983f,cmm,Measurement,Produksi,CRCS L,K60,B012,POSISI X DARI B011,4R,04 Jun 2026,1,-0.078,,,,,Open,K60_CRCS_L_2026-06-04_1,2026-06-05 13:50:52,1
acdc9a86,cmm,Measurement,Produksi,CRCS L,K60,B012,POSISI Y DARI B011,4R,04 Jun 2026,1,-0.078,,,,,Open,K60_CRCS_L_2026-06-04_1,2026-06-05 13:50:52,0
a881387b,cmm,Measurement,Produksi,CRCS L,K60,B012,POSISI X DARI B011 Tap,4R,04 Jun 2026,1,-0.228,,,,,Open,K60_CRCS_L_2026-06-04_1,2026-06-05 13:50:52,1
006f8f74,cmm,Measurement,Produksi,CRCS L,K60,B012,POSISI Y DARI B011 Tap,4R,04 Jun 2026,1,-0.228,,,,,Open,K60_CRCS_L_2026-06-04_1,2026-06-05 13:50:52,0
d3e2d7f0,cmm,Measurement,Produksi,CRCS L,K60,B026,POSISI X,4L,04 Jun 2026,1,0.323,,,,,Open,K60_CRCS_L_2026-06-04_1,2026-06-05 13:50:52,1
7413cf5b,cmm,Measurement,Produksi,CRCS L,K60,B026,POSISI X,4R,04 Jun 2026,1,0.319,,,,,Open,K60_CRCS_L_2026-06-04_1,2026-06-05 13:50:52,1
8e286541,cmm,Measurement,Produksi,CRCS L,K60,B026,POSISI Y,4L,04 Jun 2026,1,0.323,,,,,Open,K60_CRCS_L_2026-06-04_1,2026-06-05 13:50:53,0
76de6365,cmm,Measurement,Produksi,CRCS L,K60,B026,POSISI Y,4R,04 Jun 2026,1,0.319,,,,,Open,K60_CRCS_L_2026-06-04_1,2026-06-05 13:50:53,0
b1d17884,cmm,Measurement,Produksi,CRCS L,K60,B056,POSISI X,4R,04 Jun 2026,1,-0.218,,,,,Open,K60_CRCS_L_2026-06-04_1,2026-06-05 13:50:53,1
7cd13e19,cmm,Measurement,Produksi,CRCS L,K60,B056,POSISI Y,4R,04 Jun 2026,1,-0.218,,,,,Open,K60_CRCS_L_2026-06-04_1,2026-06-05 13:50:53,1
9b9aed53,cmm,Measurement,Produksi,CRCS L,K60,B065,POSISI X,4L,04 Jun 2026,1,0.268,,,,,Open,K60_CRCS_L_2026-06-04_1,2026-06-05 13:50:53,1
17d48555,cmm,Measurement,Produksi,CRCS L,K60,B065,POSISI Y,4L,04 Jun 2026,1,0.268,,,,,Open,K60_CRCS_L_2026-06-04_1,2026-06-05 13:50:53,1
5adf83e3,cmm,Measurement,Produksi,CRCS L,K2SA,A000-1,FLATNESS SURFACE,5A,04 Jun 2026,1,0.006,,,,,Open,K2SA_CRCS_L_2026-06-04_1,2026-06-05 13:51:21,0
c3b0dc5d,cmm,Measurement,Produksi,CRCS L,K2SA,A005,PERPENDICULARITY TERHADAP A000-1,5A,04 Jun 2026,1,0.029,,,,,Open,K2SA_CRCS_L_2026-06-04_1,2026-06-05 13:51:22,0
9181b45d,cmm,Measurement,Produksi,CRCS L,K2SA,A020,POSITION X FROM A006,5A,04 Jun 2026,1,-0.16,,,,,Open,K2SA_CRCS_L_2026-06-04_1,2026-06-05 13:51:22,1
de6ef99c,cmm,Measurement,Produksi,CRCS L,K2SA,A020,POSITION Y FROM A006,5A,04 Jun 2026,1,-0.16,,,,,Open,K2SA_CRCS_L_2026-06-04_1,2026-06-05 13:51:22,0
a1727826,cmm,Measurement,Produksi,CRCS L,K2SA,A038,POSITION X FROM A006,5A,04 Jun 2026,1,0.239,,,,,Open,K2SA_CRCS_L_2026-06-04_1,2026-06-05 13:51:22,0
7022bc7a,cmm,Measurement,Produksi,CRCS L,K2SA,A038,POSITION Y FROM A006,5A,04 Jun 2026,1,0.239,,,,,Open,K2SA_CRCS_L_2026-06-04_1,2026-06-05 13:51:22,0
c5211a89,cmm,Measurement,Produksi,CRCS L,K2SA,A043,POSITION X,5A,04 Jun 2026,1,-0.243,,,,,Open,K2SA_CRCS_L_2026-06-04_1,2026-06-05 13:51:22,0
b3ec8cbb,cmm,Measurement,Produksi,CRCS L,K2SA,A043,POSITION Y,5A,04 Jun 2026,1,-0.243,,,,,Open,K2SA_CRCS_L_2026-06-04_1,2026-06-05 13:51:22,1
7e9b50ba,cmm,Measurement,Produksi,CRCS L,K2SA,A064,"DISTANCE FROM FACE COMP Ø 4,1",5A,04 Jun 2026,1,0.31,,,,,Open,K2SA_CRCS_L_2026-06-04_1,2026-06-05 13:51:22,0
ac536951,cmm,Measurement,Produksi,CRCS L,K2SA,A066,DISTANCE FROM O1,5A,04 Jun 2026,1,0.173,,,,,Open,K2SA_CRCS_L_2026-06-04_1,2026-06-05 13:51:22,1
4b99f380,cmm,Measurement,Produksi,CRCS L,K2SA,A067,DISTANCE FROM O1,5A,04 Jun 2026,1,0.188,,,,,Open,K2SA_CRCS_L_2026-06-04_1,2026-06-05 13:51:22,1
c1c7b311,cmm,Measurement,Produksi,CRCS L,K2SA,A071,POSITION X,5A,04 Jun 2026,1,0.202,,,,,Open,K2SA_CRCS_L_2026-06-04_1,2026-06-05 13:51:23,1
05c102a9,cmm,Measurement,Produksi,CRCS L,K2SA,A071,POSITION Y,5A,04 Jun 2026,1,0.202,,,,,Open,K2SA_CRCS_L_2026-06-04_1,2026-06-05 13:51:23,0
b13fc7f8,cmm,Measurement,Produksi,CRCS L,K2SA,A154,DISTANCE Z FROM A000.2,5A,04 Jun 2026,1,-0.232,,,,,Open,K2SA_CRCS_L_2026-06-04_1,2026-06-05 13:51:23,0
ac8eb367,cmm,Measurement,Produksi,CRCS L,K2SA,A155,DISTANCE Z FROM A154,5A,04 Jun 2026,1,-0.203,,,,,Open,K2SA_CRCS_L_2026-06-04_1,2026-06-05 13:51:23,0
b0a9b025,cmm,Measurement,Produksi,CRCS L,K2SA,A155,SURFACE HEIGHT FROM A008,5A,04 Jun 2026,1,0.322,,,,,Open,K2SA_CRCS_L_2026-06-04_1,2026-06-05 13:51:23,1
22329654,cmm,Measurement,Produksi,CRCS L,K2SA,A155,DISTANCE Y FROM A008,5A,04 Jun 2026,1,0.345,,,,,Open,K2SA_CRCS_L_2026-06-04_1,2026-06-05 13:51:23,0
5f333297,cmm,Measurement,Produksi,CRCS L,K2SA,B012,"POSITION X Ø5,45",5A,04 Jun 2026,1,0.299,,,,,Open,K2SA_CRCS_L_2026-06-04_1,2026-06-05 13:51:23,1
6f9f42ef,cmm,Measurement,Produksi,CRCS L,K2SA,B012,"POSITION Y Ø5,45",5A,04 Jun 2026,1,0.299,,,,,Open,K2SA_CRCS_L_2026-06-04_1,2026-06-05 13:51:23,0
a82e4d4b,cmm,Measurement,Produksi,CRCS L,K2SA,B051,POSITION X,5A,04 Jun 2026,1,-0.357,,,,,Open,K2SA_CRCS_L_2026-06-04_1,2026-06-05 13:51:23,1
ee1c7c1f,cmm,Measurement,Produksi,CRCS L,K2SA,B051,POSITION Y,5A,04 Jun 2026,1,-0.357,,,,,Open,K2SA_CRCS_L_2026-06-04_1,2026-06-05 13:51:23,0
0486a8fa,cmm,Measurement,Produksi,CRCS L,K2SA,B052,POSITION X,5A,04 Jun 2026,1,-0.262,,,,,Open,K2SA_CRCS_L_2026-06-04_1,2026-06-05 13:51:24,1
a53b252b,cmm,Measurement,Produksi,CRCS L,K2SA,B052,POSITION Y,5A,04 Jun 2026,1,-0.262,,,,,Open,K2SA_CRCS_L_2026-06-04_1,2026-06-05 13:51:24,1
fcecd162,cmm,Measurement,Produksi,CRCS L,K2SA,B053,POSITION X,5A,04 Jun 2026,1,0.34,,,,,Open,K2SA_CRCS_L_2026-06-04_1,2026-06-05 13:51:24,1
34d3309b,cmm,Measurement,Produksi,CRCS L,K2SA,B053,POSITION Y,5A,04 Jun 2026,1,0.34,,,,,Open,K2SA_CRCS_L_2026-06-04_1,2026-06-05 13:51:24,0
3e864c61,cmm,Measurement,Produksi,CRCS L,K2SA,B055,POSITION X,5A,04 Jun 2026,1,0.306,,,,,Open,K2SA_CRCS_L_2026-06-04_1,2026-06-05 13:51:24,1
f2ecf92b,cmm,Measurement,Produksi,CRCS L,K2SA,B055,POSITION Y,5A,04 Jun 2026,1,0.306,,,,,Open,K2SA_CRCS_L_2026-06-04_1,2026-06-05 13:51:24,0
a5953e83,cmm,Measurement,Produksi,CRCS L,K2SA,B056,POSITION X,5A,04 Jun 2026,1,0.368,,,,,Open,K2SA_CRCS_L_2026-06-04_1,2026-06-05 13:51:24,1
3bb192e2,cmm,Measurement,Produksi,CRCS L,K2SA,B056,POSITION Y,5A,04 Jun 2026,1,0.368,,,,,Open,K2SA_CRCS_L_2026-06-04_1,2026-06-05 13:51:24,0
619fd315,cmm,Measurement,Produksi,CRCS L,K2SA,B057,POSITION X,5A,04 Jun 2026,1,0.309,,,,,Open,K2SA_CRCS_L_2026-06-04_1,2026-06-05 13:51:24,1
23a7db30,cmm,Measurement,Produksi,CRCS L,K2SA,B057,POSITION Y,5A,04 Jun 2026,1,0.309,,,,,Open,K2SA_CRCS_L_2026-06-04_1,2026-06-05 13:51:24,0
912499d8,cmm,Measurement,Produksi,CRCS L,K2SA,B058,POSITION X,5A,04 Jun 2026,1,0.357,,,,,Open,K2SA_CRCS_L_2026-06-04_1,2026-06-05 13:51:25,1
76df168d,cmm,Measurement,Produksi,CRCS L,K2SA,B058,POSITION Y,5A,04 Jun 2026,1,0.357,,,,,Open,K2SA_CRCS_L_2026-06-04_1,2026-06-05 13:51:25,0
52eebf14,cmm,Measurement,Produksi,CRCS L,K2SA,B060,POSITION X,5A,04 Jun 2026,1,0.294,,,,,Open,K2SA_CRCS_L_2026-06-04_1,2026-06-05 13:51:25,1
9e99d6fe,cmm,Measurement,Produksi,CRCS L,K2SA,B060,POSITION Y,5A,04 Jun 2026,1,0.294,,,,,Open,K2SA_CRCS_L_2026-06-04_1,2026-06-05 13:51:25,0
b2fc05ae,cmm,Measurement,Produksi,CRCS L,K2SA,B061,POSITION X,5A,04 Jun 2026,1,0.41,,,,,Open,K2SA_CRCS_L_2026-06-04_1,2026-06-05 13:51:25,1
25e63706,cmm,Measurement,Produksi,CRCS L,K2SA,B061,POSITION Y,5A,04 Jun 2026,1,0.41,,,,,Open,K2SA_CRCS_L_2026-06-04_1,2026-06-05 13:51:25,0
d8486152,cmm,Measurement,Produksi,CRCS L,K2SA,B062,POSITION X,5A,04 Jun 2026,1,0.367,,,,,Open,K2SA_CRCS_L_2026-06-04_1,2026-06-05 13:51:25,1
ac7efade,cmm,Measurement,Produksi,CRCS L,K2SA,B062,POSITION Y,5A,04 Jun 2026,1,0.367,,,,,Open,K2SA_CRCS_L_2026-06-04_1,2026-06-05 13:51:25,1
f7a980c1,cmm,Measurement,Produksi,CRCS L,K2SA,B066,POSITION X,5A,04 Jun 2026,1,0.393,,,,,Open,K2SA_CRCS_L_2026-06-04_1,2026-06-05 13:51:25,1
bfdff191,cmm,Measurement,Produksi,CRCS L,K2SA,B066,POSITION Y,5A,04 Jun 2026,1,0.393,,,,,Open,K2SA_CRCS_L_2026-06-04_1,2026-06-05 13:51:26,0
ca5f32e8,cmm,Measurement,Produksi,CRCS R,K1AL L3,C016,Diameter,BL,08 Apr 2026,1,-0.276,,,,,Open,K1AL_L3_CRCS_R_2026-04-08_1,2026-06-05 13:52:40,0
c8ac2c97,cmm,Measurement,Produksi,CRCS R,K1AL L3,C016,Posisi X,AR,08 Apr 2026,1,0.193,,,,,Open,K1AL_L3_CRCS_R_2026-04-08_1,2026-06-05 13:52:41,0
5c1a5f4f,cmm,Measurement,Produksi,CRCS R,K1AL L3,C016,Posisi X,BL,08 Apr 2026,1,-0.276,,,,,Open,K1AL_L3_CRCS_R_2026-04-08_1,2026-06-05 13:52:41,1
0c4763a0,cmm,Measurement,Produksi,CRCS R,K1AL L3,C016,Posisi Y,BL,08 Apr 2026,1,-0.276,,,,,Open,K1AL_L3_CRCS_R_2026-04-08_1,2026-06-05 13:52:41,0
82ad6f8c,cmm,Measurement,Produksi,CRCS R,K1AL L3,C041,Posisi X,AL,08 Apr 2026,1,0.202,,,,,Open,K1AL_L3_CRCS_R_2026-04-08_1,2026-06-05 13:52:41,1
755ebaf4,cmm,Measurement,Produksi,CRCS R,K1AL L3,C041,Posisi Y,AL,08 Apr 2026,1,0.202,,,,,Open,K1AL_L3_CRCS_R_2026-04-08_1,2026-06-05 13:52:41,0
e93dc66a,cmm,Measurement,Produksi,CRCS R,K1AL L3,C043,Posisi X,BR,08 Apr 2026,1,-0.206,,,,,Open,K1AL_L3_CRCS_R_2026-04-08_1,2026-06-05 13:52:41,1
cd5812ab,cmm,Measurement,Produksi,CRCS R,K1AL L3,C043,Posisi Y,BR,08 Apr 2026,1,-0.206,,,,,Open,K1AL_L3_CRCS_R_2026-04-08_1,2026-06-05 13:52:41,1
1d8e4ef3,cmm,Measurement,Produksi,CRCS R,K1AL L3,C158,Posisi X,AR,08 Apr 2026,1,-0.115,,,,,Open,K1AL_L3_CRCS_R_2026-04-08_1,2026-06-05 13:52:41,0
deeaf099,cmm,Measurement,Produksi,CRCS R,K1AL L3,C158,Posisi X,BL,08 Apr 2026,1,0.2,,,,,Open,K1AL_L3_CRCS_R_2026-04-08_1,2026-06-05 13:52:41,1
06e3164e,cmm,Measurement,Produksi,CRCS R,K1AL L3,C158,Posisi X,BR,08 Apr 2026,1,0.135,,,,,Open,K1AL_L3_CRCS_R_2026-04-08_1,2026-06-05 13:52:41,0
a7b3e747,cmm,Measurement,Produksi,CRCS R,K1AL L3,C158,Posisi Y,AR,08 Apr 2026,1,-0.115,,,,,Open,K1AL_L3_CRCS_R_2026-04-08_1,2026-06-05 13:52:41,0
5b46e3a5,cmm,Measurement,Produksi,CRCS R,K1AL L3,C158,Posisi Y,BL,08 Apr 2026,1,0.2,,,,,Open,K1AL_L3_CRCS_R_2026-04-08_1,2026-06-05 13:52:41,0
797f5922,cmm,Measurement,Produksi,CRCS R,K1AL L3,C158,Posisi Y,BR,08 Apr 2026,1,0.135,,,,,Open,K1AL_L3_CRCS_R_2026-04-08_1,2026-06-05 13:52:41,0
e25273e8,cmm,Measurement,Produksi,CRCS R,K1AL L3,C160,Posisi X,AL,08 Apr 2026,1,-0.523,,,,,Open,K1AL_L3_CRCS_R_2026-04-08_1,2026-06-05 13:52:42,1
c09d2e13,cmm,Measurement,Produksi,CRCS R,K1AL L3,C160,Posisi X,AR,08 Apr 2026,1,-0.56,,,,,Open,K1AL_L3_CRCS_R_2026-04-08_1,2026-06-05 13:52:42,1
ff05235d,cmm,Measurement,Produksi,CRCS R,K1AL L3,C160,Posisi X,BR,08 Apr 2026,1,-0.621,,,,,Open,K1AL_L3_CRCS_R_2026-04-08_1,2026-06-05 13:52:42,1
79b93e09,cmm,Measurement,Produksi,CRCS R,K1AL L3,C160,Posisi Y,AL,08 Apr 2026,1,-0.523,,,,,Open,K1AL_L3_CRCS_R_2026-04-08_1,2026-06-05 13:52:42,1
41b0e131,cmm,Measurement,Produksi,CRCS R,K1AL L3,C160,Posisi Y,AR,08 Apr 2026,1,-0.56,,,,,Open,K1AL_L3_CRCS_R_2026-04-08_1,2026-06-05 13:52:42,1
be18706a,cmm,Measurement,Produksi,CRCS R,K1AL L3,C160,Posisi Y,BR,08 Apr 2026,1,-0.621,,,,,Open,K1AL_L3_CRCS_R_2026-04-08_1,2026-06-05 13:52:42,0
13f83e56,cmm,Measurement,Produksi,CRCS R,K1AL L3,C163,Posisi X,AL,08 Apr 2026,1,-0.302,,,,,Open,K1AL_L3_CRCS_R_2026-04-08_1,2026-06-05 13:52:42,1
bf2b99b3,cmm,Measurement,Produksi,CRCS R,K1AL L3,C163,Posisi X,AR,08 Apr 2026,1,-0.272,,,,,Open,K1AL_L3_CRCS_R_2026-04-08_1,2026-06-05 13:52:42,1
7fcae4be,cmm,Measurement,Produksi,CRCS R,K1AL L3,C163,Posisi Y,AL,08 Apr 2026,1,-0.302,,,,,Open,K1AL_L3_CRCS_R_2026-04-08_1,2026-06-05 13:52:42,0
0932c3b2,cmm,Measurement,Produksi,CRCS R,K1AL L3,C163,Posisi Y,AR,08 Apr 2026,1,-0.272,,,,,Open,K1AL_L3_CRCS_R_2026-04-08_1,2026-06-05 13:52:42,0
1282faa6,cmm,Measurement,Produksi,CRCS R,K1AL L3,D005,Concentricity to f,AL,08 Apr 2026,1,0.122,,,,,Open,K1AL_L3_CRCS_R_2026-04-08_1,2026-06-05 13:52:42,0
f0e2e7d0,cmm,Measurement,Produksi,CRCS R,K1AL L3,D005,Concentricity to f,AR,08 Apr 2026,1,0.109,,,,,Open,K1AL_L3_CRCS_R_2026-04-08_1,2026-06-05 13:52:42,0
22bc3d79,cmm,Measurement,Produksi,CRCS R,K1AL L3,D013,Angle From D014,AR,08 Apr 2026,1,0.588,,,,,Open,K1AL_L3_CRCS_R_2026-04-08_1,2026-06-05 13:52:42,0
ae7de269,cmm,Measurement,Produksi,CRCS R,K1AL L3,D013,Angle From D014,BL,08 Apr 2026,1,0.526,,,,,Open,K1AL_L3_CRCS_R_2026-04-08_1,2026-06-05 13:52:42,0
eac16b30,cmm,Measurement,Produksi,CRCS R,K1AL L3,D015,Angle From D014,BR,08 Apr 2026,1,0.516,,,,,Open,K1AL_L3_CRCS_R_2026-04-08_1,2026-06-05 13:52:42,0
23dc457e,cmm,Measurement,Produksi,CRCS R,K1AL L3,D033,Angle 2,BL,08 Apr 2026,1,3.039,,,,,Open,K1AL_L3_CRCS_R_2026-04-08_1,2026-06-05 13:52:42,0
697e2de6,cmm,Measurement,Produksi,CRCS R,K1AL L3,D033,Angle 2,BR,08 Apr 2026,1,3.06,,,,,Open,K1AL_L3_CRCS_R_2026-04-08_1,2026-06-05 13:52:42,0
16ce25ab,cmm,Measurement,Produksi,CRCS R,K1AL L3,D087,Angle 2,AL,08 Apr 2026,1,-3.301,,,,,Open,K1AL_L3_CRCS_R_2026-04-08_1,2026-06-05 13:52:42,0
f85484eb,cmm,Measurement,Produksi,CRCS R,K1AL L3,D087,Angle 2,AR,08 Apr 2026,1,-3.382,,,,,Open,K1AL_L3_CRCS_R_2026-04-08_1,2026-06-05 13:52:42,0
09dd807a,cmm,Measurement,Produksi,CRCS R,K1AL L3,D087,Angle 1,AL,08 Apr 2026,1,8.398,,,,,Open,K1AL_L3_CRCS_R_2026-04-08_1,2026-06-05 13:52:43,0
811392f1,cmm,Measurement,Produksi,CRCS R,K1AL L3,D087,Angle 1,AR,08 Apr 2026,1,7.146,,,,,Open,K1AL_L3_CRCS_R_2026-04-08_1,2026-06-05 13:52:43,0
5bc93dde,cmm,Measurement,Produksi,CRCS R,K1AL L3,D087,Angle 1,BL,08 Apr 2026,1,-4.03,,,,,Open,K1AL_L3_CRCS_R_2026-04-08_1,2026-06-05 13:52:43,1
498bf634,cmm,Measurement,Produksi,CRCS R,K1AL L3,D087,Angle 1,BR,08 Apr 2026,1,-3.471,,,,,Open,K1AL_L3_CRCS_R_2026-04-08_1,2026-06-05 13:52:43,0
05e4cafe,cmm,Measurement,Produksi,CRCS R,K1AL L3,D087,Posisi X,AL,08 Apr 2026,1,-0.231,,,,,Open,K1AL_L3_CRCS_R_2026-04-08_1,2026-06-05 13:52:43,0
9dc12bbf,cmm,Measurement,Produksi,CRCS R,K1AL L3,D087,Posisi X,BR,08 Apr 2026,1,-0.209,,,,,Open,K1AL_L3_CRCS_R_2026-04-08_1,2026-06-05 13:52:43,0
323be965,cmm,Measurement,Produksi,CRCS R,K1AL L3,D087,Posisi Y,AL,08 Apr 2026,1,-0.231,,,,,Open,K1AL_L3_CRCS_R_2026-04-08_1,2026-06-05 13:52:43,1
c0c03c73,cmm,Measurement,Produksi,CRCS R,K1AL L3,D087,Posisi Y,BR,08 Apr 2026,1,-0.209,,,,,Open,K1AL_L3_CRCS_R_2026-04-08_1,2026-06-05 13:52:43,1
2c07fd0f,cmm,Measurement,Produksi,CRCS R,K1AL L3,D087,Posisi Z,AL,08 Apr 2026,1,-0.231,,,,,Open,K1AL_L3_CRCS_R_2026-04-08_1,2026-06-05 13:52:43,0
d1a221be,cmm,Measurement,Produksi,CRCS R,K1AL L3,D087,Posisi Z,BR,08 Apr 2026,1,-0.209,,,,,Open,K1AL_L3_CRCS_R_2026-04-08_1,2026-06-05 13:52:43,0
a78559a9,cmm,Measurement,Produksi,CRCS R,K1AL L3,D090,Posisi X,AR,08 Apr 2026,1,0.26,,,,,Open,K1AL_L3_CRCS_R_2026-04-08_1,2026-06-05 13:52:43,1
f5320672,cmm,Measurement,Produksi,CRCS R,K1AL L3,D090,Posisi Y,AR,08 Apr 2026,1,0.26,,,,,Open,K1AL_L3_CRCS_R_2026-04-08_1,2026-06-05 13:52:43,0
d410fe83,cmm,Measurement,Produksi,CRCS R,K1AL L3,D091,Posisi X,AR,08 Apr 2026,1,-0.241,,,,,Open,K1AL_L3_CRCS_R_2026-04-08_1,2026-06-05 13:52:43,1
1bdb161b,cmm,Measurement,Produksi,CRCS R,K1AL L3,D091,Posisi Y,AR,08 Apr 2026,1,-0.241,,,,,Open,K1AL_L3_CRCS_R_2026-04-08_1,2026-06-05 13:52:43,1
c66053a9,cmm,Measurement,Produksi,CRCS R,K1AL L3,D092,Posisi X,AR,08 Apr 2026,1,-0.284,,,,,Open,K1AL_L3_CRCS_R_2026-04-08_1,2026-06-05 13:52:43,1
d1c16699,cmm,Measurement,Produksi,CRCS R,K1AL L3,D092,Posisi Y,AR,08 Apr 2026,1,-0.284,,,,,Open,K1AL_L3_CRCS_R_2026-04-08_1,2026-06-05 13:52:43,0
99876aae,cmm,Measurement,Produksi,CRCS R,K1AL L3,D093,Posisi X,BL,08 Apr 2026,1,-0.24,,,,,Open,K1AL_L3_CRCS_R_2026-04-08_1,2026-06-05 13:52:44,1
54c58794,cmm,Measurement,Produksi,CRCS R,K1AL L3,D093,Posisi Y,BL,08 Apr 2026,1,-0.24,,,,,Open,K1AL_L3_CRCS_R_2026-04-08_1,2026-06-05 13:52:44,0
98d550c4,cmm,Measurement,Produksi,CRCS R,K1AL L3,D096,Posisi X,AR,08 Apr 2026,1,0.227,,,,,Open,K1AL_L3_CRCS_R_2026-04-08_1,2026-06-05 13:52:44,1
0a872932,cmm,Measurement,Produksi,CRCS R,K1AL L3,D096,Posisi X,BR,08 Apr 2026,1,-0.125,,,,,Open,K1AL_L3_CRCS_R_2026-04-08_1,2026-06-05 13:52:44,1
c31ad13f,cmm,Measurement,Produksi,CRCS R,K1AL L3,D096,Posisi Y,AR,08 Apr 2026,1,0.227,,,,,Open,K1AL_L3_CRCS_R_2026-04-08_1,2026-06-05 13:52:44,0
66ddb6d9,cmm,Measurement,Produksi,CRCS R,K1AL L3,D096,Posisi Y,BR,08 Apr 2026,1,-0.125,,,,,Open,K1AL_L3_CRCS_R_2026-04-08_1,2026-06-05 13:52:44,0
6210fba6,cmm,Measurement,Produksi,CYL COMP,K2VJ,J151,POSITION X,AL,06 Mar 2026,1,-0.3456,,,,,Open,K2VJ_CYL_COMP_2026-03-06_1,2026-06-05 13:57:13,0
43b142e3,cmm,Measurement,Produksi,CYL COMP,K2VJ,J151,POSITION X,AR,06 Mar 2026,1,-0.3541,,,,,Open,K2VJ_CYL_COMP_2026-03-06_1,2026-06-05 13:57:13,0
14dc100f,cmm,Measurement,Produksi,CYL COMP,K2VJ,J151,POSITION X,CL,06 Mar 2026,1,-0.6424,,,,,Open,K2VJ_CYL_COMP_2026-03-06_1,2026-06-05 13:57:13,0
84196529,cmm,Measurement,Produksi,CYL COMP,K2VJ,J151,POSITION X,CR,06 Mar 2026,1,-0.6073,,,,,Open,K2VJ_CYL_COMP_2026-03-06_1,2026-06-05 13:57:14,0
86d0b281,cmm,Measurement,Produksi,CYL COMP,K2VJ,J151,POSITION X,DL,06 Mar 2026,1,-0.756,,,,,Open,K2VJ_CYL_COMP_2026-03-06_1,2026-06-05 13:57:14,0
d20443ef,cmm,Measurement,Produksi,CYL COMP,K2VJ,J151,POSITION X,DR,06 Mar 2026,1,-0.7444,,,,,Open,K2VJ_CYL_COMP_2026-03-06_1,2026-06-05 13:57:14,0
a262258e,cmm,Measurement,Produksi,CYL COMP,K2VJ,J151,POSITION X,EL,06 Mar 2026,1,-0.7465,,,,,Open,K2VJ_CYL_COMP_2026-03-06_1,2026-06-05 13:57:14,0
0acbc5c4,cmm,Measurement,Produksi,CYL COMP,K2VJ,J151,POSITION X,ER,06 Mar 2026,1,-0.7607,,,,,Open,K2VJ_CYL_COMP_2026-03-06_1,2026-06-05 13:57:14,0
dd460d91,cmm,Measurement,Produksi,CYL COMP,K2VJ,J151,POSITION Y,BL,06 Mar 2026,1,-0.2255,,,,,Open,K2VJ_CYL_COMP_2026-03-06_1,2026-06-05 13:57:14,0
3a31d743,cmm,Measurement,Produksi,CYL COMP,K2VJ,J151,POSITION Y,DL,06 Mar 2026,1,0.3851,,,,,Open,K2VJ_CYL_COMP_2026-03-06_1,2026-06-05 13:57:14,0
41548c33,cmm,Measurement,Produksi,CYL COMP,K2VJ,J151,POSITION Y,DR,06 Mar 2026,1,0.2526,,,,,Open,K2VJ_CYL_COMP_2026-03-06_1,2026-06-05 13:57:14,0
bd556b3e,cmm,Measurement,Produksi,CYL COMP,K2VJ,J152,POSITION X,AL,06 Mar 2026,1,0.2287,,,,,Open,K2VJ_CYL_COMP_2026-03-06_1,2026-06-05 13:57:14,0
87b483a5,cmm,Measurement,Produksi,CYL COMP,K2VJ,J152,POSITION X,AR,06 Mar 2026,1,0.2321,,,,,Open,K2VJ_CYL_COMP_2026-03-06_1,2026-06-05 13:57:15,1
58b0ec70,cmm,Measurement,Produksi,CYL COMP,K2VJ,J152,POSITION X,CL,06 Mar 2026,1,0.5466,,,,,Open,K2VJ_CYL_COMP_2026-03-06_1,2026-06-05 13:57:15,0
1196ca4d,cmm,Measurement,Produksi,CYL COMP,K2VJ,J152,POSITION X,CR,06 Mar 2026,1,0.4981,,,,,Open,K2VJ_CYL_COMP_2026-03-06_1,2026-06-05 13:57:15,0
dc60227b,cmm,Measurement,Produksi,CYL COMP,K2VJ,J152,POSITION X,DL,06 Mar 2026,1,0.6081,,,,,Open,K2VJ_CYL_COMP_2026-03-06_1,2026-06-05 13:57:15,0
30fdd37a,cmm,Measurement,Produksi,CYL COMP,K2VJ,J152,POSITION X,DR,06 Mar 2026,1,0.6049,,,,,Open,K2VJ_CYL_COMP_2026-03-06_1,2026-06-05 13:57:15,0
489500d5,cmm,Measurement,Produksi,CYL COMP,K2VJ,J152,POSITION X,EL,06 Mar 2026,1,0.5757,,,,,Open,K2VJ_CYL_COMP_2026-03-06_1,2026-06-05 13:57:15,1
180691fc,cmm,Measurement,Produksi,CYL COMP,K2VJ,J152,POSITION X,ER,06 Mar 2026,1,0.5905,,,,,Open,K2VJ_CYL_COMP_2026-03-06_1,2026-06-05 13:57:15,1
c1d6c627,cmm,Measurement,Produksi,CYL COMP,K2VJ,J152,POSITION Y,AL,06 Mar 2026,1,-0.3328,,,,,Open,K2VJ_CYL_COMP_2026-03-06_1,2026-06-05 13:57:15,0
2c6f4029,cmm,Measurement,Produksi,CYL COMP,K2VJ,J152,POSITION Y,AR,06 Mar 2026,1,-0.435,,,,,Open,K2VJ_CYL_COMP_2026-03-06_1,2026-06-05 13:57:15,0
d524032b,cmm,Measurement,Produksi,CYL COMP,K2VJ,J152,POSITION Y,CL,06 Mar 2026,1,-0.3259,,,,,Open,K2VJ_CYL_COMP_2026-03-06_1,2026-06-05 13:57:15,0
37fdc787,cmm,Measurement,Produksi,CYL COMP,K2VJ,J152,POSITION Y,CR,06 Mar 2026,1,-0.234,,,,,Open,K2VJ_CYL_COMP_2026-03-06_1,2026-06-05 13:57:16,0
ee2a135b,cmm,Measurement,Produksi,CYL COMP,K2VJ,J152,POSITION Y,DL,06 Mar 2026,1,-0.3083,,,,,Open,K2VJ_CYL_COMP_2026-03-06_1,2026-06-05 13:57:16,0
521826d4,cmm,Measurement,Produksi,CYL COMP,K2VJ,J152,POSITION Y,DR,06 Mar 2026,1,-0.3367,,,,,Open,K2VJ_CYL_COMP_2026-03-06_1,2026-06-05 13:57:16,0
b0b5fd6f,cmm,Measurement,Produksi,CYL COMP,K2VJ,J152,POSITION Y,EL,06 Mar 2026,1,-0.4818,,,,,Open,K2VJ_CYL_COMP_2026-03-06_1,2026-06-05 13:57:16,1
9eba1656,cmm,Measurement,Produksi,CYL COMP,K2VJ,J152,POSITION Y,ER,06 Mar 2026,1,-0.5652,,,,,Open,K2VJ_CYL_COMP_2026-03-06_1,2026-06-05 13:57:16,0
93fba165,cmm,Measurement,Produksi,CYL COMP,K2VJ,J163,POSITION X,AL,06 Mar 2026,1,-0.0544,,,,,Open,K2VJ_CYL_COMP_2026-03-06_1,2026-06-05 13:57:16,0
760a869d,cmm,Measurement,Produksi,CYL COMP,K2VJ,K301,POSITION X THD CENTER,BR,06 Mar 2026,1,0.207,,,,,Open,K2VJ_CYL_COMP_2026-03-06_1,2026-06-05 13:57:16,0
5a47b237,cmm,Measurement,Produksi,CYL COMP,K2VJ,K301,POSITION X THD CENTER,CL,06 Mar 2026,1,0.5584,,,,,Open,K2VJ_CYL_COMP_2026-03-06_1,2026-06-05 13:57:16,0
610173e4,cmm,Measurement,Produksi,CYL COMP,K2VJ,K301,POSITION X THD CENTER,CR,06 Mar 2026,1,0.4826,,,,,Open,K2VJ_CYL_COMP_2026-03-06_1,2026-06-05 13:57:16,1
ed7a45c0,cmm,Measurement,Produksi,CYL COMP,K2VJ,K301,POSITION X THD CENTER,DL,06 Mar 2026,1,0.3662,,,,,Open,K2VJ_CYL_COMP_2026-03-06_1,2026-06-05 13:57:17,0
460c77fc,cmm,Measurement,Produksi,CYL COMP,K2VJ,K301,POSITION X THD CENTER,DR,06 Mar 2026,1,0.3485,,,,,Open,K2VJ_CYL_COMP_2026-03-06_1,2026-06-05 13:57:17,1
71a72653,cmm,Measurement,Produksi,CYL COMP,K2VJ,K301,POSITION X THD CENTER,EL,06 Mar 2026,1,0.4124,,,,,Open,K2VJ_CYL_COMP_2026-03-06_1,2026-06-05 13:57:17,0
38b42d8b,cmm,Measurement,Produksi,CYL COMP,K2VJ,K301,POSITION X THD CENTER,ER,06 Mar 2026,1,0.4209,,,,,Open,K2VJ_CYL_COMP_2026-03-06_1,2026-06-05 13:57:17,0
7ad8bd91,cmm,Measurement,Produksi,CYL COMP,K2VJ,K301,POSITION Y,CL,06 Mar 2026,1,0.2204,,,,,Open,K2VJ_CYL_COMP_2026-03-06_1,2026-06-05 13:57:17,0
ffb8ee6e,cmm,Measurement,Produksi,CYL COMP,K2VJ,K301,POSITION Y,DL,06 Mar 2026,1,-0.227,,,,,Open,K2VJ_CYL_COMP_2026-03-06_1,2026-06-05 13:57:17,0
3fd7c3c4,cmm,Measurement,Produksi,CYL COMP,K2VJ,K301,POSITION Y,DR,06 Mar 2026,1,-0.2645,,,,,Open,K2VJ_CYL_COMP_2026-03-06_1,2026-06-05 13:57:17,1
1edcb274,cmm,Measurement,Produksi,CYL COMP,K2VJ,K302,POSITION Y,CL,06 Mar 2026,1,0.2207,,,,,Open,K2VJ_CYL_COMP_2026-03-06_1,2026-06-05 13:57:17,0
e63dadca,cmm,Measurement,Produksi,CYL COMP,K2VJ,K302,POSITION Y,CR,06 Mar 2026,1,0.2054,,,,,Open,K2VJ_CYL_COMP_2026-03-06_1,2026-06-05 13:57:17,0
22388ab4,cmm,Measurement,Produksi,CYL COMP,K2VJ,K302,POSITION Y,DL,06 Mar 2026,1,-0.2448,,,,,Open,K2VJ_CYL_COMP_2026-03-06_1,2026-06-05 13:57:18,0
b505c4d6,cmm,Measurement,Produksi,CYL COMP,K2VJ,K302,POSITION Y,DR,06 Mar 2026,1,-0.3158,,,,,Open,K2VJ_CYL_COMP_2026-03-06_1,2026-06-05 13:57:18,1
a2c3060a,cmm,Measurement,Produksi,CYL COMP,K2VJ,K303,POSITION X,CL,06 Mar 2026,1,0.2748,,,,,Open,K2VJ_CYL_COMP_2026-03-06_1,2026-06-05 13:57:18,0
78ba5b29,cmm,Measurement,Produksi,CYL COMP,K2VJ,K303,POSITION X,CR,06 Mar 2026,1,0.2529,,,,,Open,K2VJ_CYL_COMP_2026-03-06_1,2026-06-05 13:57:18,0
d6744eaf,cmm,Measurement,Produksi,CYL COMP,K2VJ,K303,POSITION X,EL,06 Mar 2026,1,-0.3422,,,,,Open,K2VJ_CYL_COMP_2026-03-06_1,2026-06-05 13:57:18,1
72f176fd,cmm,Measurement,Produksi,CYL COMP,K2VJ,K303,POSITION X,ER,06 Mar 2026,1,-0.386,,,,,Open,K2VJ_CYL_COMP_2026-03-06_1,2026-06-05 13:57:18,0
26ef79c5,cmm,Measurement,Produksi,CYL COMP,K2VJ,K304,POSITION Y,AL,06 Mar 2026,1,-0.3175,,,,,Open,K2VJ_CYL_COMP_2026-03-06_1,2026-06-05 13:57:18,0
971cd9eb,cmm,Measurement,Produksi,CYL COMP,K2VJ,K304,POSITION Y,AR,06 Mar 2026,1,-0.2966,,,,,Open,K2VJ_CYL_COMP_2026-03-06_1,2026-06-05 13:57:19,0
3715a925,cmm,Measurement,Produksi,CYL COMP,K2VJ,K304,POSITION Y,BR,06 Mar 2026,1,-0.2141,,,,,Open,K2VJ_CYL_COMP_2026-03-06_1,2026-06-05 13:57:19,0
ede5416e,cmm,Measurement,Produksi,CYL COMP,K2VJ,K304,POSITION Y,DL,06 Mar 2026,1,-0.329,,,,,Open,K2VJ_CYL_COMP_2026-03-06_1,2026-06-05 13:57:19,0
b54d5450,cmm,Measurement,Produksi,CYL COMP,K2VJ,K304,POSITION Y,DR,06 Mar 2026,1,-0.3285,,,,,Open,K2VJ_CYL_COMP_2026-03-06_1,2026-06-05 13:57:19,0
02332494,cmm,Measurement,Produksi,CYL COMP,K2VJ,K304,POSITION Y,EL,06 Mar 2026,1,-0.2812,,,,,Open,K2VJ_CYL_COMP_2026-03-06_1,2026-06-05 13:57:19,0
0c35c578,cmm,Measurement,Produksi,CYL COMP,K2VJ,K304,POSITION Y,ER,06 Mar 2026,1,-0.326,,,,,Open,K2VJ_CYL_COMP_2026-03-06_1,2026-06-05 13:57:19,0
03c8e2ab,cmm,Measurement,Produksi,CYL COMP,K2VJ,K304,POSITION X,CL,06 Mar 2026,1,-0.4028,,,,,Open,K2VJ_CYL_COMP_2026-03-06_1,2026-06-05 13:57:19,0
1b100d6d,cmm,Measurement,Produksi,CYL COMP,K2VJ,K304,POSITION X,CR,06 Mar 2026,1,-0.3853,,,,,Open,K2VJ_CYL_COMP_2026-03-06_1,2026-06-05 13:57:19,0
2f53d8e5,cmm,Measurement,Produksi,CYL COMP,K2VJ,K304,POSITION X,DL,06 Mar 2026,1,-0.5122,,,,,Open,K2VJ_CYL_COMP_2026-03-06_1,2026-06-05 13:57:19,0
3b4034eb,cmm,Measurement,Produksi,CYL COMP,K2VJ,K304,POSITION X,DR,06 Mar 2026,1,-0.452,,,,,Open,K2VJ_CYL_COMP_2026-03-06_1,2026-06-05 13:57:20,0
6bcf3e10,cmm,Measurement,Produksi,CYL COMP,K2VJ,K304,POSITION X,EL,06 Mar 2026,1,-0.2321,,,,,Open,K2VJ_CYL_COMP_2026-03-06_1,2026-06-05 13:57:20,0
4bd876db,cmm,Measurement,Produksi,CYL COMP,K2VJ,K305,POSITION X,AL,06 Mar 2026,1,-0.4149,,,,,Open,K2VJ_CYL_COMP_2026-03-06_1,2026-06-05 13:57:20,0
a2bd3484,cmm,Measurement,Produksi,CYL COMP,K2VJ,K305,POSITION X,AR,06 Mar 2026,1,-0.378,,,,,Open,K2VJ_CYL_COMP_2026-03-06_1,2026-06-05 13:57:20,0
733e1441,cmm,Measurement,Produksi,CYL COMP,K2VJ,K305,POSITION X,BL,06 Mar 2026,1,-0.5028,,,,,Open,K2VJ_CYL_COMP_2026-03-06_1,2026-06-05 13:57:20,1
e7ac54b8,cmm,Measurement,Produksi,CYL COMP,K2VJ,K305,POSITION X,BR,06 Mar 2026,1,-0.5613,,,,,Open,K2VJ_CYL_COMP_2026-03-06_1,2026-06-05 13:57:20,0
5603d8e3,cmm,Measurement,Produksi,CYL COMP,K2VJ,K305,POSITION X,CL,06 Mar 2026,1,-0.3658,,,,,Open,K2VJ_CYL_COMP_2026-03-06_1,2026-06-05 13:57:20,1
a6540c4a,cmm,Measurement,Produksi,CYL COMP,K2VJ,K305,POSITION X,CR,06 Mar 2026,1,-0.3268,,,,,Open,K2VJ_CYL_COMP_2026-03-06_1,2026-06-05 13:57:20,0
01d2f691,cmm,Measurement,Produksi,CYL COMP,K2VJ,K305,POSITION X,DL,06 Mar 2026,1,-0.6402,,,,,Open,K2VJ_CYL_COMP_2026-03-06_1,2026-06-05 13:57:20,0
cb3e9dfd,cmm,Measurement,Produksi,CYL COMP,K2VJ,K305,POSITION X,DR,06 Mar 2026,1,-0.6644,,,,,Open,K2VJ_CYL_COMP_2026-03-06_1,2026-06-05 13:57:21,0
90bfdab3,cmm,Measurement,Produksi,CYL COMP,K2VJ,K305,POSITION X,EL,06 Mar 2026,1,-0.6746,,,,,Open,K2VJ_CYL_COMP_2026-03-06_1,2026-06-05 13:57:21,0
f0bb6fbe,cmm,Measurement,Produksi,CYL COMP,K2VJ,K305,POSITION X,ER,06 Mar 2026,1,-0.7176,,,,,Open,K2VJ_CYL_COMP_2026-03-06_1,2026-06-05 13:57:21,0
452bce44,cmm,Measurement,Produksi,CYL COMP,K2VJ,K305,POSITION Y THD FACE HEAD,CR,06 Mar 2026,1,-0.2083,,,,,Open,K2VJ_CYL_COMP_2026-03-06_1,2026-06-05 13:57:21,0
1ac9dfb0,cmm,Measurement,Produksi,CYL COMP,K2VJ,K305,POSITION Y,EL,06 Mar 2026,1,-0.2209,,,,,Open,K2VJ_CYL_COMP_2026-03-06_1,2026-06-05 13:57:21,0
e83ce0dd,cmm,Measurement,Produksi,CYL COMP,K2VJ,K305,POSITION Y,ER,06 Mar 2026,1,-0.2714,,,,,Open,K2VJ_CYL_COMP_2026-03-06_1,2026-06-05 13:57:21,0
9a40da13,cmm,Measurement,Produksi,CYL COMP,K2VJ,K401,POSITION X,DL,06 Mar 2026,1,0.3382,,,,,Open,K2VJ_CYL_COMP_2026-03-06_1,2026-06-05 13:57:21,1
2c6483aa,cmm,Measurement,Produksi,CYL COMP,K2VJ,K401,POSITION X,DR,06 Mar 2026,1,0.302,,,,,Open,K2VJ_CYL_COMP_2026-03-06_1,2026-06-05 13:57:21,0
794f5447,cmm,Measurement,Produksi,CYL COMP,K2VJ,K401,POSITION X,EL,06 Mar 2026,1,0.4206,,,,,Open,K2VJ_CYL_COMP_2026-03-06_1,2026-06-05 13:57:22,0
df8df167,cmm,Measurement,Produksi,CYL COMP,K2VJ,K401,POSITION X,ER,06 Mar 2026,1,0.4195,,,,,Open,K2VJ_CYL_COMP_2026-03-06_1,2026-06-05 13:57:22,0
a126d58f,cmm,Measurement,Produksi,CYL COMP,K2VJ,K401,POSITION Y,AL,06 Mar 2026,1,-0.3239,,,,,Open,K2VJ_CYL_COMP_2026-03-06_1,2026-06-05 13:57:22,0
291e7e61,cmm,Measurement,Produksi,CYL COMP,K2VJ,K401,POSITION Y,AR,06 Mar 2026,1,-0.3297,,,,,Open,K2VJ_CYL_COMP_2026-03-06_1,2026-06-05 13:57:22,0
a06713d4,cmm,Measurement,Produksi,CYL COMP,K2VJ,K402,POSITION Y,AL,06 Mar 2026,1,-0.2943,,,,,Open,K2VJ_CYL_COMP_2026-03-06_1,2026-06-05 13:57:22,1
f7a3f6d1,cmm,Measurement,Produksi,CYL COMP,K2VJ,K402,POSITION Y,AR,06 Mar 2026,1,-0.3072,,,,,Open,K2VJ_CYL_COMP_2026-03-06_1,2026-06-05 13:57:22,0
0aeefaff,cmm,Measurement,Produksi,CYL COMP,K2VJ,K402,POSITION Y,CL,06 Mar 2026,1,-0.1806,,,,,Open,K2VJ_CYL_COMP_2026-03-06_1,2026-06-05 13:57:22,0
244a3f56,cmm,Measurement,Produksi,CYL COMP,K2VJ,K402,POSITION Y,EL,06 Mar 2026,1,-0.1599,,,,,Open,K2VJ_CYL_COMP_2026-03-06_1,2026-06-05 13:57:22,0
445fdf1f,cmm,Measurement,Produksi,CYL COMP,K2VJ,K402,POSITION Y,ER,06 Mar 2026,1,-0.1569,,,,,Open,K2VJ_CYL_COMP_2026-03-06_1,2026-06-05 13:57:22,1
a3778574,cmm,Measurement,Produksi,CYL COMP,K2VJ,K402,POSITION X,CL,06 Mar 2026,1,-0.1464,,,,,Open,K2VJ_CYL_COMP_2026-03-06_1,2026-06-05 13:57:23,0
0615976d,cmm,Measurement,Produksi,CYL COMP,K2VJ,K402,POSITION X,CR,06 Mar 2026,1,-0.1409,,,,,Open,K2VJ_CYL_COMP_2026-03-06_1,2026-06-05 13:57:23,0
f7f97ee6,cmm,Measurement,Produksi,CYL COMP,K2VJ,K402,POSITION X,EL,06 Mar 2026,1,0.1277,,,,,Open,K2VJ_CYL_COMP_2026-03-06_1,2026-06-05 13:57:23,0
d9440847,cmm,Measurement,Produksi,CYL COMP,K2VJ,K402,POSITION X,ER,06 Mar 2026,1,0.1761,,,,,Open,K2VJ_CYL_COMP_2026-03-06_1,2026-06-05 13:57:23,1
6d6a2abb,cmm,Measurement,Produksi,CYL COMP,K2VJ,K403,POSITION X,CL,06 Mar 2026,1,-0.3784,,,,,Open,K2VJ_CYL_COMP_2026-03-06_1,2026-06-05 13:57:23,0
0837c1ea,cmm,Measurement,Produksi,CYL COMP,K2VJ,K403,POSITION X,CR,06 Mar 2026,1,-0.3589,,,,,Open,K2VJ_CYL_COMP_2026-03-06_1,2026-06-05 13:57:24,0
89201320,cmm,Measurement,Produksi,CYL COMP,K2VJ,K403,POSITION X,DL,06 Mar 2026,1,0.1761,,,,,Open,K2VJ_CYL_COMP_2026-03-06_1,2026-06-05 13:57:24,0
805ee287,cmm,Measurement,Produksi,CYL COMP,K2VJ,K403,POSITION X,DR,06 Mar 2026,1,0.1864,,,,,Open,K2VJ_CYL_COMP_2026-03-06_1,2026-06-05 13:57:24,0
f46179ee,cmm,Measurement,Produksi,CYL COMP,K2VJ,K403,POSITION X,EL,06 Mar 2026,1,0.1971,,,,,Open,K2VJ_CYL_COMP_2026-03-06_1,2026-06-05 13:57:24,1
70215d8f,cmm,Measurement,Produksi,CYL COMP,K2VJ,K403,POSITION X,ER,06 Mar 2026,1,0.2003,,,,,Open,K2VJ_CYL_COMP_2026-03-06_1,2026-06-05 13:57:24,0
1f2dc818,cmm,Measurement,Produksi,CYL COMP,K2VJ,K403,POSITION Y,AL,06 Mar 2026,1,-0.1547,,,,,Open,K2VJ_CYL_COMP_2026-03-06_1,2026-06-05 13:57:24,1
9e32c381,cmm,Measurement,Produksi,CYL COMP,K2VJ,K403,POSITION Y,CL,06 Mar 2026,1,-0.1671,,,,,Open,K2VJ_CYL_COMP_2026-03-06_1,2026-06-05 13:57:25,1
b0ec14ee,cmm,Measurement,Produksi,CYL COMP,K2VJ,L151,DISTANCE DOWELL (Y),BR,06 Mar 2026,1,-0.0535,,,,,Open,K2VJ_CYL_COMP_2026-03-06_1,2026-06-05 13:57:25,0
f3083524,cmm,Measurement,Produksi,CYL COMP,K2VJ,L151,DISTANCE DOWELL (X),EL,06 Mar 2026,1,-0.0663,,,,,Open,K2VJ_CYL_COMP_2026-03-06_1,2026-06-05 13:57:25,0
32d8415c,cmm,Measurement,Produksi,CYL COMP,K2VJ,L151,DISTANCE DOWELL (X),ER,06 Mar 2026,1,-0.0508,,,,,Open,K2VJ_CYL_COMP_2026-03-06_1,2026-06-05 13:57:25,0
7d7dd91e,cmm,Measurement,Produksi,CYL COMP,K2VJ,L152,POSITION X,CL,06 Mar 2026,1,0.3496,,,,,Open,K2VJ_CYL_COMP_2026-03-06_1,2026-06-05 13:57:25,0
15c027a3,cmm,Measurement,Produksi,CYL COMP,K2VJ,L152,POSITION X,CR,06 Mar 2026,1,0.3104,,,,,Open,K2VJ_CYL_COMP_2026-03-06_1,2026-06-05 13:57:25,0
d498d382,cmm,Measurement,Produksi,CYL COMP,K2VJ,L152,POSITION X,DL,06 Mar 2026,1,0.5167,,,,,Open,K2VJ_CYL_COMP_2026-03-06_1,2026-06-05 13:57:25,0
e5be3370,cmm,Measurement,Produksi,CYL COMP,K2VJ,L152,POSITION X,DR,06 Mar 2026,1,0.5177,,,,,Open,K2VJ_CYL_COMP_2026-03-06_1,2026-06-05 13:57:26,0
795355c4,cmm,Measurement,Produksi,CYL COMP,K2VJ,L152,POSITION X,EL,06 Mar 2026,1,0.4855,,,,,Open,K2VJ_CYL_COMP_2026-03-06_1,2026-06-05 13:57:26,0
377b8fbf,cmm,Measurement,Produksi,CYL COMP,K2VJ,L152,POSITION X,ER,06 Mar 2026,1,0.4835,,,,,Open,K2VJ_CYL_COMP_2026-03-06_1,2026-06-05 13:57:26,0
9417d23a,cmm,Measurement,Produksi,CYL COMP,K2VJ,L152,POSITION Y,AL,06 Mar 2026,1,-0.3551,,,,,Open,K2VJ_CYL_COMP_2026-03-06_1,2026-06-05 13:57:26,0
76d6a359,cmm,Measurement,Produksi,CYL COMP,K2VJ,L152,POSITION Y,AR,06 Mar 2026,1,-0.4235,,,,,Open,K2VJ_CYL_COMP_2026-03-06_1,2026-06-05 13:57:26,0
779d2d0e,cmm,Measurement,Produksi,CYL COMP,K2VJ,L152,POSITION Y,CL,06 Mar 2026,1,-0.2736,,,,,Open,K2VJ_CYL_COMP_2026-03-06_1,2026-06-05 13:57:26,0
fca58a5d,cmm,Measurement,Produksi,CYL COMP,K2VJ,L152,POSITION Y,CR,06 Mar 2026,1,-0.2381,,,,,Open,K2VJ_CYL_COMP_2026-03-06_1,2026-06-05 13:57:26,1
7558e6fc,cmm,Measurement,Produksi,CYL COMP,K2VJ,L152,POSITION Y,DL,06 Mar 2026,1,-0.3218,,,,,Open,K2VJ_CYL_COMP_2026-03-06_1,2026-06-05 13:57:27,0
70dc1b5a,cmm,Measurement,Produksi,CYL COMP,K2VJ,L152,POSITION Y,DR,06 Mar 2026,1,-0.2219,,,,,Open,K2VJ_CYL_COMP_2026-03-06_1,2026-06-05 13:57:27,0
0b9a2296,cmm,Measurement,Produksi,CYL COMP,K2VJ,L152,POSITION Y,EL,06 Mar 2026,1,-0.4236,,,,,Open,K2VJ_CYL_COMP_2026-03-06_1,2026-06-05 13:57:27,0
b66497fa,cmm,Measurement,Produksi,CYL COMP,K2VJ,L152,POSITION Y,ER,06 Mar 2026,1,-0.4771,,,,,Open,K2VJ_CYL_COMP_2026-03-06_1,2026-06-05 13:57:27,0
c641bc66,cmm,Measurement,Produksi,CYL COMP,K2VJ,L153,POSITION X,AL,06 Mar 2026,1,-0.3182,,,,,Open,K2VJ_CYL_COMP_2026-03-06_1,2026-06-05 13:57:27,1
9e0cda48,cmm,Measurement,Produksi,CYL COMP,K2VJ,L153,POSITION X,AR,06 Mar 2026,1,-0.3135,,,,,Open,K2VJ_CYL_COMP_2026-03-06_1,2026-06-05 13:57:27,0
92423cd0,cmm,Measurement,Produksi,CYL COMP,K2VJ,L153,POSITION X,CL,06 Mar 2026,1,-0.6792,,,,,Open,K2VJ_CYL_COMP_2026-03-06_1,2026-06-05 13:57:27,1
e440ca35,cmm,Measurement,Produksi,CYL COMP,K2VJ,L153,POSITION X,CR,06 Mar 2026,1,-0.6186,,,,,Open,K2VJ_CYL_COMP_2026-03-06_1,2026-06-05 13:57:27,0
506bc39a,cmm,Measurement,Produksi,CYL COMP,K2VJ,L153,POSITION X,DL,06 Mar 2026,1,-0.9786,,,,,Open,K2VJ_CYL_COMP_2026-03-06_1,2026-06-05 13:57:27,0
a93683ea,cmm,Measurement,Produksi,CYL COMP,K2VJ,L153,POSITION X,DR,06 Mar 2026,1,-0.9309,,,,,Open,K2VJ_CYL_COMP_2026-03-06_1,2026-06-05 13:57:28,1
edb5bed0,cmm,Measurement,Produksi,CYL COMP,K2VJ,L153,POSITION X,EL,06 Mar 2026,1,-0.8856,,,,,Open,K2VJ_CYL_COMP_2026-03-06_1,2026-06-05 13:57:28,0
8db5b734,cmm,Measurement,Produksi,CYL COMP,K2VJ,L153,POSITION X,ER,06 Mar 2026,1,-0.91,,,,,Open,K2VJ_CYL_COMP_2026-03-06_1,2026-06-05 13:57:28,1
9935880a,cmm,Measurement,Produksi,CYL COMP,K2VJ,L153,POSITION Y,BL,06 Mar 2026,1,-0.2287,,,,,Open,K2VJ_CYL_COMP_2026-03-06_1,2026-06-05 13:57:28,0
5e988478,cmm,Measurement,Produksi,CYL COMP,K2VJ,L153,POSITION Y,CL,06 Mar 2026,1,0.2977,,,,,Open,K2VJ_CYL_COMP_2026-03-06_1,2026-06-05 13:57:28,0
8b40e2ea,cmm,Measurement,Produksi,CYL COMP,K2VJ,L153,POSITION Y,CR,06 Mar 2026,1,0.2563,,,,,Open,K2VJ_CYL_COMP_2026-03-06_1,2026-06-05 13:57:28,0
003bf5e7,cmm,Measurement,Produksi,CYL COMP,K2VJ,L153,POSITION Y,DL,06 Mar 2026,1,0.2808,,,,,Open,K2VJ_CYL_COMP_2026-03-06_1,2026-06-05 13:57:28,0
76dc70a5,cmm,Measurement,Produksi,CYL COMP,K2VJ,L154,POSITION X,BL,06 Mar 2026,1,-0.3503,,,,,Open,K2VJ_CYL_COMP_2026-03-06_1,2026-06-05 13:57:28,0
5a4e3c9f,cmm,Measurement,Produksi,CYL COMP,K2VJ,L154,POSITION X,CL,06 Mar 2026,1,0.5431,,,,,Open,K2VJ_CYL_COMP_2026-03-06_1,2026-06-05 13:57:28,1
27c49ecd,cmm,Measurement,Produksi,CYL COMP,K2VJ,L154,POSITION X,CR,06 Mar 2026,1,0.4605,,,,,Open,K2VJ_CYL_COMP_2026-03-06_1,2026-06-05 13:57:28,0
91dcc0e2,cmm,Measurement,Produksi,CYL COMP,K2VJ,L154,POSITION X,DL,06 Mar 2026,1,1.0067,,,,,Open,K2VJ_CYL_COMP_2026-03-06_1,2026-06-05 13:57:29,1
4bc34bf3,cmm,Measurement,Produksi,CYL COMP,K2VJ,L154,POSITION X,DR,06 Mar 2026,1,0.9201,,,,,Open,K2VJ_CYL_COMP_2026-03-06_1,2026-06-05 13:57:29,1
960a2e6a,cmm,Measurement,Produksi,CYL COMP,K2VJ,L154,POSITION X,EL,06 Mar 2026,1,0.9327,,,,,Open,K2VJ_CYL_COMP_2026-03-06_1,2026-06-05 13:57:29,1
4eece260,cmm,Measurement,Produksi,CYL COMP,K2VJ,L154,POSITION X,ER,06 Mar 2026,1,0.9857,,,,,Open,K2VJ_CYL_COMP_2026-03-06_1,2026-06-05 13:57:29,0
f1d880df,cmm,Measurement,Produksi,CYL COMP,K2VJ,L154,POSITION Y,AL,06 Mar 2026,1,-0.544,,,,,Open,K2VJ_CYL_COMP_2026-03-06_1,2026-06-05 13:57:29,0
43fc018e,cmm,Measurement,Produksi,CYL COMP,K2VJ,L154,POSITION Y,AR,06 Mar 2026,1,-0.6396,,,,,Open,K2VJ_CYL_COMP_2026-03-06_1,2026-06-05 13:57:29,0
757987f0,cmm,Measurement,Produksi,CYL COMP,K2VJ,L154,POSITION Y,BL,06 Mar 2026,1,-0.2889,,,,,Open,K2VJ_CYL_COMP_2026-03-06_1,2026-06-05 13:57:29,0
302aef1c,cmm,Measurement,Produksi,CYL COMP,K2VJ,L154,POSITION Y,BR,06 Mar 2026,1,-0.3518,,,,,Open,K2VJ_CYL_COMP_2026-03-06_1,2026-06-05 13:57:29,0
cc885ca7,cmm,Measurement,Produksi,CYL COMP,K2VJ,L154,POSITION Y,CL,06 Mar 2026,1,-0.4833,,,,,Open,K2VJ_CYL_COMP_2026-03-06_1,2026-06-05 13:57:29,0
317eda99,cmm,Measurement,Produksi,CYL COMP,K2VJ,L154,POSITION Y,CR,06 Mar 2026,1,-0.3968,,,,,Open,K2VJ_CYL_COMP_2026-03-06_1,2026-06-05 13:57:29,0
d7fca736,cmm,Measurement,Produksi,CYL COMP,K2VJ,L154,POSITION Y,EL,06 Mar 2026,1,-0.3237,,,,,Open,K2VJ_CYL_COMP_2026-03-06_1,2026-06-05 13:57:29,0
ff7b3dcd,cmm,Measurement,Produksi,CYL COMP,K2VJ,L154,POSITION Y,ER,06 Mar 2026,1,-0.3741,,,,,Open,K2VJ_CYL_COMP_2026-03-06_1,2026-06-05 13:57:29,0
6429bdb8,cmm,Measurement,Produksi,CYL COMP,K2VJ,L163,POSITION Y,CL,06 Mar 2026,1,-0.3038,,,,,Open,K2VJ_CYL_COMP_2026-03-06_1,2026-06-05 13:57:29,0
0164323a,cmm,Measurement,Produksi,CYL COMP,K2VJ,L163,POSITION Y,CR,06 Mar 2026,1,-0.3315,,,,,Open,K2VJ_CYL_COMP_2026-03-06_1,2026-06-05 13:57:29,0
9e2e68b5,cmm,Measurement,Produksi,CYL COMP,K2VJ,L163,POSITION Y,DL,06 Mar 2026,1,-0.432,,,,,Open,K2VJ_CYL_COMP_2026-03-06_1,2026-06-05 13:57:29,0
a1d93753,cmm,Measurement,Produksi,CYL COMP,K2VJ,L163,POSITION Y,DR,06 Mar 2026,1,-0.4041,,,,,Open,K2VJ_CYL_COMP_2026-03-06_1,2026-06-05 13:57:29,0
206bb53a,cmm,Measurement,Produksi,CYL COMP,K2VJ,L164,POSITION X,AL,06 Mar 2026,1,0.0518,,,,,Open,K2VJ_CYL_COMP_2026-03-06_1,2026-06-05 13:57:30,1
ca1e7bf8,cmm,Measurement,Produksi,CYL COMP,K2VJ,L164,POSITION X,EL,06 Mar 2026,1,-0.0807,,,,,Open,K2VJ_CYL_COMP_2026-03-06_1,2026-06-05 13:57:30,0
775162fd,cmm,Measurement,Produksi,CYL COMP,K2VJ,L164,POSITION Y,ER,06 Mar 2026,1,0.0541,,,,,Open,K2VJ_CYL_COMP_2026-03-06_1,2026-06-05 13:57:30,1
6cebfc9a,cmm,Measurement,Produksi,CYL COMP,K2VJ,J151,POSITION X,AL,06 Mar 2026,1,-0.3456,,,,,Open,K2VJ_CYL_COMP_2026-03-06_1,2026-06-05 13:58:48,0
2122e173,cmm,Measurement,Produksi,CYL COMP,K2VJ,J151,POSITION X,AR,06 Mar 2026,1,-0.3541,,,,,Open,K2VJ_CYL_COMP_2026-03-06_1,2026-06-05 13:58:48,0
56195373,cmm,Measurement,Produksi,CYL COMP,K2VJ,J151,POSITION X,CL,06 Mar 2026,1,-0.6424,,,,,Open,K2VJ_CYL_COMP_2026-03-06_1,2026-06-05 13:58:48,0
2e55110d,cmm,Measurement,Produksi,CYL COMP,K2VJ,J151,POSITION X,CR,06 Mar 2026,1,-0.6073,,,,,Open,K2VJ_CYL_COMP_2026-03-06_1,2026-06-05 13:58:49,0
c8ea26ea,cmm,Measurement,Produksi,CYL COMP,K2VJ,J151,POSITION X,DL,06 Mar 2026,1,-0.756,,,,,Open,K2VJ_CYL_COMP_2026-03-06_1,2026-06-05 13:58:49,0
ae73fc2d,cmm,Measurement,Produksi,CYL COMP,K2VJ,J151,POSITION X,DR,06 Mar 2026,1,-0.7444,,,,,Open,K2VJ_CYL_COMP_2026-03-06_1,2026-06-05 13:58:49,0
8a935426,cmm,Measurement,Produksi,CYL COMP,K2VJ,J151,POSITION X,EL,06 Mar 2026,1,-0.7465,,,,,Open,K2VJ_CYL_COMP_2026-03-06_1,2026-06-05 13:58:49,0
926b51cf,cmm,Measurement,Produksi,CYL COMP,K2VJ,J151,POSITION X,ER,06 Mar 2026,1,-0.7607,,,,,Open,K2VJ_CYL_COMP_2026-03-06_1,2026-06-05 13:58:49,0
82de9ce2,cmm,Measurement,Produksi,CYL COMP,K2VJ,J151,POSITION Y,BL,06 Mar 2026,1,-0.2255,,,,,Open,K2VJ_CYL_COMP_2026-03-06_1,2026-06-05 13:58:49,0
d86b43db,cmm,Measurement,Produksi,CYL COMP,K2VJ,J151,POSITION Y,DL,06 Mar 2026,1,0.3851,,,,,Open,K2VJ_CYL_COMP_2026-03-06_1,2026-06-05 13:58:49,0
e5527fbc,cmm,Measurement,Produksi,CYL COMP,K2VJ,J151,POSITION Y,DR,06 Mar 2026,1,0.2526,,,,,Open,K2VJ_CYL_COMP_2026-03-06_1,2026-06-05 13:58:49,0
90a61d06,cmm,Measurement,Produksi,CYL COMP,K2VJ,J152,POSITION X,AL,06 Mar 2026,1,0.2287,,,,,Open,K2VJ_CYL_COMP_2026-03-06_1,2026-06-05 13:58:50,0
408b2239,cmm,Measurement,Produksi,CYL COMP,K2VJ,J152,POSITION X,AR,06 Mar 2026,1,0.2321,,,,,Open,K2VJ_CYL_COMP_2026-03-06_1,2026-06-05 13:58:50,1
9a8fa040,cmm,Measurement,Produksi,CYL COMP,K2VJ,J152,POSITION X,CL,06 Mar 2026,1,0.5466,,,,,Open,K2VJ_CYL_COMP_2026-03-06_1,2026-06-05 13:58:50,0
0d6d3868,cmm,Measurement,Produksi,CYL COMP,K2VJ,J152,POSITION X,CR,06 Mar 2026,1,0.4981,,,,,Open,K2VJ_CYL_COMP_2026-03-06_1,2026-06-05 13:58:50,0
4df90be7,cmm,Measurement,Produksi,CYL COMP,K2VJ,J152,POSITION X,DL,06 Mar 2026,1,0.6081,,,,,Open,K2VJ_CYL_COMP_2026-03-06_1,2026-06-05 13:58:50,0
db071147,cmm,Measurement,Produksi,CYL COMP,K2VJ,J152,POSITION X,DR,06 Mar 2026,1,0.6049,,,,,Open,K2VJ_CYL_COMP_2026-03-06_1,2026-06-05 13:58:50,0
e0128c26,cmm,Measurement,Produksi,CYL COMP,K2VJ,J152,POSITION X,EL,06 Mar 2026,1,0.5757,,,,,Open,K2VJ_CYL_COMP_2026-03-06_1,2026-06-05 13:58:50,1
7b75d500,cmm,Measurement,Produksi,CYL COMP,K2VJ,J152,POSITION X,ER,06 Mar 2026,1,0.5905,,,,,Open,K2VJ_CYL_COMP_2026-03-06_1,2026-06-05 13:58:50,1
a8b11182,cmm,Measurement,Produksi,CYL COMP,K2VJ,J152,POSITION Y,AL,06 Mar 2026,1,-0.3328,,,,,Open,K2VJ_CYL_COMP_2026-03-06_1,2026-06-05 13:58:51,0
3952247a,cmm,Measurement,Produksi,CYL COMP,K2VJ,J152,POSITION Y,AR,06 Mar 2026,1,-0.435,,,,,Open,K2VJ_CYL_COMP_2026-03-06_1,2026-06-05 13:58:51,0
b3abae6b,cmm,Measurement,Produksi,CYL COMP,K2VJ,J152,POSITION Y,CL,06 Mar 2026,1,-0.3259,,,,,Open,K2VJ_CYL_COMP_2026-03-06_1,2026-06-05 13:58:51,0
fd4e0db6,cmm,Measurement,Produksi,CYL COMP,K2VJ,J152,POSITION Y,CR,06 Mar 2026,1,-0.234,,,,,Open,K2VJ_CYL_COMP_2026-03-06_1,2026-06-05 13:58:51,0
91c6c5d9,cmm,Measurement,Produksi,CYL COMP,K2VJ,J152,POSITION Y,DL,06 Mar 2026,1,-0.3083,,,,,Open,K2VJ_CYL_COMP_2026-03-06_1,2026-06-05 13:58:51,0
ba98a4b3,cmm,Measurement,Produksi,CYL COMP,K2VJ,J152,POSITION Y,DR,06 Mar 2026,1,-0.3367,,,,,Open,K2VJ_CYL_COMP_2026-03-06_1,2026-06-05 13:58:51,0
600f8f00,cmm,Measurement,Produksi,CYL COMP,K2VJ,J152,POSITION Y,EL,06 Mar 2026,1,-0.4818,,,,,Open,K2VJ_CYL_COMP_2026-03-06_1,2026-06-05 13:58:51,1
ff5bcea4,cmm,Measurement,Produksi,CYL COMP,K2VJ,J152,POSITION Y,ER,06 Mar 2026,1,-0.5652,,,,,Open,K2VJ_CYL_COMP_2026-03-06_1,2026-06-05 13:58:52,0
ce85351d,cmm,Measurement,Produksi,CYL COMP,K2VJ,J163,POSITION X,AL,06 Mar 2026,1,-0.0544,,,,,Open,K2VJ_CYL_COMP_2026-03-06_1,2026-06-05 13:58:52,0
3fc05c3c,cmm,Measurement,Produksi,CYL COMP,K2VJ,K301,POSITION X THD CENTER,BR,06 Mar 2026,1,0.207,,,,,Open,K2VJ_CYL_COMP_2026-03-06_1,2026-06-05 13:58:52,0
69597e50,cmm,Measurement,Produksi,CYL COMP,K2VJ,K301,POSITION X THD CENTER,CL,06 Mar 2026,1,0.5584,,,,,Open,K2VJ_CYL_COMP_2026-03-06_1,2026-06-05 13:58:52,0
9843c23f,cmm,Measurement,Produksi,CYL COMP,K2VJ,K301,POSITION X THD CENTER,CR,06 Mar 2026,1,0.4826,,,,,Open,K2VJ_CYL_COMP_2026-03-06_1,2026-06-05 13:58:52,1
c3d543eb,cmm,Measurement,Produksi,CYL COMP,K2VJ,K301,POSITION X THD CENTER,DL,06 Mar 2026,1,0.3662,,,,,Open,K2VJ_CYL_COMP_2026-03-06_1,2026-06-05 13:58:52,0
77571448,cmm,Measurement,Produksi,CYL COMP,K2VJ,K301,POSITION X THD CENTER,DR,06 Mar 2026,1,0.3485,,,,,Open,K2VJ_CYL_COMP_2026-03-06_1,2026-06-05 13:58:52,1
fc052063,cmm,Measurement,Produksi,CYL COMP,K2VJ,K301,POSITION X THD CENTER,EL,06 Mar 2026,1,0.4124,,,,,Open,K2VJ_CYL_COMP_2026-03-06_1,2026-06-05 13:58:52,0
baa7507b,cmm,Measurement,Produksi,CYL COMP,K2VJ,K301,POSITION X THD CENTER,ER,06 Mar 2026,1,0.4209,,,,,Open,K2VJ_CYL_COMP_2026-03-06_1,2026-06-05 13:58:53,0
a8e03035,cmm,Measurement,Produksi,CYL COMP,K2VJ,K301,POSITION Y,CL,06 Mar 2026,1,0.2204,,,,,Open,K2VJ_CYL_COMP_2026-03-06_1,2026-06-05 13:58:53,0
4e998c76,cmm,Measurement,Produksi,CYL COMP,K2VJ,K301,POSITION Y,DL,06 Mar 2026,1,-0.227,,,,,Open,K2VJ_CYL_COMP_2026-03-06_1,2026-06-05 13:58:53,0
44ab5f8e,cmm,Measurement,Produksi,CYL COMP,K2VJ,K301,POSITION Y,DR,06 Mar 2026,1,-0.2645,,,,,Open,K2VJ_CYL_COMP_2026-03-06_1,2026-06-05 13:58:53,1
7dbdeab2,cmm,Measurement,Produksi,CYL COMP,K2VJ,K302,POSITION Y,CL,06 Mar 2026,1,0.2207,,,,,Open,K2VJ_CYL_COMP_2026-03-06_1,2026-06-05 13:58:53,0
9cb06e79,cmm,Measurement,Produksi,CYL COMP,K2VJ,K302,POSITION Y,CR,06 Mar 2026,1,0.2054,,,,,Open,K2VJ_CYL_COMP_2026-03-06_1,2026-06-05 13:58:53,0
b1ba131a,cmm,Measurement,Produksi,CYL COMP,K2VJ,K302,POSITION Y,DL,06 Mar 2026,1,-0.2448,,,,,Open,K2VJ_CYL_COMP_2026-03-06_1,2026-06-05 13:58:53,0
7d7e9fca,cmm,Measurement,Produksi,CYL COMP,K2VJ,K302,POSITION Y,DR,06 Mar 2026,1,-0.3158,,,,,Open,K2VJ_CYL_COMP_2026-03-06_1,2026-06-05 13:58:53,1
13feba0c,cmm,Measurement,Produksi,CYL COMP,K2VJ,K303,POSITION X,CL,06 Mar 2026,1,0.2748,,,,,Open,K2VJ_CYL_COMP_2026-03-06_1,2026-06-05 13:58:54,0
15267054,cmm,Measurement,Produksi,CYL COMP,K2VJ,K303,POSITION X,CR,06 Mar 2026,1,0.2529,,,,,Open,K2VJ_CYL_COMP_2026-03-06_1,2026-06-05 13:58:54,0
50f2a418,cmm,Measurement,Produksi,CYL COMP,K2VJ,K303,POSITION X,EL,06 Mar 2026,1,-0.3422,,,,,Open,K2VJ_CYL_COMP_2026-03-06_1,2026-06-05 13:58:54,1
4e8cabca,cmm,Measurement,Produksi,CYL COMP,K2VJ,K303,POSITION X,ER,06 Mar 2026,1,-0.386,,,,,Open,K2VJ_CYL_COMP_2026-03-06_1,2026-06-05 13:58:54,0
b770057f,cmm,Measurement,Produksi,CYL COMP,K2VJ,K304,POSITION Y,AL,06 Mar 2026,1,-0.3175,,,,,Open,K2VJ_CYL_COMP_2026-03-06_1,2026-06-05 13:58:54,0
5e6029a2,cmm,Measurement,Produksi,CYL COMP,K2VJ,K304,POSITION Y,AR,06 Mar 2026,1,-0.2966,,,,,Open,K2VJ_CYL_COMP_2026-03-06_1,2026-06-05 13:58:54,0
b8ddf891,cmm,Measurement,Produksi,CYL COMP,K2VJ,K304,POSITION Y,BR,06 Mar 2026,1,-0.2141,,,,,Open,K2VJ_CYL_COMP_2026-03-06_1,2026-06-05 13:58:54,0
7373e569,cmm,Measurement,Produksi,CYL COMP,K2VJ,K304,POSITION Y,DL,06 Mar 2026,1,-0.329,,,,,Open,K2VJ_CYL_COMP_2026-03-06_1,2026-06-05 13:58:54,0
c1a9ab99,cmm,Measurement,Produksi,CYL COMP,K2VJ,K304,POSITION Y,DR,06 Mar 2026,1,-0.3285,,,,,Open,K2VJ_CYL_COMP_2026-03-06_1,2026-06-05 13:58:55,0
bca87562,cmm,Measurement,Produksi,CYL COMP,K2VJ,K304,POSITION Y,EL,06 Mar 2026,1,-0.2812,,,,,Open,K2VJ_CYL_COMP_2026-03-06_1,2026-06-05 13:58:55,0
991cdd6d,cmm,Measurement,Produksi,CYL COMP,K2VJ,K304,POSITION Y,ER,06 Mar 2026,1,-0.326,,,,,Open,K2VJ_CYL_COMP_2026-03-06_1,2026-06-05 13:58:55,0
427dcf67,cmm,Measurement,Produksi,CYL COMP,K2VJ,K304,POSITION X,CL,06 Mar 2026,1,-0.4028,,,,,Open,K2VJ_CYL_COMP_2026-03-06_1,2026-06-05 13:58:55,0
f5a693ee,cmm,Measurement,Produksi,CYL COMP,K2VJ,K304,POSITION X,CR,06 Mar 2026,1,-0.3853,,,,,Open,K2VJ_CYL_COMP_2026-03-06_1,2026-06-05 13:58:55,0
80bc82c5,cmm,Measurement,Produksi,CYL COMP,K2VJ,K304,POSITION X,DL,06 Mar 2026,1,-0.5122,,,,,Open,K2VJ_CYL_COMP_2026-03-06_1,2026-06-05 13:58:55,0
cc9d4a72,cmm,Measurement,Produksi,CYL COMP,K2VJ,K304,POSITION X,DR,06 Mar 2026,1,-0.452,,,,,Open,K2VJ_CYL_COMP_2026-03-06_1,2026-06-05 13:58:55,0
e454aeab,cmm,Measurement,Produksi,CYL COMP,K2VJ,K304,POSITION X,EL,06 Mar 2026,1,-0.2321,,,,,Open,K2VJ_CYL_COMP_2026-03-06_1,2026-06-05 13:58:55,0
ce0c219c,cmm,Measurement,Produksi,CYL COMP,K2VJ,K305,POSITION X,AL,06 Mar 2026,1,-0.4149,,,,,Open,K2VJ_CYL_COMP_2026-03-06_1,2026-06-05 13:58:56,0
23b31b8f,cmm,Measurement,Produksi,CYL COMP,K2VJ,K305,POSITION X,AR,06 Mar 2026,1,-0.378,,,,,Open,K2VJ_CYL_COMP_2026-03-06_1,2026-06-05 13:58:56,0
66ee8105,cmm,Measurement,Produksi,CYL COMP,K2VJ,K305,POSITION X,BL,06 Mar 2026,1,-0.5028,,,,,Open,K2VJ_CYL_COMP_2026-03-06_1,2026-06-05 13:58:56,1
81f365c2,cmm,Measurement,Produksi,CYL COMP,K2VJ,K305,POSITION X,BR,06 Mar 2026,1,-0.5613,,,,,Open,K2VJ_CYL_COMP_2026-03-06_1,2026-06-05 13:58:56,0
9b0ec710,cmm,Measurement,Produksi,CYL COMP,K2VJ,K305,POSITION X,CL,06 Mar 2026,1,-0.3658,,,,,Open,K2VJ_CYL_COMP_2026-03-06_1,2026-06-05 13:58:56,1
0f098f85,cmm,Measurement,Produksi,CYL COMP,K2VJ,K305,POSITION X,CR,06 Mar 2026,1,-0.3268,,,,,Open,K2VJ_CYL_COMP_2026-03-06_1,2026-06-05 13:58:56,0
f68239a7,cmm,Measurement,Produksi,CYL COMP,K2VJ,K305,POSITION X,DL,06 Mar 2026,1,-0.6402,,,,,Open,K2VJ_CYL_COMP_2026-03-06_1,2026-06-05 13:58:56,0
d402ae87,cmm,Measurement,Produksi,CYL COMP,K2VJ,K305,POSITION X,DR,06 Mar 2026,1,-0.6644,,,,,Open,K2VJ_CYL_COMP_2026-03-06_1,2026-06-05 13:58:56,0
b265d0f7,cmm,Measurement,Produksi,CYL COMP,K2VJ,K305,POSITION X,EL,06 Mar 2026,1,-0.6746,,,,,Open,K2VJ_CYL_COMP_2026-03-06_1,2026-06-05 13:58:56,0
783ec3e8,cmm,Measurement,Produksi,CYL COMP,K2VJ,K305,POSITION X,ER,06 Mar 2026,1,-0.7176,,,,,Open,K2VJ_CYL_COMP_2026-03-06_1,2026-06-05 13:58:57,0
e29094f2,cmm,Measurement,Produksi,CYL COMP,K2VJ,K305,POSITION Y THD FACE HEAD,CR,06 Mar 2026,1,-0.2083,,,,,Open,K2VJ_CYL_COMP_2026-03-06_1,2026-06-05 13:58:57,0
d43badd0,cmm,Measurement,Produksi,CYL COMP,K2VJ,K305,POSITION Y,EL,06 Mar 2026,1,-0.2209,,,,,Open,K2VJ_CYL_COMP_2026-03-06_1,2026-06-05 13:58:57,0
0d0ac1a9,cmm,Measurement,Produksi,CYL COMP,K2VJ,K305,POSITION Y,ER,06 Mar 2026,1,-0.2714,,,,,Open,K2VJ_CYL_COMP_2026-03-06_1,2026-06-05 13:58:57,0
62e00f60,cmm,Measurement,Produksi,CYL COMP,K2VJ,K401,POSITION X,DL,06 Mar 2026,1,0.3382,,,,,Open,K2VJ_CYL_COMP_2026-03-06_1,2026-06-05 13:58:57,1
dcebc099,cmm,Measurement,Produksi,CYL COMP,K2VJ,K401,POSITION X,DR,06 Mar 2026,1,0.302,,,,,Open,K2VJ_CYL_COMP_2026-03-06_1,2026-06-05 13:58:57,0
d4a7abdc,cmm,Measurement,Produksi,CYL COMP,K2VJ,K401,POSITION X,EL,06 Mar 2026,1,0.4206,,,,,Open,K2VJ_CYL_COMP_2026-03-06_1,2026-06-05 13:58:57,0
14098dbe,cmm,Measurement,Produksi,CYL COMP,K2VJ,K401,POSITION X,ER,06 Mar 2026,1,0.4195,,,,,Open,K2VJ_CYL_COMP_2026-03-06_1,2026-06-05 13:58:57,0
426681ce,cmm,Measurement,Produksi,CYL COMP,K2VJ,K401,POSITION Y,AL,06 Mar 2026,1,-0.3239,,,,,Open,K2VJ_CYL_COMP_2026-03-06_1,2026-06-05 13:58:57,0
accfdeb9,cmm,Measurement,Produksi,CYL COMP,K2VJ,K401,POSITION Y,AR,06 Mar 2026,1,-0.3297,,,,,Open,K2VJ_CYL_COMP_2026-03-06_1,2026-06-05 13:58:58,0
ddcb8b3d,cmm,Measurement,Produksi,CYL COMP,K2VJ,K402,POSITION Y,AL,06 Mar 2026,1,-0.2943,,,,,Open,K2VJ_CYL_COMP_2026-03-06_1,2026-06-05 13:58:58,1
1c4ea3a7,cmm,Measurement,Produksi,CYL COMP,K2VJ,K402,POSITION Y,AR,06 Mar 2026,1,-0.3072,,,,,Open,K2VJ_CYL_COMP_2026-03-06_1,2026-06-05 13:58:58,0
79959ae5,cmm,Measurement,Produksi,CYL COMP,K2VJ,K402,POSITION Y,CL,06 Mar 2026,1,-0.1806,,,,,Open,K2VJ_CYL_COMP_2026-03-06_1,2026-06-05 13:58:58,0
1a2fb86a,cmm,Measurement,Produksi,CYL COMP,K2VJ,K402,POSITION Y,EL,06 Mar 2026,1,-0.1599,,,,,Open,K2VJ_CYL_COMP_2026-03-06_1,2026-06-05 13:58:58,0
36a02d4c,cmm,Measurement,Produksi,CYL COMP,K2VJ,K402,POSITION Y,ER,06 Mar 2026,1,-0.1569,,,,,Open,K2VJ_CYL_COMP_2026-03-06_1,2026-06-05 13:58:58,1
12fefc1a,cmm,Measurement,Produksi,CYL COMP,K2VJ,K402,POSITION X,CL,06 Mar 2026,1,-0.1464,,,,,Open,K2VJ_CYL_COMP_2026-03-06_1,2026-06-05 13:58:58,0
d7cca7cf,cmm,Measurement,Produksi,CYL COMP,K2VJ,K402,POSITION X,CR,06 Mar 2026,1,-0.1409,,,,,Open,K2VJ_CYL_COMP_2026-03-06_1,2026-06-05 13:58:58,0
8d50ab8d,cmm,Measurement,Produksi,CYL COMP,K2VJ,K402,POSITION X,EL,06 Mar 2026,1,0.1277,,,,,Open,K2VJ_CYL_COMP_2026-03-06_1,2026-06-05 13:58:59,0
cea60838,cmm,Measurement,Produksi,CYL COMP,K2VJ,K402,POSITION X,ER,06 Mar 2026,1,0.1761,,,,,Open,K2VJ_CYL_COMP_2026-03-06_1,2026-06-05 13:58:59,1
351d7ac3,cmm,Measurement,Produksi,CYL COMP,K2VJ,K403,POSITION X,CL,06 Mar 2026,1,-0.3784,,,,,Open,K2VJ_CYL_COMP_2026-03-06_1,2026-06-05 13:58:59,0
15e0b4dd,cmm,Measurement,Produksi,CYL COMP,K2VJ,K403,POSITION X,CR,06 Mar 2026,1,-0.3589,,,,,Open,K2VJ_CYL_COMP_2026-03-06_1,2026-06-05 13:58:59,0
41167852,cmm,Measurement,Produksi,CYL COMP,K2VJ,K403,POSITION X,DL,06 Mar 2026,1,0.1761,,,,,Open,K2VJ_CYL_COMP_2026-03-06_1,2026-06-05 13:58:59,0
bc8e40fa,cmm,Measurement,Produksi,CYL COMP,K2VJ,K403,POSITION X,DR,06 Mar 2026,1,0.1864,,,,,Open,K2VJ_CYL_COMP_2026-03-06_1,2026-06-05 13:58:59,0
b6dfbd70,cmm,Measurement,Produksi,CYL COMP,K2VJ,K403,POSITION X,EL,06 Mar 2026,1,0.1971,,,,,Open,K2VJ_CYL_COMP_2026-03-06_1,2026-06-05 13:58:59,1
ace1f35f,cmm,Measurement,Produksi,CYL COMP,K2VJ,K403,POSITION X,ER,06 Mar 2026,1,0.2003,,,,,Open,K2VJ_CYL_COMP_2026-03-06_1,2026-06-05 13:58:59,0
4b05c4b7,cmm,Measurement,Produksi,CYL COMP,K2VJ,K403,POSITION Y,AL,06 Mar 2026,1,-0.1547,,,,,Open,K2VJ_CYL_COMP_2026-03-06_1,2026-06-05 13:58:59,1
fe38cdac,cmm,Measurement,Produksi,CYL COMP,K2VJ,K403,POSITION Y,CL,06 Mar 2026,1,-0.1671,,,,,Open,K2VJ_CYL_COMP_2026-03-06_1,2026-06-05 13:59:00,1
de03e29d,cmm,Measurement,Produksi,CYL COMP,K2VJ,L151,DISTANCE DOWELL (Y),BR,06 Mar 2026,1,-0.0535,,,,,Open,K2VJ_CYL_COMP_2026-03-06_1,2026-06-05 13:59:00,0
78127411,cmm,Measurement,Produksi,CYL COMP,K2VJ,L151,DISTANCE DOWELL (X),EL,06 Mar 2026,1,-0.0663,,,,,Open,K2VJ_CYL_COMP_2026-03-06_1,2026-06-05 13:59:00,0
c39b90b7,cmm,Measurement,Produksi,CYL COMP,K2VJ,L151,DISTANCE DOWELL (X),ER,06 Mar 2026,1,-0.0508,,,,,Open,K2VJ_CYL_COMP_2026-03-06_1,2026-06-05 13:59:00,0
bd9d5b83,cmm,Measurement,Produksi,CYL COMP,K2VJ,L152,POSITION X,CL,06 Mar 2026,1,0.3496,,,,,Open,K2VJ_CYL_COMP_2026-03-06_1,2026-06-05 13:59:00,0
7e0eff6c,cmm,Measurement,Produksi,CYL COMP,K2VJ,L152,POSITION X,CR,06 Mar 2026,1,0.3104,,,,,Open,K2VJ_CYL_COMP_2026-03-06_1,2026-06-05 13:59:00,0
b9d9205d,cmm,Measurement,Produksi,CYL COMP,K2VJ,L152,POSITION X,DL,06 Mar 2026,1,0.5167,,,,,Open,K2VJ_CYL_COMP_2026-03-06_1,2026-06-05 13:59:00,0
38af9b92,cmm,Measurement,Produksi,CYL COMP,K2VJ,L152,POSITION X,DR,06 Mar 2026,1,0.5177,,,,,Open,K2VJ_CYL_COMP_2026-03-06_1,2026-06-05 13:59:00,0
6fb7fe12,cmm,Measurement,Produksi,CYL COMP,K2VJ,L152,POSITION X,EL,06 Mar 2026,1,0.4855,,,,,Open,K2VJ_CYL_COMP_2026-03-06_1,2026-06-05 13:59:01,0
570a9cc2,cmm,Measurement,Produksi,CYL COMP,K2VJ,L152,POSITION X,ER,06 Mar 2026,1,0.4835,,,,,Open,K2VJ_CYL_COMP_2026-03-06_1,2026-06-05 13:59:01,0
d499699c,cmm,Measurement,Produksi,CYL COMP,K2VJ,L152,POSITION Y,AL,06 Mar 2026,1,-0.3551,,,,,Open,K2VJ_CYL_COMP_2026-03-06_1,2026-06-05 13:59:01,0
6798c91e,cmm,Measurement,Produksi,CYL COMP,K2VJ,L152,POSITION Y,AR,06 Mar 2026,1,-0.4235,,,,,Open,K2VJ_CYL_COMP_2026-03-06_1,2026-06-05 13:59:01,0
d3273df2,cmm,Measurement,Produksi,CYL COMP,K2VJ,L152,POSITION Y,CL,06 Mar 2026,1,-0.2736,,,,,Open,K2VJ_CYL_COMP_2026-03-06_1,2026-06-05 13:59:01,0
b8aa796c,cmm,Measurement,Produksi,CYL COMP,K2VJ,L152,POSITION Y,CR,06 Mar 2026,1,-0.2381,,,,,Open,K2VJ_CYL_COMP_2026-03-06_1,2026-06-05 13:59:01,1
7a64d5dd,cmm,Measurement,Produksi,CYL COMP,K2VJ,L152,POSITION Y,DL,06 Mar 2026,1,-0.3218,,,,,Open,K2VJ_CYL_COMP_2026-03-06_1,2026-06-05 13:59:01,0
e706a847,cmm,Measurement,Produksi,CYL COMP,K2VJ,L152,POSITION Y,DR,06 Mar 2026,1,-0.2219,,,,,Open,K2VJ_CYL_COMP_2026-03-06_1,2026-06-05 13:59:01,0
42847428,cmm,Measurement,Produksi,CYL COMP,K2VJ,L152,POSITION Y,EL,06 Mar 2026,1,-0.4236,,,,,Open,K2VJ_CYL_COMP_2026-03-06_1,2026-06-05 13:59:01,0
e813a505,cmm,Measurement,Produksi,CYL COMP,K2VJ,L152,POSITION Y,ER,06 Mar 2026,1,-0.4771,,,,,Open,K2VJ_CYL_COMP_2026-03-06_1,2026-06-05 13:59:02,0
04eb6570,cmm,Measurement,Produksi,CYL COMP,K2VJ,L153,POSITION X,AL,06 Mar 2026,1,-0.3182,,,,,Open,K2VJ_CYL_COMP_2026-03-06_1,2026-06-05 13:59:02,1
ccbefb02,cmm,Measurement,Produksi,CYL COMP,K2VJ,L153,POSITION X,AR,06 Mar 2026,1,-0.3135,,,,,Open,K2VJ_CYL_COMP_2026-03-06_1,2026-06-05 13:59:02,0
9f766108,cmm,Measurement,Produksi,CYL COMP,K2VJ,L153,POSITION X,CL,06 Mar 2026,1,-0.6792,,,,,Open,K2VJ_CYL_COMP_2026-03-06_1,2026-06-05 13:59:02,1
f21bd192,cmm,Measurement,Produksi,CYL COMP,K2VJ,L153,POSITION X,CR,06 Mar 2026,1,-0.6186,,,,,Open,K2VJ_CYL_COMP_2026-03-06_1,2026-06-05 13:59:02,0
18436ec1,cmm,Measurement,Produksi,CYL COMP,K2VJ,L153,POSITION X,DL,06 Mar 2026,1,-0.9786,,,,,Open,K2VJ_CYL_COMP_2026-03-06_1,2026-06-05 13:59:02,0
ce33d9b9,cmm,Measurement,Produksi,CYL COMP,K2VJ,L153,POSITION X,DR,06 Mar 2026,1,-0.9309,,,,,Open,K2VJ_CYL_COMP_2026-03-06_1,2026-06-05 13:59:02,1
b4af9b0f,cmm,Measurement,Produksi,CYL COMP,K2VJ,L153,POSITION X,EL,06 Mar 2026,1,-0.8856,,,,,Open,K2VJ_CYL_COMP_2026-03-06_1,2026-06-05 13:59:03,0
c12eccd4,cmm,Measurement,Produksi,CYL COMP,K2VJ,L153,POSITION X,ER,06 Mar 2026,1,-0.91,,,,,Open,K2VJ_CYL_COMP_2026-03-06_1,2026-06-05 13:59:03,1
8c6e4832,cmm,Measurement,Produksi,CYL COMP,K2VJ,L153,POSITION Y,BL,06 Mar 2026,1,-0.2287,,,,,Open,K2VJ_CYL_COMP_2026-03-06_1,2026-06-05 13:59:03,0
2d15387f,cmm,Measurement,Produksi,CYL COMP,K2VJ,L153,POSITION Y,CL,06 Mar 2026,1,0.2977,,,,,Open,K2VJ_CYL_COMP_2026-03-06_1,2026-06-05 13:59:03,0
54162111,cmm,Measurement,Produksi,CYL COMP,K2VJ,L153,POSITION Y,CR,06 Mar 2026,1,0.2563,,,,,Open,K2VJ_CYL_COMP_2026-03-06_1,2026-06-05 13:59:03,0
df0eb267,cmm,Measurement,Produksi,CYL COMP,K2VJ,L153,POSITION Y,DL,06 Mar 2026,1,0.2808,,,,,Open,K2VJ_CYL_COMP_2026-03-06_1,2026-06-05 13:59:03,0
df8652ef,cmm,Measurement,Produksi,CYL COMP,K2VJ,L154,POSITION X,BL,06 Mar 2026,1,-0.3503,,,,,Open,K2VJ_CYL_COMP_2026-03-06_1,2026-06-05 13:59:03,0
dc97bd2d,cmm,Measurement,Produksi,CYL COMP,K2VJ,L154,POSITION X,CL,06 Mar 2026,1,0.5431,,,,,Open,K2VJ_CYL_COMP_2026-03-06_1,2026-06-05 13:59:03,1
c83b4b7e,cmm,Measurement,Produksi,CYL COMP,K2VJ,L154,POSITION X,CR,06 Mar 2026,1,0.4605,,,,,Open,K2VJ_CYL_COMP_2026-03-06_1,2026-06-05 13:59:03,0
1d90ce6f,cmm,Measurement,Produksi,CYL COMP,K2VJ,L154,POSITION X,DL,06 Mar 2026,1,1.0067,,,,,Open,K2VJ_CYL_COMP_2026-03-06_1,2026-06-05 13:59:04,1
2d78905a,cmm,Measurement,Produksi,CYL COMP,K2VJ,L154,POSITION X,DR,06 Mar 2026,1,0.9201,,,,,Open,K2VJ_CYL_COMP_2026-03-06_1,2026-06-05 13:59:04,1
ec85ea4a,cmm,Measurement,Produksi,CYL COMP,K2VJ,L154,POSITION X,EL,06 Mar 2026,1,0.9327,,,,,Open,K2VJ_CYL_COMP_2026-03-06_1,2026-06-05 13:59:04,1
b56ad57b,cmm,Measurement,Produksi,CYL COMP,K2VJ,L154,POSITION X,ER,06 Mar 2026,1,0.9857,,,,,Open,K2VJ_CYL_COMP_2026-03-06_1,2026-06-05 13:59:04,0
56f9eb56,cmm,Measurement,Produksi,CYL COMP,K2VJ,L154,POSITION Y,AL,06 Mar 2026,1,-0.544,,,,,Open,K2VJ_CYL_COMP_2026-03-06_1,2026-06-05 13:59:04,0
aa45cd4e,cmm,Measurement,Produksi,CYL COMP,K2VJ,L154,POSITION Y,AR,06 Mar 2026,1,-0.6396,,,,,Open,K2VJ_CYL_COMP_2026-03-06_1,2026-06-05 13:59:04,0
e12b3720,cmm,Measurement,Produksi,CYL COMP,K2VJ,L154,POSITION Y,BL,06 Mar 2026,1,-0.2889,,,,,Open,K2VJ_CYL_COMP_2026-03-06_1,2026-06-05 13:59:04,0
99b442fa,cmm,Measurement,Produksi,CYL COMP,K2VJ,L154,POSITION Y,BR,06 Mar 2026,1,-0.3518,,,,,Open,K2VJ_CYL_COMP_2026-03-06_1,2026-06-05 13:59:04,0
6c408164,cmm,Measurement,Produksi,CYL COMP,K2VJ,L154,POSITION Y,CL,06 Mar 2026,1,-0.4833,,,,,Open,K2VJ_CYL_COMP_2026-03-06_1,2026-06-05 13:59:05,0
a33f7589,cmm,Measurement,Produksi,CYL COMP,K2VJ,L154,POSITION Y,CR,06 Mar 2026,1,-0.3968,,,,,Open,K2VJ_CYL_COMP_2026-03-06_1,2026-06-05 13:59:05,0
5e4c9165,cmm,Measurement,Produksi,CYL COMP,K2VJ,L154,POSITION Y,EL,06 Mar 2026,1,-0.3237,,,,,Open,K2VJ_CYL_COMP_2026-03-06_1,2026-06-05 13:59:05,0
e383bb9d,cmm,Measurement,Produksi,CYL COMP,K2VJ,L154,POSITION Y,ER,06 Mar 2026,1,-0.3741,,,,,Open,K2VJ_CYL_COMP_2026-03-06_1,2026-06-05 13:59:05,0
bfa822f5,cmm,Measurement,Produksi,CYL COMP,K2VJ,L163,POSITION Y,CL,06 Mar 2026,1,-0.3038,,,,,Open,K2VJ_CYL_COMP_2026-03-06_1,2026-06-05 13:59:05,0
ea7fb29c,cmm,Measurement,Produksi,CYL COMP,K2VJ,L163,POSITION Y,CR,06 Mar 2026,1,-0.3315,,,,,Open,K2VJ_CYL_COMP_2026-03-06_1,2026-06-05 13:59:05,0
280b70b2,cmm,Measurement,Produksi,CYL COMP,K2VJ,L163,POSITION Y,DL,06 Mar 2026,1,-0.432,,,,,Open,K2VJ_CYL_COMP_2026-03-06_1,2026-06-05 13:59:05,0
e26fb32a,cmm,Measurement,Produksi,CYL COMP,K2VJ,L163,POSITION Y,DR,06 Mar 2026,1,-0.4041,,,,,Open,K2VJ_CYL_COMP_2026-03-06_1,2026-06-05 13:59:05,0
69799e71,cmm,Measurement,Produksi,CYL COMP,K2VJ,L164,POSITION X,AL,06 Mar 2026,1,0.0518,,,,,Open,K2VJ_CYL_COMP_2026-03-06_1,2026-06-05 13:59:05,1
b423db73,cmm,Measurement,Produksi,CYL COMP,K2VJ,L164,POSITION X,EL,06 Mar 2026,1,-0.0807,,,,,Open,K2VJ_CYL_COMP_2026-03-06_1,2026-06-05 13:59:06,0
4d71d3c1,cmm,Measurement,Produksi,CYL COMP,K2VJ,L164,POSITION Y,ER,06 Mar 2026,1,0.0541,,,,,Open,K2VJ_CYL_COMP_2026-03-06_1,2026-06-05 13:59:06,1
322e187e,cmm,Measurement,Produksi,CYL COMP,K2VJ,J151,POSITION X,AL,06 Mar 2026,1,-0.3456,,,,,Open,K2VJ_CYL_COMP_2026-03-06_1,2026-06-05 14:00:46,0
c208f0de,cmm,Measurement,Produksi,CYL COMP,K2VJ,J151,POSITION X,AR,06 Mar 2026,1,-0.3541,,,,,Open,K2VJ_CYL_COMP_2026-03-06_1,2026-06-05 14:00:46,0
9f3aa062,cmm,Measurement,Produksi,CYL COMP,K2VJ,J151,POSITION X,CL,06 Mar 2026,1,-0.6424,,,,,Open,K2VJ_CYL_COMP_2026-03-06_1,2026-06-05 14:00:46,0
b7197bcc,cmm,Measurement,Produksi,CYL COMP,K2VJ,J151,POSITION X,CR,06 Mar 2026,1,-0.6073,,,,,Open,K2VJ_CYL_COMP_2026-03-06_1,2026-06-05 14:00:46,0
99eed65b,cmm,Measurement,Produksi,CYL COMP,K2VJ,J151,POSITION X,DL,06 Mar 2026,1,-0.756,,,,,Open,K2VJ_CYL_COMP_2026-03-06_1,2026-06-05 14:00:46,0
d7800e8c,cmm,Measurement,Produksi,CYL COMP,K2VJ,J151,POSITION X,DR,06 Mar 2026,1,-0.7444,,,,,Open,K2VJ_CYL_COMP_2026-03-06_1,2026-06-05 14:00:46,0
c6d676dd,cmm,Measurement,Produksi,CYL COMP,K2VJ,J151,POSITION X,EL,06 Mar 2026,1,-0.7465,,,,,Open,K2VJ_CYL_COMP_2026-03-06_1,2026-06-05 14:00:46,0
5ea9f928,cmm,Measurement,Produksi,CYL COMP,K2VJ,J151,POSITION X,ER,06 Mar 2026,1,-0.7607,,,,,Open,K2VJ_CYL_COMP_2026-03-06_1,2026-06-05 14:00:46,0
eac26100,cmm,Measurement,Produksi,CYL COMP,K2VJ,J151,POSITION Y,BL,06 Mar 2026,1,-0.2255,,,,,Open,K2VJ_CYL_COMP_2026-03-06_1,2026-06-05 14:00:47,0
ebf22774,cmm,Measurement,Produksi,CYL COMP,K2VJ,J151,POSITION Y,DL,06 Mar 2026,1,0.3851,,,,,Open,K2VJ_CYL_COMP_2026-03-06_1,2026-06-05 14:00:47,0
7a04af8d,cmm,Measurement,Produksi,CYL COMP,K2VJ,J151,POSITION Y,DR,06 Mar 2026,1,0.2526,,,,,Open,K2VJ_CYL_COMP_2026-03-06_1,2026-06-05 14:00:47,0
39388814,cmm,Measurement,Produksi,CYL COMP,K2VJ,J152,POSITION X,AL,06 Mar 2026,1,0.2287,,,,,Open,K2VJ_CYL_COMP_2026-03-06_1,2026-06-05 14:00:47,0
2edf2bdc,cmm,Measurement,Produksi,CYL COMP,K2VJ,J152,POSITION X,AR,06 Mar 2026,1,0.2321,,,,,Open,K2VJ_CYL_COMP_2026-03-06_1,2026-06-05 14:00:47,1
dde3ecac,cmm,Measurement,Produksi,CYL COMP,K2VJ,J152,POSITION X,CL,06 Mar 2026,1,0.5466,,,,,Open,K2VJ_CYL_COMP_2026-03-06_1,2026-06-05 14:00:47,0
16c3b994,cmm,Measurement,Produksi,CYL COMP,K2VJ,J152,POSITION X,CR,06 Mar 2026,1,0.4981,,,,,Open,K2VJ_CYL_COMP_2026-03-06_1,2026-06-05 14:00:47,0
f1cda96f,cmm,Measurement,Produksi,CYL COMP,K2VJ,J152,POSITION X,DL,06 Mar 2026,1,0.6081,,,,,Open,K2VJ_CYL_COMP_2026-03-06_1,2026-06-05 14:00:47,0
2c2ebc8a,cmm,Measurement,Produksi,CYL COMP,K2VJ,J152,POSITION X,DR,06 Mar 2026,1,0.6049,,,,,Open,K2VJ_CYL_COMP_2026-03-06_1,2026-06-05 14:00:47,0
375d2c7b,cmm,Measurement,Produksi,CYL COMP,K2VJ,J152,POSITION X,EL,06 Mar 2026,1,0.5757,,,,,Open,K2VJ_CYL_COMP_2026-03-06_1,2026-06-05 14:00:48,1
55dace8b,cmm,Measurement,Produksi,CYL COMP,K2VJ,J152,POSITION X,ER,06 Mar 2026,1,0.5905,,,,,Open,K2VJ_CYL_COMP_2026-03-06_1,2026-06-05 14:00:48,1
26a1ea2d,cmm,Measurement,Produksi,CYL COMP,K2VJ,J152,POSITION Y,AL,06 Mar 2026,1,-0.3328,,,,,Open,K2VJ_CYL_COMP_2026-03-06_1,2026-06-05 14:00:48,0
8180ee9d,cmm,Measurement,Produksi,CYL COMP,K2VJ,J152,POSITION Y,AR,06 Mar 2026,1,-0.435,,,,,Open,K2VJ_CYL_COMP_2026-03-06_1,2026-06-05 14:00:48,0
280e2123,cmm,Measurement,Produksi,CYL COMP,K2VJ,J152,POSITION Y,CL,06 Mar 2026,1,-0.3259,,,,,Open,K2VJ_CYL_COMP_2026-03-06_1,2026-06-05 14:00:48,0
4c9b4984,cmm,Measurement,Produksi,CYL COMP,K2VJ,J152,POSITION Y,CR,06 Mar 2026,1,-0.234,,,,,Open,K2VJ_CYL_COMP_2026-03-06_1,2026-06-05 14:00:48,0
f934fb6a,cmm,Measurement,Produksi,CYL COMP,K2VJ,J152,POSITION Y,DL,06 Mar 2026,1,-0.3083,,,,,Open,K2VJ_CYL_COMP_2026-03-06_1,2026-06-05 14:00:48,0
f2d1b81a,cmm,Measurement,Produksi,CYL COMP,K2VJ,J152,POSITION Y,DR,06 Mar 2026,1,-0.3367,,,,,Open,K2VJ_CYL_COMP_2026-03-06_1,2026-06-05 14:00:48,0
61aeeffb,cmm,Measurement,Produksi,CYL COMP,K2VJ,J152,POSITION Y,EL,06 Mar 2026,1,-0.4818,,,,,Open,K2VJ_CYL_COMP_2026-03-06_1,2026-06-05 14:00:49,1
6010e478,cmm,Measurement,Produksi,CYL COMP,K2VJ,J152,POSITION Y,ER,06 Mar 2026,1,-0.5652,,,,,Open,K2VJ_CYL_COMP_2026-03-06_1,2026-06-05 14:00:49,0
f2974038,cmm,Measurement,Produksi,CYL COMP,K2VJ,J163,POSITION X,AL,06 Mar 2026,1,-0.0544,,,,,Open,K2VJ_CYL_COMP_2026-03-06_1,2026-06-05 14:00:49,0
76b94832,cmm,Measurement,Produksi,CYL COMP,K2VJ,K301,POSITION X THD CENTER,BR,06 Mar 2026,1,0.207,,,,,Open,K2VJ_CYL_COMP_2026-03-06_1,2026-06-05 14:00:49,0
36620b74,cmm,Measurement,Produksi,CYL COMP,K2VJ,K301,POSITION X THD CENTER,CL,06 Mar 2026,1,0.5584,,,,,Open,K2VJ_CYL_COMP_2026-03-06_1,2026-06-05 14:00:49,0
108d9082,cmm,Measurement,Produksi,CYL COMP,K2VJ,K301,POSITION X THD CENTER,CR,06 Mar 2026,1,0.4826,,,,,Open,K2VJ_CYL_COMP_2026-03-06_1,2026-06-05 14:00:49,1
1648f7f0,cmm,Measurement,Produksi,CYL COMP,K2VJ,K301,POSITION X THD CENTER,DL,06 Mar 2026,1,0.3662,,,,,Open,K2VJ_CYL_COMP_2026-03-06_1,2026-06-05 14:00:49,0
cdac6a3e,cmm,Measurement,Produksi,CYL COMP,K2VJ,K301,POSITION X THD CENTER,DR,06 Mar 2026,1,0.3485,,,,,Open,K2VJ_CYL_COMP_2026-03-06_1,2026-06-05 14:00:49,1
1ba3d32c,cmm,Measurement,Produksi,CYL COMP,K2VJ,K301,POSITION X THD CENTER,EL,06 Mar 2026,1,0.4124,,,,,Open,K2VJ_CYL_COMP_2026-03-06_1,2026-06-05 14:00:49,0
762f8c72,cmm,Measurement,Produksi,CYL COMP,K2VJ,K301,POSITION X THD CENTER,ER,06 Mar 2026,1,0.4209,,,,,Open,K2VJ_CYL_COMP_2026-03-06_1,2026-06-05 14:00:50,0
211004d8,cmm,Measurement,Produksi,CYL COMP,K2VJ,K301,POSITION Y,CL,06 Mar 2026,1,0.2204,,,,,Open,K2VJ_CYL_COMP_2026-03-06_1,2026-06-05 14:00:50,0
f73137c1,cmm,Measurement,Produksi,CYL COMP,K2VJ,K301,POSITION Y,DL,06 Mar 2026,1,-0.227,,,,,Open,K2VJ_CYL_COMP_2026-03-06_1,2026-06-05 14:00:50,0
2f9f5ae4,cmm,Measurement,Produksi,CYL COMP,K2VJ,K301,POSITION Y,DR,06 Mar 2026,1,-0.2645,,,,,Open,K2VJ_CYL_COMP_2026-03-06_1,2026-06-05 14:00:50,1
2cd390d8,cmm,Measurement,Produksi,CYL COMP,K2VJ,K302,POSITION Y,CL,06 Mar 2026,1,0.2207,,,,,Open,K2VJ_CYL_COMP_2026-03-06_1,2026-06-05 14:00:50,0
e25a0c45,cmm,Measurement,Produksi,CYL COMP,K2VJ,K302,POSITION Y,CR,06 Mar 2026,1,0.2054,,,,,Open,K2VJ_CYL_COMP_2026-03-06_1,2026-06-05 14:00:50,0
ce92c97d,cmm,Measurement,Produksi,CYL COMP,K2VJ,K302,POSITION Y,DL,06 Mar 2026,1,-0.2448,,,,,Open,K2VJ_CYL_COMP_2026-03-06_1,2026-06-05 14:00:50,0
2083d38a,cmm,Measurement,Produksi,CYL COMP,K2VJ,K302,POSITION Y,DR,06 Mar 2026,1,-0.3158,,,,,Open,K2VJ_CYL_COMP_2026-03-06_1,2026-06-05 14:00:50,1
b4083162,cmm,Measurement,Produksi,CYL COMP,K2VJ,K303,POSITION X,CL,06 Mar 2026,1,0.2748,,,,,Open,K2VJ_CYL_COMP_2026-03-06_1,2026-06-05 14:00:50,0
79949f03,cmm,Measurement,Produksi,CYL COMP,K2VJ,K303,POSITION X,CR,06 Mar 2026,1,0.2529,,,,,Open,K2VJ_CYL_COMP_2026-03-06_1,2026-06-05 14:00:51,0
c6258487,cmm,Measurement,Produksi,CYL COMP,K2VJ,K303,POSITION X,EL,06 Mar 2026,1,-0.3422,,,,,Open,K2VJ_CYL_COMP_2026-03-06_1,2026-06-05 14:00:51,1
db5a1727,cmm,Measurement,Produksi,CYL COMP,K2VJ,K303,POSITION X,ER,06 Mar 2026,1,-0.386,,,,,Open,K2VJ_CYL_COMP_2026-03-06_1,2026-06-05 14:00:51,0
ca378227,cmm,Measurement,Produksi,CYL COMP,K2VJ,K304,POSITION Y,AL,06 Mar 2026,1,-0.3175,,,,,Open,K2VJ_CYL_COMP_2026-03-06_1,2026-06-05 14:00:51,0
43685fb2,cmm,Measurement,Produksi,CYL COMP,K2VJ,K304,POSITION Y,AR,06 Mar 2026,1,-0.2966,,,,,Open,K2VJ_CYL_COMP_2026-03-06_1,2026-06-05 14:00:51,0
5f8be0ab,cmm,Measurement,Produksi,CYL COMP,K2VJ,K304,POSITION Y,BR,06 Mar 2026,1,-0.2141,,,,,Open,K2VJ_CYL_COMP_2026-03-06_1,2026-06-05 14:00:51,0
d3deb003,cmm,Measurement,Produksi,CYL COMP,K2VJ,K304,POSITION Y,DL,06 Mar 2026,1,-0.329,,,,,Open,K2VJ_CYL_COMP_2026-03-06_1,2026-06-05 14:00:51,0
11146f74,cmm,Measurement,Produksi,CYL COMP,K2VJ,K304,POSITION Y,DR,06 Mar 2026,1,-0.3285,,,,,Open,K2VJ_CYL_COMP_2026-03-06_1,2026-06-05 14:00:52,0
c8da2ccd,cmm,Measurement,Produksi,CYL COMP,K2VJ,K304,POSITION Y,EL,06 Mar 2026,1,-0.2812,,,,,Open,K2VJ_CYL_COMP_2026-03-06_1,2026-06-05 14:00:52,0
f7a3e5e1,cmm,Measurement,Produksi,CYL COMP,K2VJ,K304,POSITION Y,ER,06 Mar 2026,1,-0.326,,,,,Open,K2VJ_CYL_COMP_2026-03-06_1,2026-06-05 14:00:52,0
12a8c5aa,cmm,Measurement,Produksi,CYL COMP,K2VJ,K304,POSITION X,CL,06 Mar 2026,1,-0.4028,,,,,Open,K2VJ_CYL_COMP_2026-03-06_1,2026-06-05 14:00:52,0
1a73e1db,cmm,Measurement,Produksi,CYL COMP,K2VJ,K304,POSITION X,CR,06 Mar 2026,1,-0.3853,,,,,Open,K2VJ_CYL_COMP_2026-03-06_1,2026-06-05 14:00:52,0
ec6812f6,cmm,Measurement,Produksi,CYL COMP,K2VJ,K304,POSITION X,DL,06 Mar 2026,1,-0.5122,,,,,Open,K2VJ_CYL_COMP_2026-03-06_1,2026-06-05 14:00:52,0
e6b5d81b,cmm,Measurement,Produksi,CYL COMP,K2VJ,K304,POSITION X,DR,06 Mar 2026,1,-0.452,,,,,Open,K2VJ_CYL_COMP_2026-03-06_1,2026-06-05 14:00:52,0
8453bb59,cmm,Measurement,Produksi,CYL COMP,K2VJ,K304,POSITION X,EL,06 Mar 2026,1,-0.2321,,,,,Open,K2VJ_CYL_COMP_2026-03-06_1,2026-06-05 14:00:52,0
05dca767,cmm,Measurement,Produksi,CYL COMP,K2VJ,K305,POSITION X,AL,06 Mar 2026,1,-0.4149,,,,,Open,K2VJ_CYL_COMP_2026-03-06_1,2026-06-05 14:00:53,0
3d654ebf,cmm,Measurement,Produksi,CYL COMP,K2VJ,K305,POSITION X,AR,06 Mar 2026,1,-0.378,,,,,Open,K2VJ_CYL_COMP_2026-03-06_1,2026-06-05 14:00:53,0
61fa5dcf,cmm,Measurement,Produksi,CYL COMP,K2VJ,K305,POSITION X,BL,06 Mar 2026,1,-0.5028,,,,,Open,K2VJ_CYL_COMP_2026-03-06_1,2026-06-05 14:00:53,1
0742a425,cmm,Measurement,Produksi,CYL COMP,K2VJ,K305,POSITION X,BR,06 Mar 2026,1,-0.5613,,,,,Open,K2VJ_CYL_COMP_2026-03-06_1,2026-06-05 14:00:53,0
eec9413b,cmm,Measurement,Produksi,CYL COMP,K2VJ,K305,POSITION X,CL,06 Mar 2026,1,-0.3658,,,,,Open,K2VJ_CYL_COMP_2026-03-06_1,2026-06-05 14:00:53,1
a56ec0de,cmm,Measurement,Produksi,CYL COMP,K2VJ,K305,POSITION X,CR,06 Mar 2026,1,-0.3268,,,,,Open,K2VJ_CYL_COMP_2026-03-06_1,2026-06-05 14:00:53,0
577deb5a,cmm,Measurement,Produksi,CYL COMP,K2VJ,K305,POSITION X,DL,06 Mar 2026,1,-0.6402,,,,,Open,K2VJ_CYL_COMP_2026-03-06_1,2026-06-05 14:00:53,0
4297432e,cmm,Measurement,Produksi,CYL COMP,K2VJ,K305,POSITION X,DR,06 Mar 2026,1,-0.6644,,,,,Open,K2VJ_CYL_COMP_2026-03-06_1,2026-06-05 14:00:53,0
2b149aa8,cmm,Measurement,Produksi,CYL COMP,K2VJ,K305,POSITION X,EL,06 Mar 2026,1,-0.6746,,,,,Open,K2VJ_CYL_COMP_2026-03-06_1,2026-06-05 14:00:54,0
373385ec,cmm,Measurement,Produksi,CYL COMP,K2VJ,K305,POSITION X,ER,06 Mar 2026,1,-0.7176,,,,,Open,K2VJ_CYL_COMP_2026-03-06_1,2026-06-05 14:00:54,0
66eda8dd,cmm,Measurement,Produksi,CYL COMP,K2VJ,K305,POSITION Y THD FACE HEAD,CR,06 Mar 2026,1,-0.2083,,,,,Open,K2VJ_CYL_COMP_2026-03-06_1,2026-06-05 14:00:54,0
84529eaf,cmm,Measurement,Produksi,CYL COMP,K2VJ,K305,POSITION Y,EL,06 Mar 2026,1,-0.2209,,,,,Open,K2VJ_CYL_COMP_2026-03-06_1,2026-06-05 14:00:54,0
49a7c528,cmm,Measurement,Produksi,CYL COMP,K2VJ,K305,POSITION Y,ER,06 Mar 2026,1,-0.2714,,,,,Open,K2VJ_CYL_COMP_2026-03-06_1,2026-06-05 14:00:54,0
75114825,cmm,Measurement,Produksi,CYL COMP,K2VJ,K401,POSITION X,DL,06 Mar 2026,1,0.3382,,,,,Open,K2VJ_CYL_COMP_2026-03-06_1,2026-06-05 14:00:54,1
745534b8,cmm,Measurement,Produksi,CYL COMP,K2VJ,K401,POSITION X,DR,06 Mar 2026,1,0.302,,,,,Open,K2VJ_CYL_COMP_2026-03-06_1,2026-06-05 14:00:54,0
f5e03157,cmm,Measurement,Produksi,CYL COMP,K2VJ,K401,POSITION X,EL,06 Mar 2026,1,0.4206,,,,,Open,K2VJ_CYL_COMP_2026-03-06_1,2026-06-05 14:00:54,0
5b12de53,cmm,Measurement,Produksi,CYL COMP,K2VJ,K401,POSITION X,ER,06 Mar 2026,1,0.4195,,,,,Open,K2VJ_CYL_COMP_2026-03-06_1,2026-06-05 14:00:55,0
7c2d7eac,cmm,Measurement,Produksi,CYL COMP,K2VJ,K401,POSITION Y,AL,06 Mar 2026,1,-0.3239,,,,,Open,K2VJ_CYL_COMP_2026-03-06_1,2026-06-05 14:00:55,0
8cad241e,cmm,Measurement,Produksi,CYL COMP,K2VJ,K401,POSITION Y,AR,06 Mar 2026,1,-0.3297,,,,,Open,K2VJ_CYL_COMP_2026-03-06_1,2026-06-05 14:00:55,0
148bc26a,cmm,Measurement,Produksi,CYL COMP,K2VJ,K402,POSITION Y,AL,06 Mar 2026,1,-0.2943,,,,,Open,K2VJ_CYL_COMP_2026-03-06_1,2026-06-05 14:00:55,1
86602c93,cmm,Measurement,Produksi,CYL COMP,K2VJ,K402,POSITION Y,AR,06 Mar 2026,1,-0.3072,,,,,Open,K2VJ_CYL_COMP_2026-03-06_1,2026-06-05 14:00:55,0
addedf74,cmm,Measurement,Produksi,CYL COMP,K2VJ,K402,POSITION Y,CL,06 Mar 2026,1,-0.1806,,,,,Open,K2VJ_CYL_COMP_2026-03-06_1,2026-06-05 14:00:55,0
4141fb17,cmm,Measurement,Produksi,CYL COMP,K2VJ,K402,POSITION Y,EL,06 Mar 2026,1,-0.1599,,,,,Open,K2VJ_CYL_COMP_2026-03-06_1,2026-06-05 14:00:55,0
9ab7088a,cmm,Measurement,Produksi,CYL COMP,K2VJ,K402,POSITION Y,ER,06 Mar 2026,1,-0.1569,,,,,Open,K2VJ_CYL_COMP_2026-03-06_1,2026-06-05 14:00:55,1
0da68d7f,cmm,Measurement,Produksi,CYL COMP,K2VJ,K402,POSITION X,CL,06 Mar 2026,1,-0.1464,,,,,Open,K2VJ_CYL_COMP_2026-03-06_1,2026-06-05 14:00:55,0
f996721a,cmm,Measurement,Produksi,CYL COMP,K2VJ,K402,POSITION X,CR,06 Mar 2026,1,-0.1409,,,,,Open,K2VJ_CYL_COMP_2026-03-06_1,2026-06-05 14:00:56,0
cabf6811,cmm,Measurement,Produksi,CYL COMP,K2VJ,K402,POSITION X,EL,06 Mar 2026,1,0.1277,,,,,Open,K2VJ_CYL_COMP_2026-03-06_1,2026-06-05 14:00:56,0
8638c6aa,cmm,Measurement,Produksi,CYL COMP,K2VJ,K402,POSITION X,ER,06 Mar 2026,1,0.1761,,,,,Open,K2VJ_CYL_COMP_2026-03-06_1,2026-06-05 14:00:56,1
08e1c472,cmm,Measurement,Produksi,CYL COMP,K2VJ,K403,POSITION X,CL,06 Mar 2026,1,-0.3784,,,,,Open,K2VJ_CYL_COMP_2026-03-06_1,2026-06-05 14:00:56,0
dbc80756,cmm,Measurement,Produksi,CYL COMP,K2VJ,K403,POSITION X,CR,06 Mar 2026,1,-0.3589,,,,,Open,K2VJ_CYL_COMP_2026-03-06_1,2026-06-05 14:00:56,0
bc7ee03e,cmm,Measurement,Produksi,CYL COMP,K2VJ,K403,POSITION X,DL,06 Mar 2026,1,0.1761,,,,,Open,K2VJ_CYL_COMP_2026-03-06_1,2026-06-05 14:00:56,0
a097dea7,cmm,Measurement,Produksi,CYL COMP,K2VJ,K403,POSITION X,DR,06 Mar 2026,1,0.1864,,,,,Open,K2VJ_CYL_COMP_2026-03-06_1,2026-06-05 14:00:56,0
40a8de8b,cmm,Measurement,Produksi,CYL COMP,K2VJ,K403,POSITION X,EL,06 Mar 2026,1,0.1971,,,,,Open,K2VJ_CYL_COMP_2026-03-06_1,2026-06-05 14:00:56,1
3762d30b,cmm,Measurement,Produksi,CYL COMP,K2VJ,K403,POSITION X,ER,06 Mar 2026,1,0.2003,,,,,Open,K2VJ_CYL_COMP_2026-03-06_1,2026-06-05 14:00:56,0
74b5a4f5,cmm,Measurement,Produksi,CYL COMP,K2VJ,K403,POSITION Y,AL,06 Mar 2026,1,-0.1547,,,,,Open,K2VJ_CYL_COMP_2026-03-06_1,2026-06-05 14:00:57,1
d168b68f,cmm,Measurement,Produksi,CYL COMP,K2VJ,K403,POSITION Y,CL,06 Mar 2026,1,-0.1671,,,,,Open,K2VJ_CYL_COMP_2026-03-06_1,2026-06-05 14:00:57,1
25bf38d3,cmm,Measurement,Produksi,CYL COMP,K2VJ,L151,DISTANCE DOWELL (Y),BR,06 Mar 2026,1,-0.0535,,,,,Open,K2VJ_CYL_COMP_2026-03-06_1,2026-06-05 14:00:57,0
652d2cd6,cmm,Measurement,Produksi,CYL COMP,K2VJ,L151,DISTANCE DOWELL (X),EL,06 Mar 2026,1,-0.0663,,,,,Open,K2VJ_CYL_COMP_2026-03-06_1,2026-06-05 14:00:57,0
2dde03e0,cmm,Measurement,Produksi,CYL COMP,K2VJ,L151,DISTANCE DOWELL (X),ER,06 Mar 2026,1,-0.0508,,,,,Open,K2VJ_CYL_COMP_2026-03-06_1,2026-06-05 14:00:57,0
3d2565a9,cmm,Measurement,Produksi,CYL COMP,K2VJ,L152,POSITION X,CL,06 Mar 2026,1,0.3496,,,,,Open,K2VJ_CYL_COMP_2026-03-06_1,2026-06-05 14:00:57,0
20ec3dce,cmm,Measurement,Produksi,CYL COMP,K2VJ,L152,POSITION X,CR,06 Mar 2026,1,0.3104,,,,,Open,K2VJ_CYL_COMP_2026-03-06_1,2026-06-05 14:00:57,0
f1166b21,cmm,Measurement,Produksi,CYL COMP,K2VJ,L152,POSITION X,DL,06 Mar 2026,1,0.5167,,,,,Open,K2VJ_CYL_COMP_2026-03-06_1,2026-06-05 14:00:57,0
80a029a8,cmm,Measurement,Produksi,CYL COMP,K2VJ,L152,POSITION X,DR,06 Mar 2026,1,0.5177,,,,,Open,K2VJ_CYL_COMP_2026-03-06_1,2026-06-05 14:00:58,0
89f331e3,cmm,Measurement,Produksi,CYL COMP,K2VJ,L152,POSITION X,EL,06 Mar 2026,1,0.4855,,,,,Open,K2VJ_CYL_COMP_2026-03-06_1,2026-06-05 14:00:58,0
34c3bd01,cmm,Measurement,Produksi,CYL COMP,K2VJ,L152,POSITION X,ER,06 Mar 2026,1,0.4835,,,,,Open,K2VJ_CYL_COMP_2026-03-06_1,2026-06-05 14:00:58,0
35fc625c,cmm,Measurement,Produksi,CYL COMP,K2VJ,L152,POSITION Y,AL,06 Mar 2026,1,-0.3551,,,,,Open,K2VJ_CYL_COMP_2026-03-06_1,2026-06-05 14:00:58,0
35f69d60,cmm,Measurement,Produksi,CYL COMP,K2VJ,L152,POSITION Y,AR,06 Mar 2026,1,-0.4235,,,,,Open,K2VJ_CYL_COMP_2026-03-06_1,2026-06-05 14:00:58,0
7a4ea39f,cmm,Measurement,Produksi,CYL COMP,K2VJ,L152,POSITION Y,CL,06 Mar 2026,1,-0.2736,,,,,Open,K2VJ_CYL_COMP_2026-03-06_1,2026-06-05 14:00:58,0
04b93437,cmm,Measurement,Produksi,CYL COMP,K2VJ,L152,POSITION Y,CR,06 Mar 2026,1,-0.2381,,,,,Open,K2VJ_CYL_COMP_2026-03-06_1,2026-06-05 14:00:58,1
62c9250b,cmm,Measurement,Produksi,CYL COMP,K2VJ,L152,POSITION Y,DL,06 Mar 2026,1,-0.3218,,,,,Open,K2VJ_CYL_COMP_2026-03-06_1,2026-06-05 14:00:58,0
3d88282f,cmm,Measurement,Produksi,CYL COMP,K2VJ,L152,POSITION Y,DR,06 Mar 2026,1,-0.2219,,,,,Open,K2VJ_CYL_COMP_2026-03-06_1,2026-06-05 14:00:59,0
25b620f1,cmm,Measurement,Produksi,CYL COMP,K2VJ,L152,POSITION Y,EL,06 Mar 2026,1,-0.4236,,,,,Open,K2VJ_CYL_COMP_2026-03-06_1,2026-06-05 14:00:59,0
92dbdd35,cmm,Measurement,Produksi,CYL COMP,K2VJ,L152,POSITION Y,ER,06 Mar 2026,1,-0.4771,,,,,Open,K2VJ_CYL_COMP_2026-03-06_1,2026-06-05 14:00:59,0
a4954489,cmm,Measurement,Produksi,CYL COMP,K2VJ,L153,POSITION X,AL,06 Mar 2026,1,-0.3182,,,,,Open,K2VJ_CYL_COMP_2026-03-06_1,2026-06-05 14:00:59,1
4223aad7,cmm,Measurement,Produksi,CYL COMP,K2VJ,L153,POSITION X,AR,06 Mar 2026,1,-0.3135,,,,,Open,K2VJ_CYL_COMP_2026-03-06_1,2026-06-05 14:00:59,0
d1582f29,cmm,Measurement,Produksi,CYL COMP,K2VJ,L153,POSITION X,CL,06 Mar 2026,1,-0.6792,,,,,Open,K2VJ_CYL_COMP_2026-03-06_1,2026-06-05 14:00:59,1
b80fcd5e,cmm,Measurement,Produksi,CYL COMP,K2VJ,L153,POSITION X,CR,06 Mar 2026,1,-0.6186,,,,,Open,K2VJ_CYL_COMP_2026-03-06_1,2026-06-05 14:00:59,0
0587cac4,cmm,Measurement,Produksi,CYL COMP,K2VJ,L153,POSITION X,DL,06 Mar 2026,1,-0.9786,,,,,Open,K2VJ_CYL_COMP_2026-03-06_1,2026-06-05 14:00:59,0
3ef45ce1,cmm,Measurement,Produksi,CYL COMP,K2VJ,L153,POSITION X,DR,06 Mar 2026,1,-0.9309,,,,,Open,K2VJ_CYL_COMP_2026-03-06_1,2026-06-05 14:00:59,1
db34edc6,cmm,Measurement,Produksi,CYL COMP,K2VJ,L153,POSITION X,EL,06 Mar 2026,1,-0.8856,,,,,Open,K2VJ_CYL_COMP_2026-03-06_1,2026-06-05 14:01:00,0
ed677933,cmm,Measurement,Produksi,CYL COMP,K2VJ,L153,POSITION X,ER,06 Mar 2026,1,-0.91,,,,,Open,K2VJ_CYL_COMP_2026-03-06_1,2026-06-05 14:01:00,1
9dec9a44,cmm,Measurement,Produksi,CYL COMP,K2VJ,L153,POSITION Y,BL,06 Mar 2026,1,-0.2287,,,,,Open,K2VJ_CYL_COMP_2026-03-06_1,2026-06-05 14:01:00,0
0904a37f,cmm,Measurement,Produksi,CYL COMP,K2VJ,L153,POSITION Y,CL,06 Mar 2026,1,0.2977,,,,,Open,K2VJ_CYL_COMP_2026-03-06_1,2026-06-05 14:01:00,0
4c369fad,cmm,Measurement,Produksi,CYL COMP,K2VJ,L153,POSITION Y,CR,06 Mar 2026,1,0.2563,,,,,Open,K2VJ_CYL_COMP_2026-03-06_1,2026-06-05 14:01:00,0
25ccd6f4,cmm,Measurement,Produksi,CYL COMP,K2VJ,L153,POSITION Y,DL,06 Mar 2026,1,0.2808,,,,,Open,K2VJ_CYL_COMP_2026-03-06_1,2026-06-05 14:01:00,0
6bbfd2e1,cmm,Measurement,Produksi,CYL COMP,K2VJ,L154,POSITION X,BL,06 Mar 2026,1,-0.3503,,,,,Open,K2VJ_CYL_COMP_2026-03-06_1,2026-06-05 14:01:00,0
3d43c36c,cmm,Measurement,Produksi,CYL COMP,K2VJ,L154,POSITION X,CL,06 Mar 2026,1,0.5431,,,,,Open,K2VJ_CYL_COMP_2026-03-06_1,2026-06-05 14:01:01,1
27f2112f,cmm,Measurement,Produksi,CYL COMP,K2VJ,L154,POSITION X,CR,06 Mar 2026,1,0.4605,,,,,Open,K2VJ_CYL_COMP_2026-03-06_1,2026-06-05 14:01:01,0
b94bf1bd,cmm,Measurement,Produksi,CYL COMP,K2VJ,L154,POSITION X,DL,06 Mar 2026,1,1.0067,,,,,Open,K2VJ_CYL_COMP_2026-03-06_1,2026-06-05 14:01:01,1
86399430,cmm,Measurement,Produksi,CYL COMP,K2VJ,L154,POSITION X,DR,06 Mar 2026,1,0.9201,,,,,Open,K2VJ_CYL_COMP_2026-03-06_1,2026-06-05 14:01:01,1
29d5ee6c,cmm,Measurement,Produksi,CYL COMP,K2VJ,L154,POSITION X,EL,06 Mar 2026,1,0.9327,,,,,Open,K2VJ_CYL_COMP_2026-03-06_1,2026-06-05 14:01:01,1
54328251,cmm,Measurement,Produksi,CYL COMP,K2VJ,L154,POSITION X,ER,06 Mar 2026,1,0.9857,,,,,Open,K2VJ_CYL_COMP_2026-03-06_1,2026-06-05 14:01:01,0
0f4dbf55,cmm,Measurement,Produksi,CYL COMP,K2VJ,L154,POSITION Y,AL,06 Mar 2026,1,-0.544,,,,,Open,K2VJ_CYL_COMP_2026-03-06_1,2026-06-05 14:01:01,0
2530a327,cmm,Measurement,Produksi,CYL COMP,K2VJ,L154,POSITION Y,AR,06 Mar 2026,1,-0.6396,,,,,Open,K2VJ_CYL_COMP_2026-03-06_1,2026-06-05 14:01:01,0
dd3f4faa,cmm,Measurement,Produksi,CYL COMP,K2VJ,L154,POSITION Y,BL,06 Mar 2026,1,-0.2889,,,,,Open,K2VJ_CYL_COMP_2026-03-06_1,2026-06-05 14:01:02,0
e7a89e95,cmm,Measurement,Produksi,CYL COMP,K2VJ,L154,POSITION Y,BR,06 Mar 2026,1,-0.3518,,,,,Open,K2VJ_CYL_COMP_2026-03-06_1,2026-06-05 14:01:02,0
65e2e3ab,cmm,Measurement,Produksi,CYL COMP,K2VJ,L154,POSITION Y,CL,06 Mar 2026,1,-0.4833,,,,,Open,K2VJ_CYL_COMP_2026-03-06_1,2026-06-05 14:01:02,0
3c048bdd,cmm,Measurement,Produksi,CYL COMP,K2VJ,L154,POSITION Y,CR,06 Mar 2026,1,-0.3968,,,,,Open,K2VJ_CYL_COMP_2026-03-06_1,2026-06-05 14:01:02,0
7bb1278c,cmm,Measurement,Produksi,CYL COMP,K2VJ,L154,POSITION Y,EL,06 Mar 2026,1,-0.3237,,,,,Open,K2VJ_CYL_COMP_2026-03-06_1,2026-06-05 14:01:02,0
bb25e85f,cmm,Measurement,Produksi,CYL COMP,K2VJ,L154,POSITION Y,ER,06 Mar 2026,1,-0.3741,,,,,Open,K2VJ_CYL_COMP_2026-03-06_1,2026-06-05 14:01:02,0
3cfa8542,cmm,Measurement,Produksi,CYL COMP,K2VJ,L163,POSITION Y,CL,06 Mar 2026,1,-0.3038,,,,,Open,K2VJ_CYL_COMP_2026-03-06_1,2026-06-05 14:01:03,0
fd36c935,cmm,Measurement,Produksi,CYL COMP,K2VJ,L163,POSITION Y,CR,06 Mar 2026,1,-0.3315,,,,,Open,K2VJ_CYL_COMP_2026-03-06_1,2026-06-05 14:01:03,0
5bd2d27b,cmm,Measurement,Produksi,CYL COMP,K2VJ,L163,POSITION Y,DL,06 Mar 2026,1,-0.432,,,,,Open,K2VJ_CYL_COMP_2026-03-06_1,2026-06-05 14:01:03,0
0d014475,cmm,Measurement,Produksi,CYL COMP,K2VJ,L163,POSITION Y,DR,06 Mar 2026,1,-0.4041,,,,,Open,K2VJ_CYL_COMP_2026-03-06_1,2026-06-05 14:01:03,0
73ae26f7,cmm,Measurement,Produksi,CYL COMP,K2VJ,L164,POSITION X,AL,06 Mar 2026,1,0.0518,,,,,Open,K2VJ_CYL_COMP_2026-03-06_1,2026-06-05 14:01:03,1
bac5d85b,cmm,Measurement,Produksi,CYL COMP,K2VJ,L164,POSITION X,EL,06 Mar 2026,1,-0.0807,,,,,Open,K2VJ_CYL_COMP_2026-03-06_1,2026-06-05 14:01:03,0
1152abe5,cmm,Measurement,Produksi,CYL COMP,K2VJ,L164,POSITION Y,ER,06 Mar 2026,1,0.0541,,,,,Open,K2VJ_CYL_COMP_2026-03-06_1,2026-06-05 14:01:04,1
aa46df7d,cmm,Measurement,Produksi,CRCS L,K1AL L1,A003,Posisi Y From A006,1,04 Jun 2026,1,-0.122,,,,,Open,K1AL_L1_CRCS_L_2026-06-04_1,2026-06-05 14:16:52,0
1f158617,cmm,Measurement,Produksi,CRCS L,K1AL L1,A005,Perpendicularity To n,1,04 Jun 2026,1,0.014,,,,,Open,K1AL_L1_CRCS_L_2026-06-04_1,2026-06-05 14:16:52,0
c69b1cf6,cmm,Measurement,Produksi,CRCS L,K1AL L1,A006,Concentricity to m,1,04 Jun 2026,1,0.107,,,,,Open,K1AL_L1_CRCS_L_2026-06-04_1,2026-06-05 14:16:52,0
5de09084,cmm,Measurement,Produksi,CRCS L,K1AL L1,A006,Concentricity to m,3,04 Jun 2026,1,0.038,,,,,Open,K1AL_L1_CRCS_L_2026-06-04_1,2026-06-05 14:16:52,0
74d743d3,cmm,Measurement,Produksi,CRCS L,K1AL L1,A006,Concentricity to m,5,04 Jun 2026,1,0.032,,,,,Open,K1AL_L1_CRCS_L_2026-06-04_1,2026-06-05 14:16:52,1
6978b734,cmm,Measurement,Produksi,CRCS L,K1AL L1,A006,Concentricity to m,6,04 Jun 2026,1,0.036,,,,,Open,K1AL_L1_CRCS_L_2026-06-04_1,2026-06-05 14:16:53,0
124317bc,cmm,Measurement,Produksi,CRCS L,K1AL L1,A007,Distance From A006,1,04 Jun 2026,1,0.055,,,,,Open,K1AL_L1_CRCS_L_2026-06-04_1,2026-06-05 14:16:53,1
491450a0,cmm,Measurement,Produksi,CRCS L,K1AL L1,A008,Posisi Y,1,04 Jun 2026,1,0.117,,,,,Open,K1AL_L1_CRCS_L_2026-06-04_1,2026-06-05 14:16:53,0
acfaed7a,cmm,Measurement,Produksi,CRCS L,K1AL L1,A008,Distance From A006,1,04 Jun 2026,1,0.059,,,,,Open,K1AL_L1_CRCS_L_2026-06-04_1,2026-06-05 14:16:53,1
50508651,cmm,Measurement,Produksi,CRCS L,K1AL L1,A042,Posisi X,3,04 Jun 2026,1,-0.209,,,,,Open,K1AL_L1_CRCS_L_2026-06-04_1,2026-06-05 14:16:53,1
ba436a97,cmm,Measurement,Produksi,CRCS L,K1AL L1,A042,Posisi X,4,04 Jun 2026,1,-0.333,,,,,Open,K1AL_L1_CRCS_L_2026-06-04_1,2026-06-05 14:16:53,1
d49fc20b,cmm,Measurement,Produksi,CRCS L,K1AL L1,A042,Posisi X,5,04 Jun 2026,1,-0.229,,,,,Open,K1AL_L1_CRCS_L_2026-06-04_1,2026-06-05 14:16:53,0
f2973b04,cmm,Measurement,Produksi,CRCS L,K1AL L1,A042,Posisi Y,3,04 Jun 2026,1,-0.209,,,,,Open,K1AL_L1_CRCS_L_2026-06-04_1,2026-06-05 14:16:53,0
5dcd2001,cmm,Measurement,Produksi,CRCS L,K1AL L1,A042,Posisi Y,4,04 Jun 2026,1,-0.333,,,,,Open,K1AL_L1_CRCS_L_2026-06-04_1,2026-06-05 14:16:53,0
fa8b7cce,cmm,Measurement,Produksi,CRCS L,K1AL L1,A042,Posisi Y,5,04 Jun 2026,1,-0.229,,,,,Open,K1AL_L1_CRCS_L_2026-06-04_1,2026-06-05 14:16:53,0
59be051a,cmm,Measurement,Produksi,CRCS L,K1AL L1,A151,Posisi X Drill 6.45,2,04 Jun 2026,1,0.204,,,,,Open,K1AL_L1_CRCS_L_2026-06-04_1,2026-06-05 14:16:53,1
058150fc,cmm,Measurement,Produksi,CRCS L,K1AL L1,A151,Posisi X Drill 6.45,4,04 Jun 2026,1,0.28,,,,,Open,K1AL_L1_CRCS_L_2026-06-04_1,2026-06-05 14:16:53,1
07d1537e,cmm,Measurement,Produksi,CRCS L,K1AL L1,A151,Posisi X Drill 6.45,5,04 Jun 2026,1,0.317,,,,,Open,K1AL_L1_CRCS_L_2026-06-04_1,2026-06-05 14:16:53,1
ba731425,cmm,Measurement,Produksi,CRCS L,K1AL L1,A151,Posisi Y Drill 6.45,2,04 Jun 2026,1,0.204,,,,,Open,K1AL_L1_CRCS_L_2026-06-04_1,2026-06-05 14:16:54,0
17dcd77d,cmm,Measurement,Produksi,CRCS L,K1AL L1,A151,Posisi Y Drill 6.45,4,04 Jun 2026,1,0.28,,,,,Open,K1AL_L1_CRCS_L_2026-06-04_1,2026-06-05 14:16:54,0
1ff22ad6,cmm,Measurement,Produksi,CRCS L,K1AL L1,A151,Posisi Y Drill 6.45,5,04 Jun 2026,1,0.317,,,,,Open,K1AL_L1_CRCS_L_2026-06-04_1,2026-06-05 14:16:54,0
df85b2f5,cmm,Measurement,Produksi,CRCS L,K1AL L1,A152,Posisi Y Drill 6.45,4,04 Jun 2026,1,0.235,,,,,Open,K1AL_L1_CRCS_L_2026-06-04_1,2026-06-05 14:16:54,0
313fb561,cmm,Measurement,Produksi,CRCS L,K1AL L1,A152,Posisi Y Drill 6.45,5,04 Jun 2026,1,0.245,,,,,Open,K1AL_L1_CRCS_L_2026-06-04_1,2026-06-05 14:16:54,0
6457d33c,cmm,Measurement,Produksi,CRCS L,K1AL L1,A152,Posisi X Drill 6.45,6,04 Jun 2026,1,0.212,,,,,Open,K1AL_L1_CRCS_L_2026-06-04_1,2026-06-05 14:16:54,1
82617fb4,cmm,Measurement,Produksi,CRCS L,K1AL L1,A153,Posisi X,2,04 Jun 2026,1,0.313,,,,,Open,K1AL_L1_CRCS_L_2026-06-04_1,2026-06-05 14:16:54,1
645985a0,cmm,Measurement,Produksi,CRCS L,K1AL L1,A153,Posisi X,3,04 Jun 2026,1,0.255,,,,,Open,K1AL_L1_CRCS_L_2026-06-04_1,2026-06-05 14:16:54,0
5246e08c,cmm,Measurement,Produksi,CRCS L,K1AL L1,A153,Posisi X,4,04 Jun 2026,1,0.357,,,,,Open,K1AL_L1_CRCS_L_2026-06-04_1,2026-06-05 14:16:54,0
3e97d5b7,cmm,Measurement,Produksi,CRCS L,K1AL L1,A153,Posisi X,5,04 Jun 2026,1,0.426,,,,,Open,K1AL_L1_CRCS_L_2026-06-04_1,2026-06-05 14:16:54,0
1e180aeb,cmm,Measurement,Produksi,CRCS L,K1AL L1,A153,Posisi Y,2,04 Jun 2026,1,0.313,,,,,Open,K1AL_L1_CRCS_L_2026-06-04_1,2026-06-05 14:16:54,0
a87fbac0,cmm,Measurement,Produksi,CRCS L,K1AL L1,A153,Posisi Y,3,04 Jun 2026,1,0.255,,,,,Open,K1AL_L1_CRCS_L_2026-06-04_1,2026-06-05 14:16:54,0
84deab0a,cmm,Measurement,Produksi,CRCS L,K1AL L1,A153,Posisi Y,4,04 Jun 2026,1,0.357,,,,,Open,K1AL_L1_CRCS_L_2026-06-04_1,2026-06-05 14:16:54,0
9e6faec8,cmm,Measurement,Produksi,CRCS L,K1AL L1,A153,Posisi Y,5,04 Jun 2026,1,0.426,,,,,Open,K1AL_L1_CRCS_L_2026-06-04_1,2026-06-05 14:16:54,0
71c1ba3a,cmm,Measurement,Produksi,CRCS L,K1AL L1,A154,Posisi X,2,04 Jun 2026,1,0.319,,,,,Open,K1AL_L1_CRCS_L_2026-06-04_1,2026-06-05 14:16:54,1
ddb75641,cmm,Measurement,Produksi,CRCS L,K1AL L1,A154,Posisi X,3,04 Jun 2026,1,0.245,,,,,Open,K1AL_L1_CRCS_L_2026-06-04_1,2026-06-05 14:16:54,1
96377d91,cmm,Measurement,Produksi,CRCS L,K1AL L1,A154,Posisi X,4,04 Jun 2026,1,0.325,,,,,Open,K1AL_L1_CRCS_L_2026-06-04_1,2026-06-05 14:16:54,1
7e65dc70,cmm,Measurement,Produksi,CRCS L,K1AL L1,A154,Posisi X,5,04 Jun 2026,1,0.406,,,,,Open,K1AL_L1_CRCS_L_2026-06-04_1,2026-06-05 14:16:54,0
45f4e6ba,cmm,Measurement,Produksi,CRCS L,K1AL L1,A154,Posisi Y,2,04 Jun 2026,1,0.319,,,,,Open,K1AL_L1_CRCS_L_2026-06-04_1,2026-06-05 14:16:55,0
28f2619c,cmm,Measurement,Produksi,CRCS L,K1AL L1,A154,Posisi Y,3,04 Jun 2026,1,0.245,,,,,Open,K1AL_L1_CRCS_L_2026-06-04_1,2026-06-05 14:16:55,0
622f884f,cmm,Measurement,Produksi,CRCS L,K1AL L1,A154,Posisi Y,4,04 Jun 2026,1,0.325,,,,,Open,K1AL_L1_CRCS_L_2026-06-04_1,2026-06-05 14:16:55,0
d6161215,cmm,Measurement,Produksi,CRCS L,K1AL L1,A154,Posisi Y,5,04 Jun 2026,1,0.406,,,,,Open,K1AL_L1_CRCS_L_2026-06-04_1,2026-06-05 14:16:55,0
de58b706,cmm,Measurement,Produksi,CRCS L,K1AL L1,A155,Posisi X,2,04 Jun 2026,1,0.329,,,,,Open,K1AL_L1_CRCS_L_2026-06-04_1,2026-06-05 14:16:55,1
a69eebbc,cmm,Measurement,Produksi,CRCS L,K1AL L1,A155,Posisi X,3,04 Jun 2026,1,0.238,,,,,Open,K1AL_L1_CRCS_L_2026-06-04_1,2026-06-05 14:16:55,1
6fefcf7f,cmm,Measurement,Produksi,CRCS L,K1AL L1,A155,Posisi X,4,04 Jun 2026,1,0.388,,,,,Open,K1AL_L1_CRCS_L_2026-06-04_1,2026-06-05 14:16:55,1
6992feb7,cmm,Measurement,Produksi,CRCS L,K1AL L1,A155,Posisi X,5,04 Jun 2026,1,0.425,,,,,Open,K1AL_L1_CRCS_L_2026-06-04_1,2026-06-05 14:16:55,1
85ee3764,cmm,Measurement,Produksi,CRCS L,K1AL L1,A155,Posisi X,6,04 Jun 2026,1,0.224,,,,,Open,K1AL_L1_CRCS_L_2026-06-04_1,2026-06-05 14:16:55,1
ed8d3461,cmm,Measurement,Produksi,CRCS L,K1AL L1,A155,Posisi Y,2,04 Jun 2026,1,0.329,,,,,Open,K1AL_L1_CRCS_L_2026-06-04_1,2026-06-05 14:16:55,1
ce51d8c8,cmm,Measurement,Produksi,CRCS L,K1AL L1,A155,Posisi Y,3,04 Jun 2026,1,0.238,,,,,Open,K1AL_L1_CRCS_L_2026-06-04_1,2026-06-05 14:16:55,0
98226db5,cmm,Measurement,Produksi,CRCS L,K1AL L1,A155,Posisi Y,4,04 Jun 2026,1,0.388,,,,,Open,K1AL_L1_CRCS_L_2026-06-04_1,2026-06-05 14:16:55,0
6e5fe6ec,cmm,Measurement,Produksi,CRCS L,K1AL L1,A155,Posisi Y,5,04 Jun 2026,1,0.425,,,,,Open,K1AL_L1_CRCS_L_2026-06-04_1,2026-06-05 14:16:55,0
0930249d,cmm,Measurement,Produksi,CRCS L,K1AL L1,A155,Posisi Y,6,04 Jun 2026,1,0.224,,,,,Open,K1AL_L1_CRCS_L_2026-06-04_1,2026-06-05 14:16:55,0
942b5e6b,cmm,Measurement,Produksi,CRCS L,K1AL L1,A156,Posisi X,2,04 Jun 2026,1,0.294,,,,,Open,K1AL_L1_CRCS_L_2026-06-04_1,2026-06-05 14:16:55,1
4b9a4b99,cmm,Measurement,Produksi,CRCS L,K1AL L1,A156,Posisi X,4,04 Jun 2026,1,0.322,,,,,Open,K1AL_L1_CRCS_L_2026-06-04_1,2026-06-05 14:16:55,0
a44601cb,cmm,Measurement,Produksi,CRCS L,K1AL L1,A156,Posisi X,5,04 Jun 2026,1,0.356,,,,,Open,K1AL_L1_CRCS_L_2026-06-04_1,2026-06-05 14:16:55,0
4bee570f,cmm,Measurement,Produksi,CRCS L,K1AL L1,A156,Posisi Y,2,04 Jun 2026,1,0.294,,,,,Open,K1AL_L1_CRCS_L_2026-06-04_1,2026-06-05 14:16:56,1
49ec8d14,cmm,Measurement,Produksi,CRCS L,K1AL L1,A156,Posisi Y,4,04 Jun 2026,1,0.322,,,,,Open,K1AL_L1_CRCS_L_2026-06-04_1,2026-06-05 14:16:56,0
4f45355b,cmm,Measurement,Produksi,CRCS L,K1AL L1,A156,Posisi Y,5,04 Jun 2026,1,0.356,,,,,Open,K1AL_L1_CRCS_L_2026-06-04_1,2026-06-05 14:16:56,1
2a498583,cmm,Measurement,Produksi,CRCS L,K1AL L1,A160,Posisi X,2,04 Jun 2026,1,0.419,,,,,Open,K1AL_L1_CRCS_L_2026-06-04_1,2026-06-05 14:16:56,1
f311cca9,cmm,Measurement,Produksi,CRCS L,K1AL L1,A160,Posisi X,3,04 Jun 2026,1,0.366,,,,,Open,K1AL_L1_CRCS_L_2026-06-04_1,2026-06-05 14:16:56,1
15ca8ac2,cmm,Measurement,Produksi,CRCS L,K1AL L1,A160,Posisi X,4,04 Jun 2026,1,0.538,,,,,Open,K1AL_L1_CRCS_L_2026-06-04_1,2026-06-05 14:16:56,1
06641d36,cmm,Measurement,Produksi,CRCS L,K1AL L1,A160,Posisi X,5,04 Jun 2026,1,0.664,,,,,Open,K1AL_L1_CRCS_L_2026-06-04_1,2026-06-05 14:16:56,1
0eca03bb,cmm,Measurement,Produksi,CRCS L,K1AL L1,A160,Posisi Y,2,04 Jun 2026,1,0.419,,,,,Open,K1AL_L1_CRCS_L_2026-06-04_1,2026-06-05 14:16:56,0
95fc2c0e,cmm,Measurement,Produksi,CRCS L,K1AL L1,A160,Posisi Y,3,04 Jun 2026,1,0.366,,,,,Open,K1AL_L1_CRCS_L_2026-06-04_1,2026-06-05 14:16:56,1
c27c1c4c,cmm,Measurement,Produksi,CRCS L,K1AL L1,A160,Posisi Y,4,04 Jun 2026,1,0.538,,,,,Open,K1AL_L1_CRCS_L_2026-06-04_1,2026-06-05 14:16:56,0
e206e2bb,cmm,Measurement,Produksi,CRCS L,K1AL L1,A160,Posisi Y,5,04 Jun 2026,1,0.664,,,,,Open,K1AL_L1_CRCS_L_2026-06-04_1,2026-06-05 14:16:56,0
174f0e1d,cmm,Measurement,Produksi,CRCS L,K1AL L1,B010,Position To d & e,2,04 Jun 2026,1,0.103,,,,,Open,K1AL_L1_CRCS_L_2026-06-04_1,2026-06-05 14:16:56,0
ea68c7f8,cmm,Measurement,Produksi,CRCS L,K1AL L1,B017,Distance From B027,1,04 Jun 2026,1,-0.226,,,,,Open,K1AL_L1_CRCS_L_2026-06-04_1,2026-06-05 14:16:56,0
1f2c5883,cmm,Measurement,Produksi,CRCS L,K1AL L1,B018,Distance From B027,1,04 Jun 2026,1,0.181,,,,,Open,K1AL_L1_CRCS_L_2026-06-04_1,2026-06-05 14:16:56,0
0fcd9176,cmm,Measurement,Produksi,CRCS L,K1AL L1,B018,Position To f & g,1,04 Jun 2026,1,0.497,,,,,Open,K1AL_L1_CRCS_L_2026-06-04_1,2026-06-05 14:16:56,0
cb212f8c,cmm,Measurement,Produksi,CRCS L,K1AL L1,B018,Position To f & g,2,04 Jun 2026,1,0.305,,,,,Open,K1AL_L1_CRCS_L_2026-06-04_1,2026-06-05 14:16:56,0
db3da579,cmm,Measurement,Produksi,CRCS L,K1AL L1,B018,Position To f & g,3,04 Jun 2026,1,0.317,,,,,Open,K1AL_L1_CRCS_L_2026-06-04_1,2026-06-05 14:16:56,0
7e5a1eec,cmm,Measurement,Produksi,CRCS L,K1AL L1,B018,Position To f & g,4,04 Jun 2026,1,0.34,,,,,Open,K1AL_L1_CRCS_L_2026-06-04_1,2026-06-05 14:16:57,0
e4c43f7b,cmm,Measurement,Produksi,CRCS L,K1AL L1,B018,Position To f & g,5,04 Jun 2026,1,0.31,,,,,Open,K1AL_L1_CRCS_L_2026-06-04_1,2026-06-05 14:16:57,0
89ef7580,cmm,Measurement,Produksi,CRCS L,K1AL L1,B018,Position To f & g,6,04 Jun 2026,1,0.346,,,,,Open,K1AL_L1_CRCS_L_2026-06-04_1,2026-06-05 14:16:57,0
b48ff81e,cmm,Measurement,Produksi,CRCS L,K1AL L1,B025,Position to d & e,2,04 Jun 2026,1,0.103,,,,,Open,K1AL_L1_CRCS_L_2026-06-04_1,2026-06-05 14:16:57,0
e9616830,cmm,Measurement,Produksi,CRCS L,K1AL L1,B051,Posisi X,6,04 Jun 2026,1,-0.202,,,,,Open,K1AL_L1_CRCS_L_2026-06-04_1,2026-06-05 14:16:57,1
efa4e69e,cmm,Measurement,Produksi,CRCS L,K1AL L1,B051,Posisi Y,6,04 Jun 2026,1,-0.202,,,,,Open,K1AL_L1_CRCS_L_2026-06-04_1,2026-06-05 14:16:57,1
eab502f8,cmm,Measurement,Produksi,CRCS L,K1AL L1,B073,Posisi X,6,04 Jun 2026,1,-0.203,,,,,Open,K1AL_L1_CRCS_L_2026-06-04_1,2026-06-05 14:16:57,1
c3266c4a,cmm,Measurement,Produksi,CRCS L,K1AL L1,B073,Posisi Y,6,04 Jun 2026,1,-0.203,,,,,Open,K1AL_L1_CRCS_L_2026-06-04_1,2026-06-05 14:16:57,0
9e84b52d,cmm,Measurement,Produksi,CRCS L,K1AL L3,A006,Concentricity to m,3A,04 Jun 2026,1,0.06,,,,,Open,K1AL_L3_CRCS_L_2026-06-04_1,2026-06-05 14:17:05,0
67db6f3c,cmm,Measurement,Produksi,CRCS L,K1AL L3,A006,Concentricity to m,3B,04 Jun 2026,1,0.032,,,,,Open,K1AL_L3_CRCS_L_2026-06-04_1,2026-06-05 14:17:05,0
d891cd85,cmm,Measurement,Produksi,CRCS L,K1AL L3,A151,Posisi X Drill 6.45,3A,04 Jun 2026,1,0.209,,,,,Open,K1AL_L3_CRCS_L_2026-06-04_1,2026-06-05 14:17:05,1
ce65cbd1,cmm,Measurement,Produksi,CRCS L,K1AL L3,A151,Posisi Y Drill 6.45,3A,04 Jun 2026,1,0.209,,,,,Open,K1AL_L3_CRCS_L_2026-06-04_1,2026-06-05 14:17:05,0
ef07d085,cmm,Measurement,Produksi,CRCS L,K1AL L3,A153,Posisi X,3A,04 Jun 2026,1,0.273,,,,,Open,K1AL_L3_CRCS_L_2026-06-04_1,2026-06-05 14:17:05,1
cd90cdb5,cmm,Measurement,Produksi,CRCS L,K1AL L3,A153,Posisi Y,3A,04 Jun 2026,1,0.273,,,,,Open,K1AL_L3_CRCS_L_2026-06-04_1,2026-06-05 14:17:05,1
f2ec3ea8,cmm,Measurement,Produksi,CRCS L,K1AL L3,A154,Posisi X,3A,04 Jun 2026,1,0.389,,,,,Open,K1AL_L3_CRCS_L_2026-06-04_1,2026-06-05 14:17:05,1
dec70800,cmm,Measurement,Produksi,CRCS L,K1AL L3,A154,Posisi X,3B,04 Jun 2026,1,0.207,,,,,Open,K1AL_L3_CRCS_L_2026-06-04_1,2026-06-05 14:17:05,1
60096669,cmm,Measurement,Produksi,CRCS L,K1AL L3,A154,Posisi Y,3A,04 Jun 2026,1,0.389,,,,,Open,K1AL_L3_CRCS_L_2026-06-04_1,2026-06-05 14:17:05,0
7bc6d115,cmm,Measurement,Produksi,CRCS L,K1AL L3,A154,Posisi Y,3B,04 Jun 2026,1,0.207,,,,,Open,K1AL_L3_CRCS_L_2026-06-04_1,2026-06-05 14:17:05,0
a8792c0c,cmm,Measurement,Produksi,CRCS L,K1AL L3,A155,Posisi X,3A,04 Jun 2026,1,0.37,,,,,Open,K1AL_L3_CRCS_L_2026-06-04_1,2026-06-05 14:17:05,0
0ec3fc49,cmm,Measurement,Produksi,CRCS L,K1AL L3,A155,Posisi X,3B,04 Jun 2026,1,0.253,,,,,Open,K1AL_L3_CRCS_L_2026-06-04_1,2026-06-05 14:17:05,0
fb4ac221,cmm,Measurement,Produksi,CRCS L,K1AL L3,A155,Posisi Y,3A,04 Jun 2026,1,0.37,,,,,Open,K1AL_L3_CRCS_L_2026-06-04_1,2026-06-05 14:17:06,1
e9707bba,cmm,Measurement,Produksi,CRCS L,K1AL L3,A155,Posisi Y,3B,04 Jun 2026,1,0.253,,,,,Open,K1AL_L3_CRCS_L_2026-06-04_1,2026-06-05 14:17:06,0
c7a06718,cmm,Measurement,Produksi,CRCS L,K1AL L3,A156,Posisi X,3A,04 Jun 2026,1,0.314,,,,,Open,K1AL_L3_CRCS_L_2026-06-04_1,2026-06-05 14:17:06,1
9f16f909,cmm,Measurement,Produksi,CRCS L,K1AL L3,A156,Posisi Y,3A,04 Jun 2026,1,0.314,,,,,Open,K1AL_L3_CRCS_L_2026-06-04_1,2026-06-05 14:17:06,0
68361e82,cmm,Measurement,Produksi,CRCS L,K1AL L3,A160,Posisi X,3A,04 Jun 2026,1,0.371,,,,,Open,K1AL_L3_CRCS_L_2026-06-04_1,2026-06-05 14:17:06,1
a18d37c8,cmm,Measurement,Produksi,CRCS L,K1AL L3,A160,Posisi Y,3A,04 Jun 2026,1,0.371,,,,,Open,K1AL_L3_CRCS_L_2026-06-04_1,2026-06-05 14:17:06,0
6ff291ee,cmm,Measurement,Produksi,CRCS L,K1AL L3,B011,Posisi X Reamer 8H8,3B,04 Jun 2026,1,-0.1,,,,,Open,K1AL_L3_CRCS_L_2026-06-04_1,2026-06-05 14:17:06,0
64200183,cmm,Measurement,Produksi,CRCS L,K1AL L3,B011,Posisi Y Reamer 8H8,3B,04 Jun 2026,1,-0.1,,,,,Open,K1AL_L3_CRCS_L_2026-06-04_1,2026-06-05 14:17:06,0
bfddbcd1,cmm,Measurement,Produksi,CRCS L,K1AL L3,B017,Position To f & g,3A,04 Jun 2026,1,0.215,,,,,Open,K1AL_L3_CRCS_L_2026-06-04_1,2026-06-05 14:17:06,0
74edfa2c,cmm,Measurement,Produksi,CRCS L,K1AL L3,B018,Distance From B027,3B,04 Jun 2026,1,-0.115,,,,,Open,K1AL_L3_CRCS_L_2026-06-04_1,2026-06-05 14:17:06,0
16b10363,cmm,Measurement,Produksi,CRCS L,K1AL L3,B018,Position To f & g,3A,04 Jun 2026,1,0.475,,,,,Open,K1AL_L3_CRCS_L_2026-06-04_1,2026-06-05 14:17:06,0
ebb95c1e,cmm,Measurement,Produksi,CRCS L,K1AL L3,B018,Position To f & g,3B,04 Jun 2026,1,0.491,,,,,Open,K1AL_L3_CRCS_L_2026-06-04_1,2026-06-05 14:17:06,0
88e2869e,cmm,Measurement,Produksi,CRCS L,K1AL L3,B053,Posisi X,3A,04 Jun 2026,1,-0.287,,,,,Open,K1AL_L3_CRCS_L_2026-06-04_1,2026-06-05 14:17:07,1
db8cfde8,cmm,Measurement,Produksi,CRCS L,K1AL L3,B053,Posisi X,3B,04 Jun 2026,1,-0.242,,,,,Open,K1AL_L3_CRCS_L_2026-06-04_1,2026-06-05 14:17:07,1
4a962956,cmm,Measurement,Produksi,CRCS L,K1AL L3,B053,Posisi Y,3A,04 Jun 2026,1,-0.287,,,,,Open,K1AL_L3_CRCS_L_2026-06-04_1,2026-06-05 14:17:07,0
605297cf,cmm,Measurement,Produksi,CRCS L,K1AL L3,B053,Posisi Y,3B,04 Jun 2026,1,-0.242,,,,,Open,K1AL_L3_CRCS_L_2026-06-04_1,2026-06-05 14:17:07,1
c53e9194,cmm,Measurement,Produksi,CRCS L,K1AL L3,B055,Posisi X,3A,04 Jun 2026,1,0.257,,,,,Open,K1AL_L3_CRCS_L_2026-06-04_1,2026-06-05 14:17:07,1
75f33fc9,cmm,Measurement,Produksi,CRCS L,K1AL L3,B055,Posisi Y,3A,04 Jun 2026,1,0.257,,,,,Open,K1AL_L3_CRCS_L_2026-06-04_1,2026-06-05 14:17:07,0
43f735f7,cmm,Measurement,Produksi,CRCS L,K1AL L3,B080,Posisi X Reamer 8H8,3A,04 Jun 2026,1,0.101,,,,,Open,K1AL_L3_CRCS_L_2026-06-04_1,2026-06-05 14:17:07,1
84245f04,cmm,Measurement,Produksi,CRCS L,K1AL L3,B080,Posisi Y Reamer 8H8,3A,04 Jun 2026,1,0.101,,,,,Open,K1AL_L3_CRCS_L_2026-06-04_1,2026-06-05 14:17:07,0
a92e74db,cmm,Measurement,Produksi,CRCS L,K1AL L3,B081,Posisi X From B080,3B,04 Jun 2026,1,-0.154,,,,,Open,K1AL_L3_CRCS_L_2026-06-04_1,2026-06-05 14:17:07,1
933e6249,cmm,Measurement,Produksi,CRCS L,K1AL L3,B081,Posisi Y From B080,3B,04 Jun 2026,1,-0.154,,,,,Open,K1AL_L3_CRCS_L_2026-06-04_1,2026-06-05 14:17:07,0
dd0b9135,cmm,Measurement,Produksi,CRCS L,K2SA,A000-1,FLATNESS SURFACE,5A,04 Jun 2026,1,0.006,,,,,Open,K2SA_CRCS_L_2026-06-04_1,2026-06-05 14:17:14,0
4989899a,cmm,Measurement,Produksi,CRCS L,K2SA,A005,PERPENDICULARITY TERHADAP A000-1,5A,04 Jun 2026,1,0.029,,,,,Open,K2SA_CRCS_L_2026-06-04_1,2026-06-05 14:17:14,0
35a8b551,cmm,Measurement,Produksi,CRCS L,K2SA,A020,POSITION X FROM A006,5A,04 Jun 2026,1,-0.16,,,,,Open,K2SA_CRCS_L_2026-06-04_1,2026-06-05 14:17:14,1
a60a215b,cmm,Measurement,Produksi,CRCS L,K2SA,A020,POSITION Y FROM A006,5A,04 Jun 2026,1,-0.16,,,,,Open,K2SA_CRCS_L_2026-06-04_1,2026-06-05 14:17:14,0
ccb10fd3,cmm,Measurement,Produksi,CRCS L,K2SA,A038,POSITION X FROM A006,5A,04 Jun 2026,1,0.239,,,,,Open,K2SA_CRCS_L_2026-06-04_1,2026-06-05 14:17:14,0
b4111983,cmm,Measurement,Produksi,CRCS L,K2SA,A038,POSITION Y FROM A006,5A,04 Jun 2026,1,0.239,,,,,Open,K2SA_CRCS_L_2026-06-04_1,2026-06-05 14:17:15,0
78f6a354,cmm,Measurement,Produksi,CRCS L,K2SA,A043,POSITION X,5A,04 Jun 2026,1,-0.243,,,,,Open,K2SA_CRCS_L_2026-06-04_1,2026-06-05 14:17:15,0
9d0bff26,cmm,Measurement,Produksi,CRCS L,K2SA,A043,POSITION Y,5A,04 Jun 2026,1,-0.243,,,,,Open,K2SA_CRCS_L_2026-06-04_1,2026-06-05 14:17:15,1
02059c79,cmm,Measurement,Produksi,CRCS L,K2SA,A064,"DISTANCE FROM FACE COMP Ø 4,1",5A,04 Jun 2026,1,0.31,,,,,Open,K2SA_CRCS_L_2026-06-04_1,2026-06-05 14:17:15,0
ce37f216,cmm,Measurement,Produksi,CRCS L,K2SA,A066,DISTANCE FROM O1,5A,04 Jun 2026,1,0.173,,,,,Open,K2SA_CRCS_L_2026-06-04_1,2026-06-05 14:17:15,1
2eb0923b,cmm,Measurement,Produksi,CRCS L,K2SA,A067,DISTANCE FROM O1,5A,04 Jun 2026,1,0.188,,,,,Open,K2SA_CRCS_L_2026-06-04_1,2026-06-05 14:17:15,1
927333e2,cmm,Measurement,Produksi,CRCS L,K2SA,A071,POSITION X,5A,04 Jun 2026,1,0.202,,,,,Open,K2SA_CRCS_L_2026-06-04_1,2026-06-05 14:17:15,1
00b63666,cmm,Measurement,Produksi,CRCS L,K2SA,A071,POSITION Y,5A,04 Jun 2026,1,0.202,,,,,Open,K2SA_CRCS_L_2026-06-04_1,2026-06-05 14:17:15,0
60bdc065,cmm,Measurement,Produksi,CRCS L,K2SA,A154,DISTANCE Z FROM A000.2,5A,04 Jun 2026,1,-0.232,,,,,Open,K2SA_CRCS_L_2026-06-04_1,2026-06-05 14:17:15,0
26c717ab,cmm,Measurement,Produksi,CRCS L,K2SA,A155,DISTANCE Z FROM A154,5A,04 Jun 2026,1,-0.203,,,,,Open,K2SA_CRCS_L_2026-06-04_1,2026-06-05 14:17:15,0
dc35dd8a,cmm,Measurement,Produksi,CRCS L,K2SA,A155,SURFACE HEIGHT FROM A008,5A,04 Jun 2026,1,0.322,,,,,Open,K2SA_CRCS_L_2026-06-04_1,2026-06-05 14:17:15,1
87e7bd51,cmm,Measurement,Produksi,CRCS L,K2SA,A155,DISTANCE Y FROM A008,5A,04 Jun 2026,1,0.345,,,,,Open,K2SA_CRCS_L_2026-06-04_1,2026-06-05 14:17:15,0
9b8ad32b,cmm,Measurement,Produksi,CRCS L,K2SA,B012,"POSITION X Ø5,45",5A,04 Jun 2026,1,0.299,,,,,Open,K2SA_CRCS_L_2026-06-04_1,2026-06-05 14:17:16,1
f42f2a07,cmm,Measurement,Produksi,CRCS L,K2SA,B012,"POSITION Y Ø5,45",5A,04 Jun 2026,1,0.299,,,,,Open,K2SA_CRCS_L_2026-06-04_1,2026-06-05 14:17:16,0
89a6ab16,cmm,Measurement,Produksi,CRCS L,K2SA,B051,POSITION X,5A,04 Jun 2026,1,-0.357,,,,,Open,K2SA_CRCS_L_2026-06-04_1,2026-06-05 14:17:16,1
4fef3760,cmm,Measurement,Produksi,CRCS L,K2SA,B051,POSITION Y,5A,04 Jun 2026,1,-0.357,,,,,Open,K2SA_CRCS_L_2026-06-04_1,2026-06-05 14:17:16,0
e0002b4e,cmm,Measurement,Produksi,CRCS L,K2SA,B052,POSITION X,5A,04 Jun 2026,1,-0.262,,,,,Open,K2SA_CRCS_L_2026-06-04_1,2026-06-05 14:17:16,1
4c63abb7,cmm,Measurement,Produksi,CRCS L,K2SA,B052,POSITION Y,5A,04 Jun 2026,1,-0.262,,,,,Open,K2SA_CRCS_L_2026-06-04_1,2026-06-05 14:17:16,1
fe3932ba,cmm,Measurement,Produksi,CRCS L,K2SA,B053,POSITION X,5A,04 Jun 2026,1,0.34,,,,,Open,K2SA_CRCS_L_2026-06-04_1,2026-06-05 14:17:16,1
ac8f48e3,cmm,Measurement,Produksi,CRCS L,K2SA,B053,POSITION Y,5A,04 Jun 2026,1,0.34,,,,,Open,K2SA_CRCS_L_2026-06-04_1,2026-06-05 14:17:16,0
5e4815aa,cmm,Measurement,Produksi,CRCS L,K2SA,B055,POSITION X,5A,04 Jun 2026,1,0.306,,,,,Open,K2SA_CRCS_L_2026-06-04_1,2026-06-05 14:17:16,1
95dd7df7,cmm,Measurement,Produksi,CRCS L,K2SA,B055,POSITION Y,5A,04 Jun 2026,1,0.306,,,,,Open,K2SA_CRCS_L_2026-06-04_1,2026-06-05 14:17:16,0
3a9a3d04,cmm,Measurement,Produksi,CRCS L,K2SA,B056,POSITION X,5A,04 Jun 2026,1,0.368,,,,,Open,K2SA_CRCS_L_2026-06-04_1,2026-06-05 14:17:16,1
ec6cdad6,cmm,Measurement,Produksi,CRCS L,K2SA,B056,POSITION Y,5A,04 Jun 2026,1,0.368,,,,,Open,K2SA_CRCS_L_2026-06-04_1,2026-06-05 14:17:16,0
29c9a179,cmm,Measurement,Produksi,CRCS L,K2SA,B057,POSITION X,5A,04 Jun 2026,1,0.309,,,,,Open,K2SA_CRCS_L_2026-06-04_1,2026-06-05 14:17:16,1
be6fd63f,cmm,Measurement,Produksi,CRCS L,K2SA,B057,POSITION Y,5A,04 Jun 2026,1,0.309,,,,,Open,K2SA_CRCS_L_2026-06-04_1,2026-06-05 14:17:16,0
f4426db3,cmm,Measurement,Produksi,CRCS L,K2SA,B058,POSITION X,5A,04 Jun 2026,1,0.357,,,,,Open,K2SA_CRCS_L_2026-06-04_1,2026-06-05 14:17:16,1
f966d847,cmm,Measurement,Produksi,CRCS L,K2SA,B058,POSITION Y,5A,04 Jun 2026,1,0.357,,,,,Open,K2SA_CRCS_L_2026-06-04_1,2026-06-05 14:17:17,0
5d978917,cmm,Measurement,Produksi,CRCS L,K2SA,B060,POSITION X,5A,04 Jun 2026,1,0.294,,,,,Open,K2SA_CRCS_L_2026-06-04_1,2026-06-05 14:17:17,1
3c779e8e,cmm,Measurement,Produksi,CRCS L,K2SA,B060,POSITION Y,5A,04 Jun 2026,1,0.294,,,,,Open,K2SA_CRCS_L_2026-06-04_1,2026-06-05 14:17:17,0
9cb2f4d1,cmm,Measurement,Produksi,CRCS L,K2SA,B061,POSITION X,5A,04 Jun 2026,1,0.41,,,,,Open,K2SA_CRCS_L_2026-06-04_1,2026-06-05 14:17:17,1
18f354d4,cmm,Measurement,Produksi,CRCS L,K2SA,B061,POSITION Y,5A,04 Jun 2026,1,0.41,,,,,Open,K2SA_CRCS_L_2026-06-04_1,2026-06-05 14:17:17,0
c2c86591,cmm,Measurement,Produksi,CRCS L,K2SA,B062,POSITION X,5A,04 Jun 2026,1,0.367,,,,,Open,K2SA_CRCS_L_2026-06-04_1,2026-06-05 14:17:17,1
9c78c43d,cmm,Measurement,Produksi,CRCS L,K2SA,B062,POSITION Y,5A,04 Jun 2026,1,0.367,,,,,Open,K2SA_CRCS_L_2026-06-04_1,2026-06-05 14:17:17,1
6022bed4,cmm,Measurement,Produksi,CRCS L,K2SA,B066,POSITION X,5A,04 Jun 2026,1,0.393,,,,,Open,K2SA_CRCS_L_2026-06-04_1,2026-06-05 14:17:17,1
82d1bcfb,cmm,Measurement,Produksi,CRCS L,K2SA,B066,POSITION Y,5A,04 Jun 2026,1,0.393,,,,,Open,K2SA_CRCS_L_2026-06-04_1,2026-06-05 14:17:17,0
84c5f4c1,cmm,Measurement,Produksi,CRCS L,K60,A040,POSISI X,4L,04 Jun 2026,1,0.259,,,,,Open,K60_CRCS_L_2026-06-04_1,2026-06-05 14:17:24,0
6dae23f3,cmm,Measurement,Produksi,CRCS L,K60,A040,POSISI X,4R,04 Jun 2026,1,0.226,,,,,Open,K60_CRCS_L_2026-06-04_1,2026-06-05 14:17:24,1
33bd8439,cmm,Measurement,Produksi,CRCS L,K60,A040,POSISI Y,4L,04 Jun 2026,1,0.259,,,,,Open,K60_CRCS_L_2026-06-04_1,2026-06-05 14:17:24,1
8777893f,cmm,Measurement,Produksi,CRCS L,K60,A040,POSISI Y,4R,04 Jun 2026,1,0.226,,,,,Open,K60_CRCS_L_2026-06-04_1,2026-06-05 14:17:24,0
3240bcc3,cmm,Measurement,Produksi,CRCS L,K60,A041,POSISI X,4R,04 Jun 2026,1,0.228,,,,,Open,K60_CRCS_L_2026-06-04_1,2026-06-05 14:17:24,1
0f50e4fb,cmm,Measurement,Produksi,CRCS L,K60,A041,POSISI Y,4R,04 Jun 2026,1,0.228,,,,,Open,K60_CRCS_L_2026-06-04_1,2026-06-05 14:17:25,0
98e99622,cmm,Measurement,Produksi,CRCS L,K60,A043,POSISI X,4L,04 Jun 2026,1,0.208,,,,,Open,K60_CRCS_L_2026-06-04_1,2026-06-05 14:17:25,0
ed795367,cmm,Measurement,Produksi,CRCS L,K60,A043,POSISI X,4R,04 Jun 2026,1,0.265,,,,,Open,K60_CRCS_L_2026-06-04_1,2026-06-05 14:17:25,0
5ae6f918,cmm,Measurement,Produksi,CRCS L,K60,A043,POSISI Y,4L,04 Jun 2026,1,0.208,,,,,Open,K60_CRCS_L_2026-06-04_1,2026-06-05 14:17:25,0
4ebe6b6a,cmm,Measurement,Produksi,CRCS L,K60,A043,POSISI Y,4R,04 Jun 2026,1,0.265,,,,,Open,K60_CRCS_L_2026-06-04_1,2026-06-05 14:17:25,1
e78c669e,cmm,Measurement,Produksi,CRCS L,K60,A045,POSISI X,4L,04 Jun 2026,1,0.231,,,,,Open,K60_CRCS_L_2026-06-04_1,2026-06-05 14:17:25,0
80e26637,cmm,Measurement,Produksi,CRCS L,K60,A045,POSISI X,4R,04 Jun 2026,1,0.233,,,,,Open,K60_CRCS_L_2026-06-04_1,2026-06-05 14:17:25,0
96214dcf,cmm,Measurement,Produksi,CRCS L,K60,A045,POSISI Y,4L,04 Jun 2026,1,0.231,,,,,Open,K60_CRCS_L_2026-06-04_1,2026-06-05 14:17:25,0
e4a7533b,cmm,Measurement,Produksi,CRCS L,K60,A045,POSISI Y,4R,04 Jun 2026,1,0.233,,,,,Open,K60_CRCS_L_2026-06-04_1,2026-06-05 14:17:25,1
8e561a26,cmm,Measurement,Produksi,CRCS L,K60,A046,POSISI X,4R,04 Jun 2026,1,0.281,,,,,Open,K60_CRCS_L_2026-06-04_1,2026-06-05 14:17:25,1
8903579e,cmm,Measurement,Produksi,CRCS L,K60,A046,POSISI Y,4R,04 Jun 2026,1,0.281,,,,,Open,K60_CRCS_L_2026-06-04_1,2026-06-05 14:17:25,0
4c14a0fc,cmm,Measurement,Produksi,CRCS L,K60,A050,POSISI X,4L,04 Jun 2026,1,-0.232,,,,,Open,K60_CRCS_L_2026-06-04_1,2026-06-05 14:17:26,0
23fdd164,cmm,Measurement,Produksi,CRCS L,K60,A050,POSISI X,4R,04 Jun 2026,1,-0.23,,,,,Open,K60_CRCS_L_2026-06-04_1,2026-06-05 14:17:26,1
edf6f5b2,cmm,Measurement,Produksi,CRCS L,K60,A050,POSISI Y,4L,04 Jun 2026,1,-0.232,,,,,Open,K60_CRCS_L_2026-06-04_1,2026-06-05 14:17:26,0
d03175cf,cmm,Measurement,Produksi,CRCS L,K60,A050,POSISI Y,4R,04 Jun 2026,1,-0.23,,,,,Open,K60_CRCS_L_2026-06-04_1,2026-06-05 14:17:26,1
644a8822,cmm,Measurement,Produksi,CRCS L,K60,A071,POSISI X,4L,04 Jun 2026,1,0.227,,,,,Open,K60_CRCS_L_2026-06-04_1,2026-06-05 14:17:26,1
111121f6,cmm,Measurement,Produksi,CRCS L,K60,A071,POSISI Y,4L,04 Jun 2026,1,0.227,,,,,Open,K60_CRCS_L_2026-06-04_1,2026-06-05 14:17:26,0
17de4cd4,cmm,Measurement,Produksi,CRCS L,K60,A151,POSISI X,4L,04 Jun 2026,1,0.054,,,,,Open,K60_CRCS_L_2026-06-04_1,2026-06-05 14:17:26,1
4570eea5,cmm,Measurement,Produksi,CRCS L,K60,A151,POSISI X,4R,04 Jun 2026,1,0.052,,,,,Open,K60_CRCS_L_2026-06-04_1,2026-06-05 14:17:26,1
152d997f,cmm,Measurement,Produksi,CRCS L,K60,A151,POSISI Y,4L,04 Jun 2026,1,0.054,,,,,Open,K60_CRCS_L_2026-06-04_1,2026-06-05 14:17:26,0
08b6e1b6,cmm,Measurement,Produksi,CRCS L,K60,A151,POSISI Y,4R,04 Jun 2026,1,0.052,,,,,Open,K60_CRCS_L_2026-06-04_1,2026-06-05 14:17:26,0
c7da943b,cmm,Measurement,Produksi,CRCS L,K60,A151,POSISI X TAP,4R,04 Jun 2026,1,0.217,,,,,Open,K60_CRCS_L_2026-06-04_1,2026-06-05 14:17:26,1
3225ab1b,cmm,Measurement,Produksi,CRCS L,K60,A151,POSISI Y TAP,4R,04 Jun 2026,1,0.217,,,,,Open,K60_CRCS_L_2026-06-04_1,2026-06-05 14:17:26,0
9c7f5a4c,cmm,Measurement,Produksi,CRCS L,K60,A152,POSISI X TAP,4R,04 Jun 2026,1,0.206,,,,,Open,K60_CRCS_L_2026-06-04_1,2026-06-05 14:17:26,1
130a0d9b,cmm,Measurement,Produksi,CRCS L,K60,A152,POSISI Y TAP,4R,04 Jun 2026,1,0.206,,,,,Open,K60_CRCS_L_2026-06-04_1,2026-06-05 14:17:26,0
98a8192f,cmm,Measurement,Produksi,CRCS L,K60,A153,POSISI X,4R,04 Jun 2026,1,-0.156,,,,,Open,K60_CRCS_L_2026-06-04_1,2026-06-05 14:17:27,0
59eac6e6,cmm,Measurement,Produksi,CRCS L,K60,A153,HEIGHT SPOT FACE,4L,04 Jun 2026,1,0.198,,,,,Open,K60_CRCS_L_2026-06-04_1,2026-06-05 14:17:27,0
1ef8fb14,cmm,Measurement,Produksi,CRCS L,K60,A153,HEIGHT SPOT FACE,4R,04 Jun 2026,1,0.195,,,,,Open,K60_CRCS_L_2026-06-04_1,2026-06-05 14:17:27,0
6d916d88,cmm,Measurement,Produksi,CRCS L,K60,B011,POSISI X,4R,04 Jun 2026,1,0.1,,,,,Open,K60_CRCS_L_2026-06-04_1,2026-06-05 14:17:27,1
58e103f9,cmm,Measurement,Produksi,CRCS L,K60,B011,POSISI Y,4R,04 Jun 2026,1,0.1,,,,,Open,K60_CRCS_L_2026-06-04_1,2026-06-05 14:17:27,0
59932136,cmm,Measurement,Produksi,CRCS L,K60,B012,POSISI X DARI B011,4R,04 Jun 2026,1,-0.078,,,,,Open,K60_CRCS_L_2026-06-04_1,2026-06-05 14:17:27,1
620f1cc7,cmm,Measurement,Produksi,CRCS L,K60,B012,POSISI Y DARI B011,4R,04 Jun 2026,1,-0.078,,,,,Open,K60_CRCS_L_2026-06-04_1,2026-06-05 14:17:27,0
a987a90b,cmm,Measurement,Produksi,CRCS L,K60,B012,POSISI X DARI B011 Tap,4R,04 Jun 2026,1,-0.228,,,,,Open,K60_CRCS_L_2026-06-04_1,2026-06-05 14:17:27,1
99296514,cmm,Measurement,Produksi,CRCS L,K60,B012,POSISI Y DARI B011 Tap,4R,04 Jun 2026,1,-0.228,,,,,Open,K60_CRCS_L_2026-06-04_1,2026-06-05 14:17:27,0
d86370f7,cmm,Measurement,Produksi,CRCS L,K60,B026,POSISI X,4L,04 Jun 2026,1,0.323,,,,,Open,K60_CRCS_L_2026-06-04_1,2026-06-05 14:17:27,1
c223937e,cmm,Measurement,Produksi,CRCS L,K60,B026,POSISI X,4R,04 Jun 2026,1,0.319,,,,,Open,K60_CRCS_L_2026-06-04_1,2026-06-05 14:17:27,1
4182354f,cmm,Measurement,Produksi,CRCS L,K60,B026,POSISI Y,4L,04 Jun 2026,1,0.323,,,,,Open,K60_CRCS_L_2026-06-04_1,2026-06-05 14:17:27,0
96878bc7,cmm,Measurement,Produksi,CRCS L,K60,B026,POSISI Y,4R,04 Jun 2026,1,0.319,,,,,Open,K60_CRCS_L_2026-06-04_1,2026-06-05 14:17:27,0
2f487175,cmm,Measurement,Produksi,CRCS L,K60,B056,POSISI X,4R,04 Jun 2026,1,-0.218,,,,,Open,K60_CRCS_L_2026-06-04_1,2026-06-05 14:17:27,1
944d80df,cmm,Measurement,Produksi,CRCS L,K60,B056,POSISI Y,4R,04 Jun 2026,1,-0.218,,,,,Open,K60_CRCS_L_2026-06-04_1,2026-06-05 14:17:28,1
9bb07c1c,cmm,Measurement,Produksi,CRCS L,K60,B065,POSISI X,4L,04 Jun 2026,1,0.268,,,,,Open,K60_CRCS_L_2026-06-04_1,2026-06-05 14:17:28,1
54eaa22c,cmm,Measurement,Produksi,CRCS L,K60,B065,POSISI Y,4L,04 Jun 2026,1,0.268,,,,,Open,K60_CRCS_L_2026-06-04_1,2026-06-05 14:17:28,1
0fb814c1,cmm,Measurement,Produksi,CRCS R,K1AL L1,C000,Flatness adjacent bosses,1,04 Jun 2026,1,0.034,,,,,Open,K1AL_L1_CRCS_R_2026-06-04_1,2026-06-05 14:17:33,0
9aa3b0fc,cmm,Measurement,Produksi,CRCS R,K1AL L1,C016,Posisi X,1,04 Jun 2026,1,0.179,,,,,Open,K1AL_L1_CRCS_R_2026-06-04_1,2026-06-05 14:17:34,1
064e673d,cmm,Measurement,Produksi,CRCS R,K1AL L1,C016,Posisi X,2,04 Jun 2026,1,0.173,,,,,Open,K1AL_L1_CRCS_R_2026-06-04_1,2026-06-05 14:17:34,1
e6ae16b6,cmm,Measurement,Produksi,CRCS R,K1AL L1,C016,Posisi X,4,04 Jun 2026,1,0.193,,,,,Open,K1AL_L1_CRCS_R_2026-06-04_1,2026-06-05 14:17:34,1
1bb94484,cmm,Measurement,Produksi,CRCS R,K1AL L1,C016,Distance 01,1,04 Jun 2026,1,0.188,,,,,Open,K1AL_L1_CRCS_R_2026-06-04_1,2026-06-05 14:17:34,0
33925e59,cmm,Measurement,Produksi,CRCS R,K1AL L1,C016,Distance 01,2,04 Jun 2026,1,0.188,,,,,Open,K1AL_L1_CRCS_R_2026-06-04_1,2026-06-05 14:17:34,1
e38a89cf,cmm,Measurement,Produksi,CRCS R,K1AL L1,C016,Distance 01,4,04 Jun 2026,1,0.207,,,,,Open,K1AL_L1_CRCS_R_2026-06-04_1,2026-06-05 14:17:34,0
8398cd7e,cmm,Measurement,Produksi,CRCS R,K1AL L1,C016,Distance 01,6,04 Jun 2026,1,0.103,,,,,Open,K1AL_L1_CRCS_R_2026-06-04_1,2026-06-05 14:17:34,0
8ced9a6c,cmm,Measurement,Produksi,CRCS R,K1AL L1,C030,Posisi X,1,04 Jun 2026,1,0.056,,,,,Open,K1AL_L1_CRCS_R_2026-06-04_1,2026-06-05 14:17:34,1
19ab33dc,cmm,Measurement,Produksi,CRCS R,K1AL L1,C030,Posisi Y,1,04 Jun 2026,1,0.056,,,,,Open,K1AL_L1_CRCS_R_2026-06-04_1,2026-06-05 14:17:34,0
6bf68052,cmm,Measurement,Produksi,CRCS R,K1AL L1,C159,Posisi X,1,04 Jun 2026,1,0.124,,,,,Open,K1AL_L1_CRCS_R_2026-06-04_1,2026-06-05 14:17:34,0
bd0d04fe,cmm,Measurement,Produksi,CRCS R,K1AL L1,C159,Posisi X,4,04 Jun 2026,1,0.116,,,,,Open,K1AL_L1_CRCS_R_2026-06-04_1,2026-06-05 14:17:34,0
c7f0c698,cmm,Measurement,Produksi,CRCS R,K1AL L1,C159,Posisi X,6,04 Jun 2026,1,0.119,,,,,Open,K1AL_L1_CRCS_R_2026-06-04_1,2026-06-05 14:17:34,0
91779d21,cmm,Measurement,Produksi,CRCS R,K1AL L1,D005,Concentricity to f,1,04 Jun 2026,1,0.177,,,,,Open,K1AL_L1_CRCS_R_2026-06-04_1,2026-06-05 14:17:34,1
e8346d7b,cmm,Measurement,Produksi,CRCS R,K1AL L1,D005,Concentricity to f,2,04 Jun 2026,1,0.219,,,,,Open,K1AL_L1_CRCS_R_2026-06-04_1,2026-06-05 14:17:35,0
df8b487c,cmm,Measurement,Produksi,CRCS R,K1AL L1,D005,Concentricity to f,3,04 Jun 2026,1,0.106,,,,,Open,K1AL_L1_CRCS_R_2026-06-04_1,2026-06-05 14:17:35,1
fbdade26,cmm,Measurement,Produksi,CRCS R,K1AL L1,D005,Concentricity to f,4,04 Jun 2026,1,0.166,,,,,Open,K1AL_L1_CRCS_R_2026-06-04_1,2026-06-05 14:17:35,1
cef6888e,cmm,Measurement,Produksi,CRCS R,K1AL L1,D005,Concentricity to f,5,04 Jun 2026,1,0.151,,,,,Open,K1AL_L1_CRCS_R_2026-06-04_1,2026-06-05 14:17:35,0
313e1bf4,cmm,Measurement,Produksi,CRCS R,K1AL L1,D015,Angle From D014,1,04 Jun 2026,1,0.709,,,,,Open,K1AL_L1_CRCS_R_2026-06-04_1,2026-06-05 14:17:35,0
5823897a,cmm,Measurement,Produksi,CRCS R,K1AL L1,D015,Angle From D014,2,04 Jun 2026,1,0.547,,,,,Open,K1AL_L1_CRCS_R_2026-06-04_1,2026-06-05 14:17:35,0
37aa7c26,cmm,Measurement,Produksi,CRCS R,K1AL L1,D015,Angle From D014,4,04 Jun 2026,1,0.578,,,,,Open,K1AL_L1_CRCS_R_2026-06-04_1,2026-06-05 14:17:35,0
60234604,cmm,Measurement,Produksi,CRCS R,K1AL L1,D015,Angle From D014,5,04 Jun 2026,1,0.606,,,,,Open,K1AL_L1_CRCS_R_2026-06-04_1,2026-06-05 14:17:35,0
cbeba6cc,cmm,Measurement,Produksi,CRCS R,K1AL L1,D033,Distance From D032,1,04 Jun 2026,1,-0.389,,,,,Open,K1AL_L1_CRCS_R_2026-06-04_1,2026-06-05 14:17:35,0
8d5d359e,cmm,Measurement,Produksi,CRCS R,K1AL L1,D033,Distance From D032,2,04 Jun 2026,1,-0.489,,,,,Open,K1AL_L1_CRCS_R_2026-06-04_1,2026-06-05 14:17:35,0
f7b16428,cmm,Measurement,Produksi,CRCS R,K1AL L1,D033,Distance From D032,4,04 Jun 2026,1,-0.479,,,,,Open,K1AL_L1_CRCS_R_2026-06-04_1,2026-06-05 14:17:35,0
cfd8a81c,cmm,Measurement,Produksi,CRCS R,K1AL L1,D033,Distance From D032,5,04 Jun 2026,1,-0.468,,,,,Open,K1AL_L1_CRCS_R_2026-06-04_1,2026-06-05 14:17:35,0
2487c3ee,cmm,Measurement,Produksi,CRCS R,K1AL L1,D087,Posisi X,1,04 Jun 2026,1,-0.379,,,,,Open,K1AL_L1_CRCS_R_2026-06-04_1,2026-06-05 14:17:35,1
0ca000c7,cmm,Measurement,Produksi,CRCS R,K1AL L1,D087,Posisi X,4,04 Jun 2026,1,-0.369,,,,,Open,K1AL_L1_CRCS_R_2026-06-04_1,2026-06-05 14:17:35,0
55089b25,cmm,Measurement,Produksi,CRCS R,K1AL L1,D087,Posisi X,6,04 Jun 2026,1,-0.409,,,,,Open,K1AL_L1_CRCS_R_2026-06-04_1,2026-06-05 14:17:36,0
ec7e8115,cmm,Measurement,Produksi,CRCS R,K1AL L1,D087,Posisi Y,1,04 Jun 2026,1,-0.379,,,,,Open,K1AL_L1_CRCS_R_2026-06-04_1,2026-06-05 14:17:36,1
93c96593,cmm,Measurement,Produksi,CRCS R,K1AL L1,D087,Posisi Y,4,04 Jun 2026,1,-0.369,,,,,Open,K1AL_L1_CRCS_R_2026-06-04_1,2026-06-05 14:17:36,1
ddb383d6,cmm,Measurement,Produksi,CRCS R,K1AL L1,D087,Posisi Y,6,04 Jun 2026,1,-0.409,,,,,Open,K1AL_L1_CRCS_R_2026-06-04_1,2026-06-05 14:17:36,1
75f7e4d8,cmm,Measurement,Produksi,CRCS R,K1AL L1,D087,Posisi Z,1,04 Jun 2026,1,-0.379,,,,,Open,K1AL_L1_CRCS_R_2026-06-04_1,2026-06-05 14:17:36,1
8f50b1bf,cmm,Measurement,Produksi,CRCS R,K1AL L1,D087,Posisi Z,4,04 Jun 2026,1,-0.369,,,,,Open,K1AL_L1_CRCS_R_2026-06-04_1,2026-06-05 14:17:36,0
c601ac23,cmm,Measurement,Produksi,CRCS R,K1AL L1,D087,Posisi Z,6,04 Jun 2026,1,-0.409,,,,,Open,K1AL_L1_CRCS_R_2026-06-04_1,2026-06-05 14:17:36,0
4c3d7f7d,cmm,Measurement,Produksi,CRCS R,K1AL L1,D090,Posisi X,1,04 Jun 2026,1,-0.27,,,,,Open,K1AL_L1_CRCS_R_2026-06-04_1,2026-06-05 14:17:36,1
a2bddb92,cmm,Measurement,Produksi,CRCS R,K1AL L1,D090,Posisi X,3,04 Jun 2026,1,-0.278,,,,,Open,K1AL_L1_CRCS_R_2026-06-04_1,2026-06-05 14:17:36,0
181c75f4,cmm,Measurement,Produksi,CRCS R,K1AL L1,D090,Posisi X,5,04 Jun 2026,1,-0.235,,,,,Open,K1AL_L1_CRCS_R_2026-06-04_1,2026-06-05 14:17:36,0
77c72ae8,cmm,Measurement,Produksi,CRCS R,K1AL L1,D090,Posisi X,6,04 Jun 2026,1,-0.23,,,,,Open,K1AL_L1_CRCS_R_2026-06-04_1,2026-06-05 14:17:36,1
c7a3f596,cmm,Measurement,Produksi,CRCS R,K1AL L1,D090,Posisi Y,1,04 Jun 2026,1,-0.27,,,,,Open,K1AL_L1_CRCS_R_2026-06-04_1,2026-06-05 14:17:36,0
cb030247,cmm,Measurement,Produksi,CRCS R,K1AL L1,D090,Posisi Y,3,04 Jun 2026,1,-0.278,,,,,Open,K1AL_L1_CRCS_R_2026-06-04_1,2026-06-05 14:17:36,0
81db5ae7,cmm,Measurement,Produksi,CRCS R,K1AL L1,D090,Posisi Y,5,04 Jun 2026,1,-0.235,,,,,Open,K1AL_L1_CRCS_R_2026-06-04_1,2026-06-05 14:17:36,0
824292ba,cmm,Measurement,Produksi,CRCS R,K1AL L1,D090,Posisi Y,6,04 Jun 2026,1,-0.23,,,,,Open,K1AL_L1_CRCS_R_2026-06-04_1,2026-06-05 14:17:36,0
2e49cb94,cmm,Measurement,Produksi,CRCS R,K1AL L1,D092,Posisi X,3,04 Jun 2026,1,-0.226,,,,,Open,K1AL_L1_CRCS_R_2026-06-04_1,2026-06-05 14:17:37,1
590b08a4,cmm,Measurement,Produksi,CRCS R,K1AL L1,D092,Posisi Y,3,04 Jun 2026,1,-0.226,,,,,Open,K1AL_L1_CRCS_R_2026-06-04_1,2026-06-05 14:17:37,1
c9184faa,cmm,Measurement,Produksi,CRCS R,K1AL L3,C041,Posisi X,AL,04 Jun 2026,1,0.213,,,,,Open,K1AL_L3_CRCS_R_2026-06-04_1,2026-06-05 14:17:45,1
67f9e4c6,cmm,Measurement,Produksi,CRCS R,K1AL L3,C041,Posisi Y,AL,04 Jun 2026,1,0.213,,,,,Open,K1AL_L3_CRCS_R_2026-06-04_1,2026-06-05 14:17:45,1
9edb7a6f,cmm,Measurement,Produksi,CRCS R,K1AL L3,C160,Posisi X,AL,04 Jun 2026,1,-0.543,,,,,Open,K1AL_L3_CRCS_R_2026-06-04_1,2026-06-05 14:17:45,1
ff009e92,cmm,Measurement,Produksi,CRCS R,K1AL L3,C160,Posisi Y,AL,04 Jun 2026,1,-0.543,,,,,Open,K1AL_L3_CRCS_R_2026-06-04_1,2026-06-05 14:17:46,0
bc51f6f9,cmm,Measurement,Produksi,CRCS R,K1AL L3,C163,Posisi X,AL,04 Jun 2026,1,-0.21,,,,,Open,K1AL_L3_CRCS_R_2026-06-04_1,2026-06-05 14:17:46,1
9d6b8a88,cmm,Measurement,Produksi,CRCS R,K1AL L3,C163,Posisi Y,AL,04 Jun 2026,1,-0.21,,,,,Open,K1AL_L3_CRCS_R_2026-06-04_1,2026-06-05 14:17:46,0
d512ae21,cmm,Measurement,Produksi,CRCS R,K1AL L3,D005,Concentricity to f,AL,04 Jun 2026,1,0.17,,,,,Open,K1AL_L3_CRCS_R_2026-06-04_1,2026-06-05 14:17:46,0
735a0d94,cmm,Measurement,Produksi,CRCS R,K1AL L3,D033,Distance From D032,AL,04 Jun 2026,1,-0.405,,,,,Open,K1AL_L3_CRCS_R_2026-06-04_1,2026-06-05 14:17:46,0
40d942a9,cmm,Measurement,Produksi,CRCS R,K1AL L3,D087,Angle 2,AL,04 Jun 2026,1,-4.571,,,,,Open,K1AL_L3_CRCS_R_2026-06-04_1,2026-06-05 14:17:46,0
0b87ffd5,cmm,Measurement,Produksi,CRCS R,K1AL L3,D087,Posisi X,AL,04 Jun 2026,1,-0.218,,,,,Open,K1AL_L3_CRCS_R_2026-06-04_1,2026-06-05 14:17:46,0
9141c1c4,cmm,Measurement,Produksi,CRCS R,K1AL L3,D087,Posisi Y,AL,04 Jun 2026,1,-0.218,,,,,Open,K1AL_L3_CRCS_R_2026-06-04_1,2026-06-05 14:17:46,1
4143ef0c,cmm,Measurement,Produksi,CRCS R,K1AL L3,D087,Posisi Z,AL,04 Jun 2026,1,-0.218,,,,,Open,K1AL_L3_CRCS_R_2026-06-04_1,2026-06-05 14:17:46,1
e0972a1e,cmm,Measurement,Produksi,CRCS R,K2SA,C160,POSITION X,5AL,04 Jun 2026,1,0.222,,,,,Open,K2SA_CRCS_R_2026-06-04_1,2026-06-05 14:17:54,1
53dc18ba,cmm,Measurement,Produksi,CRCS R,K2SA,C160,POSITION Y,5AL,04 Jun 2026,1,0.222,,,,,Open,K2SA_CRCS_R_2026-06-04_1,2026-06-05 14:17:54,0
e177978e,cmm,Measurement,Produksi,CRCS R,K2SA,C163,POSITION X,5AL,04 Jun 2026,1,0.216,,,,,Open,K2SA_CRCS_R_2026-06-04_1,2026-06-05 14:17:54,1
05db2c96,cmm,Measurement,Produksi,CRCS R,K2SA,C163,POSITION Y,5AL,04 Jun 2026,1,0.216,,,,,Open,K2SA_CRCS_R_2026-06-04_1,2026-06-05 14:17:54,0
482dae5c,cmm,Measurement,Produksi,CRCS R,K2SA,D070,DISTANCE X FROM D074,5AL,04 Jun 2026,1,0.152,,,,,Open,K2SA_CRCS_R_2026-06-04_1,2026-06-05 14:17:54,1
b86aa201,cmm,Measurement,Produksi,CRCS R,K2SA,D070,DISTANCE Y FROM D074,5AL,04 Jun 2026,1,0.152,,,,,Open,K2SA_CRCS_R_2026-06-04_1,2026-06-05 14:17:54,0
57faa9ba,cmm,Measurement,Produksi,CRCS R,K2SA,D071,DISTANCE X FROM D074,5AL,04 Jun 2026,1,0.231,,,,,Open,K2SA_CRCS_R_2026-06-04_1,2026-06-05 14:17:54,0
02f06ded,cmm,Measurement,Produksi,CRCS R,K2SA,D071,DISTANCE Y FROM D074,5AL,04 Jun 2026,1,0.231,,,,,Open,K2SA_CRCS_R_2026-06-04_1,2026-06-05 14:17:54,0
aaec8a20,cmm,Measurement,Produksi,CRCS R,K2SA,D072,POSITION X,5AL,04 Jun 2026,1,0.247,,,,,Open,K2SA_CRCS_R_2026-06-04_1,2026-06-05 14:17:54,0
30c73130,cmm,Measurement,Produksi,CRCS R,K2SA,D072,POSITION Y,5AL,04 Jun 2026,1,0.247,,,,,Open,K2SA_CRCS_R_2026-06-04_1,2026-06-05 14:17:54,0
a2d9bee3,cmm,Measurement,Produksi,CRCS R,K2SA,D074,POSITION X,5AL,04 Jun 2026,1,-0.128,,,,,Open,K2SA_CRCS_R_2026-06-04_1,2026-06-05 14:17:54,0
51b20a40,cmm,Measurement,Produksi,CRCS R,K2SA,D074,POSITION Y,5AL,04 Jun 2026,1,-0.128,,,,,Open,K2SA_CRCS_R_2026-06-04_1,2026-06-05 14:17:54,1
7845fc0c,cmm,Measurement,Produksi,CRCS R,K2SA,C160,POSITION X,5AL,04 Jun 2026,1,0.222,,,,,Open,K2SA_CRCS_R_2026-06-04_1,2026-06-05 14:18:18,1
e8c99051,cmm,Measurement,Produksi,CRCS R,K2SA,C160,POSITION Y,5AL,04 Jun 2026,1,0.222,,,,,Open,K2SA_CRCS_R_2026-06-04_1,2026-06-05 14:18:18,0
8cd785d1,cmm,Measurement,Produksi,CRCS R,K2SA,C163,POSITION X,5AL,04 Jun 2026,1,0.216,,,,,Open,K2SA_CRCS_R_2026-06-04_1,2026-06-05 14:18:18,1
1371a615,cmm,Measurement,Produksi,CRCS R,K2SA,C163,POSITION Y,5AL,04 Jun 2026,1,0.216,,,,,Open,K2SA_CRCS_R_2026-06-04_1,2026-06-05 14:18:18,0
317c9b9e,cmm,Measurement,Produksi,CRCS R,K2SA,D070,DISTANCE X FROM D074,5AL,04 Jun 2026,1,0.152,,,,,Open,K2SA_CRCS_R_2026-06-04_1,2026-06-05 14:18:18,1
b8b0e8b5,cmm,Measurement,Produksi,CRCS R,K2SA,D070,DISTANCE Y FROM D074,5AL,04 Jun 2026,1,0.152,,,,,Open,K2SA_CRCS_R_2026-06-04_1,2026-06-05 14:18:18,0
05d915fc,cmm,Measurement,Produksi,CRCS R,K2SA,D071,DISTANCE X FROM D074,5AL,04 Jun 2026,1,0.231,,,,,Open,K2SA_CRCS_R_2026-06-04_1,2026-06-05 14:18:18,0
867d5429,cmm,Measurement,Produksi,CRCS R,K2SA,D071,DISTANCE Y FROM D074,5AL,04 Jun 2026,1,0.231,,,,,Open,K2SA_CRCS_R_2026-06-04_1,2026-06-05 14:18:18,0
3efbf150,cmm,Measurement,Produksi,CRCS R,K2SA,D072,POSITION X,5AL,04 Jun 2026,1,0.247,,,,,Open,K2SA_CRCS_R_2026-06-04_1,2026-06-05 14:18:18,0
979e359b,cmm,Measurement,Produksi,CRCS R,K2SA,D072,POSITION Y,5AL,04 Jun 2026,1,0.247,,,,,Open,K2SA_CRCS_R_2026-06-04_1,2026-06-05 14:18:18,0
4015587a,cmm,Measurement,Produksi,CRCS R,K2SA,D074,POSITION X,5AL,04 Jun 2026,1,-0.128,,,,,Open,K2SA_CRCS_R_2026-06-04_1,2026-06-05 14:18:19,0
e0b2471c,cmm,Measurement,Produksi,CRCS R,K2SA,D074,POSITION Y,5AL,04 Jun 2026,1,-0.128,,,,,Open,K2SA_CRCS_R_2026-06-04_1,2026-06-05 14:18:19,1
6375784f,cmm,Measurement,Produksi,CRCS R,K60,C005,KETEGAKLURUSAN,4LR,04 Jun 2026,1,0.011,,,,,Open,K60_CRCS_R_2026-06-04_1,2026-06-05 14:18:26,1
c8a5e5da,cmm,Measurement,Produksi,CRCS R,K60,C016,JARAK dari C005,4LR,04 Jun 2026,1,-0.132,,,,,Open,K60_CRCS_R_2026-06-04_1,2026-06-05 14:18:26,0
547e2c1b,cmm,Measurement,Produksi,CRCS R,K60,C016,SUDUT,4LR,04 Jun 2026,1,-1.106,,,,,Open,K60_CRCS_R_2026-06-04_1,2026-06-05 14:18:26,0
8fc852b2,cmm,Measurement,Produksi,CRCS R,K60,C160,POSISI X,4LR,04 Jun 2026,1,-0.26,,,,,Open,K60_CRCS_R_2026-06-04_1,2026-06-05 14:18:26,1
886d61a9,cmm,Measurement,Produksi,CRCS R,K60,C160,POSISI Z,4LR,04 Jun 2026,1,-0.26,,,,,Open,K60_CRCS_R_2026-06-04_1,2026-06-05 14:18:26,0
0de7093f,cmm,Measurement,Produksi,CRCS R,K60,C162,POSISI X,4LR,04 Jun 2026,1,0.202,,,,,Open,K60_CRCS_R_2026-06-04_1,2026-06-05 14:18:26,0
db54c2eb,cmm,Measurement,Produksi,CRCS R,K60,C162,POSISI Z,4LR,04 Jun 2026,1,0.202,,,,,Open,K60_CRCS_R_2026-06-04_1,2026-06-05 14:18:26,0
68abf33b,cmm,Measurement,Produksi,CRCS R,K60,D021,POSISI X,4LR,04 Jun 2026,1,0.062,,,,,Open,K60_CRCS_R_2026-06-04_1,2026-06-05 14:18:26,1
c7bd861e,cmm,Measurement,Produksi,CRCS R,K60,D021,POSISI Y,4LR,04 Jun 2026,1,0.062,,,,,Open,K60_CRCS_R_2026-06-04_1,2026-06-05 14:18:26,1
704759e4,cmm,Measurement,Produksi,CRCS R,K60,D071,POSISI X dari D074,4LR,04 Jun 2026,1,-0.115,,,,,Open,K60_CRCS_R_2026-06-04_1,2026-06-05 14:18:27,1
b73f04bd,cmm,Measurement,Produksi,CRCS R,K60,D072,POSISI X,4LR,04 Jun 2026,1,-0.26,,,,,Open,K60_CRCS_R_2026-06-04_1,2026-06-05 14:18:27,0
eee11462,cmm,Measurement,Produksi,CRCS R,K60,D072,POSISI Y,4LR,04 Jun 2026,1,-0.26,,,,,Open,K60_CRCS_R_2026-06-04_1,2026-06-05 14:18:27,0
30e9d1a9,cmm,Measurement,Produksi,CRCS R,K60,D087,SUDUT,4LR,04 Jun 2026,1,2.162,,,,,Open,K60_CRCS_R_2026-06-04_1,2026-06-05 14:18:27,0
addb23ee,cmm,Measurement,Produksi,CRCS L,K1AL L2,A006,Concentricity to m,2A,04 Jun 2026,1,0.034,,,,,Open,K1AL_L2_CRCS_L_2026-06-04_1,2026-06-05 14:18:41,0
769ee642,cmm,Measurement,Produksi,CRCS L,K1AL L2,A008,Distance From A006,2B,04 Jun 2026,1,0.056,,,,,Open,K1AL_L2_CRCS_L_2026-06-04_1,2026-06-05 14:18:41,0
cee32286,cmm,Measurement,Produksi,CRCS L,K1AL L2,A041,Posisi X,2B,04 Jun 2026,1,0.271,,,,,Open,K1AL_L2_CRCS_L_2026-06-04_1,2026-06-05 14:18:41,0
c891344b,cmm,Measurement,Produksi,CRCS L,K1AL L2,A041,Posisi Y,2B,04 Jun 2026,1,0.271,,,,,Open,K1AL_L2_CRCS_L_2026-06-04_1,2026-06-05 14:18:41,0
563b710f,cmm,Measurement,Produksi,CRCS L,K1AL L2,A043,Posisi X,2B,04 Jun 2026,1,-0.398,,,,,Open,K1AL_L2_CRCS_L_2026-06-04_1,2026-06-05 14:18:41,1
afe0c1d8,cmm,Measurement,Produksi,CRCS L,K1AL L2,A043,Posisi Y,2B,04 Jun 2026,1,-0.398,,,,,Open,K1AL_L2_CRCS_L_2026-06-04_1,2026-06-05 14:18:42,1
32717c64,cmm,Measurement,Produksi,CRCS L,K1AL L2,A044,Posisi X,2B,04 Jun 2026,1,-0.278,,,,,Open,K1AL_L2_CRCS_L_2026-06-04_1,2026-06-05 14:18:42,1
fc128935,cmm,Measurement,Produksi,CRCS L,K1AL L2,A044,Posisi Y,2B,04 Jun 2026,1,-0.278,,,,,Open,K1AL_L2_CRCS_L_2026-06-04_1,2026-06-05 14:18:42,1
bc9d32b5,cmm,Measurement,Produksi,CRCS L,K1AL L2,A045,Posisi X,2B,04 Jun 2026,1,-0.282,,,,,Open,K1AL_L2_CRCS_L_2026-06-04_1,2026-06-05 14:18:42,1
602c98f6,cmm,Measurement,Produksi,CRCS L,K1AL L2,A045,Posisi Y,2B,04 Jun 2026,1,-0.282,,,,,Open,K1AL_L2_CRCS_L_2026-06-04_1,2026-06-05 14:18:42,0
7d4f2d61,cmm,Measurement,Produksi,CRCS L,K1AL L2,A152,Posisi Y Reamer 8H8,2B,04 Jun 2026,1,-0.087,,,,,Open,K1AL_L2_CRCS_L_2026-06-04_1,2026-06-05 14:18:42,0
2eb7cf60,cmm,Measurement,Produksi,CRCS L,K1AL L2,B017,Distance From B027,2B,04 Jun 2026,1,-0.178,,,,,Open,K1AL_L2_CRCS_L_2026-06-04_1,2026-06-05 14:18:42,0
d28b21fc,cmm,Measurement,Produksi,CRCS L,K1AL L2,B017,Position To f & g,2A,04 Jun 2026,1,0.219,,,,,Open,K1AL_L2_CRCS_L_2026-06-04_1,2026-06-05 14:18:42,0
6bd7cf22,cmm,Measurement,Produksi,CRCS L,K1AL L2,B018,Position To f & g,2B,04 Jun 2026,1,0.376,,,,,Open,K1AL_L2_CRCS_L_2026-06-04_1,2026-06-05 14:18:43,1
6a6b64d0,cmm,Measurement,Produksi,CRCS L,K1AL L2,B024,Posisi Y,2A,04 Jun 2026,1,-0.293,,,,,Open,K1AL_L2_CRCS_L_2026-06-04_1,2026-06-05 14:18:43,0
6aa3c4b6,cmm,Measurement,Produksi,CRCS L,K1AL L2,B051,Posisi X,2A,04 Jun 2026,1,-0.332,,,,,Open,K1AL_L2_CRCS_L_2026-06-04_1,2026-06-05 14:18:43,1
f24e4d36,cmm,Measurement,Produksi,CRCS L,K1AL L2,B051,Posisi Y,2A,04 Jun 2026,1,-0.332,,,,,Open,K1AL_L2_CRCS_L_2026-06-04_1,2026-06-05 14:18:43,0
82b2869c,cmm,Measurement,Produksi,CRCS L,K1AL L2,B052,Posisi X,2A,04 Jun 2026,1,-0.29,,,,,Open,K1AL_L2_CRCS_L_2026-06-04_1,2026-06-05 14:18:43,1
262c1aa6,cmm,Measurement,Produksi,CRCS L,K1AL L2,B052,Posisi Y,2A,04 Jun 2026,1,-0.29,,,,,Open,K1AL_L2_CRCS_L_2026-06-04_1,2026-06-05 14:18:43,0
6b648d45,cmm,Measurement,Produksi,CRCS L,K1AL L2,B053,Posisi X,2A,04 Jun 2026,1,-0.239,,,,,Open,K1AL_L2_CRCS_L_2026-06-04_1,2026-06-05 14:18:43,1
24a77f0e,cmm,Measurement,Produksi,CRCS L,K1AL L2,B053,Posisi Y,2A,04 Jun 2026,1,-0.239,,,,,Open,K1AL_L2_CRCS_L_2026-06-04_1,2026-06-05 14:18:43,0
b431e81f,cmm,Measurement,Produksi,CRCS L,K1AL L2,B060,Posisi X,2A,04 Jun 2026,1,0.268,,,,,Open,K1AL_L2_CRCS_L_2026-06-04_1,2026-06-05 14:18:43,1
aefb7fbf,cmm,Measurement,Produksi,CRCS L,K1AL L2,B060,Posisi Y,2A,04 Jun 2026,1,0.268,,,,,Open,K1AL_L2_CRCS_L_2026-06-04_1,2026-06-05 14:18:43,1
c480a854,cmm,Measurement,Produksi,CRCS L,K1AL L2,B071,Posisi X,2B,04 Jun 2026,1,0.226,,,,,Open,K1AL_L2_CRCS_L_2026-06-04_1,2026-06-05 14:18:43,1
61df9a78,cmm,Measurement,Produksi,CRCS L,K1AL L2,B071,Posisi Y,2B,04 Jun 2026,1,0.226,,,,,Open,K1AL_L2_CRCS_L_2026-06-04_1,2026-06-05 14:18:43,0
1b648b80,cmm,Measurement,Produksi,CRCS L,K1AL L2,B072,Posisi X,2B,04 Jun 2026,1,0.212,,,,,Open,K1AL_L2_CRCS_L_2026-06-04_1,2026-06-05 14:18:43,1
d160c252,cmm,Measurement,Produksi,CRCS L,K1AL L2,B072,Posisi Y,2B,04 Jun 2026,1,0.212,,,,,Open,K1AL_L2_CRCS_L_2026-06-04_1,2026-06-05 14:18:43,0
4f66a561,cmm,Measurement,Produksi,CRCS L,K1AL L2,B073,Posisi X,2A,04 Jun 2026,1,-0.297,,,,,Open,K1AL_L2_CRCS_L_2026-06-04_1,2026-06-05 14:18:44,1
316ab0c8,cmm,Measurement,Produksi,CRCS L,K1AL L2,B073,Posisi Y,2A,04 Jun 2026,1,-0.297,,,,,Open,K1AL_L2_CRCS_L_2026-06-04_1,2026-06-05 14:18:44,0
c48c7106,cmm,Measurement,Produksi,CRCS L,K1AL L2,B074,Posisi X,2A,04 Jun 2026,1,-0.293,,,,,Open,K1AL_L2_CRCS_L_2026-06-04_1,2026-06-05 14:18:44,1
907b1e90,cmm,Measurement,Produksi,CRCS L,K1AL L2,B074,Posisi Y,2A,04 Jun 2026,1,-0.293,,,,,Open,K1AL_L2_CRCS_L_2026-06-04_1,2026-06-05 14:18:44,0
3cd0b8bc,cmm,Measurement,Produksi,CRCS L,K1AL L2,B078,Posisi X,2A,04 Jun 2026,1,-0.301,,,,,Open,K1AL_L2_CRCS_L_2026-06-04_1,2026-06-05 14:18:44,1
c5d45a81,cmm,Measurement,Produksi,CRCS L,K1AL L2,B078,Posisi Y,2A,04 Jun 2026,1,-0.301,,,,,Open,K1AL_L2_CRCS_L_2026-06-04_1,2026-06-05 14:18:44,1
c64bc815,cmm,Measurement,Produksi,CRCS L,K1AL L2,B082,Posisi X,2B,04 Jun 2026,1,0.113,,,,,Open,K1AL_L2_CRCS_L_2026-06-04_1,2026-06-05 14:18:44,1
ab43567e,cmm,Measurement,Produksi,CRCS L,K1AL L2,B082,Posisi Y,2B,04 Jun 2026,1,0.113,,,,,Open,K1AL_L2_CRCS_L_2026-06-04_1,2026-06-05 14:18:44,0
cbab70b2,cmm,Measurement,Produksi,CRCS R,K1AL L2,C016,Diameter,AL,04 Jun 2026,1,-0.051,,,,,Open,K1AL_L2_CRCS_R_2026-06-04_1,2026-06-05 14:18:56,1
edb5f47f,cmm,Measurement,Produksi,CRCS R,K1AL L2,C016,Diameter,AR,04 Jun 2026,1,-0.225,,,,,Open,K1AL_L2_CRCS_R_2026-06-04_1,2026-06-05 14:18:56,0
77dba5dc,cmm,Measurement,Produksi,CRCS R,K1AL L2,C016,Diameter,BL,04 Jun 2026,1,-0.031,,,,,Open,K1AL_L2_CRCS_R_2026-06-04_1,2026-06-05 14:18:56,0
ebba0b75,cmm,Measurement,Produksi,CRCS R,K1AL L2,C016,Diameter,BR,04 Jun 2026,1,-0.041,,,,,Open,K1AL_L2_CRCS_R_2026-06-04_1,2026-06-05 14:18:56,0
66c9a36d,cmm,Measurement,Produksi,CRCS R,K1AL L2,C016,Posisi X,AR,04 Jun 2026,1,-0.225,,,,,Open,K1AL_L2_CRCS_R_2026-06-04_1,2026-06-05 14:18:56,1
bd096981,cmm,Measurement,Produksi,CRCS R,K1AL L2,C016,Posisi Y,AR,04 Jun 2026,1,-0.225,,,,,Open,K1AL_L2_CRCS_R_2026-06-04_1,2026-06-05 14:18:56,0
dc399da9,cmm,Measurement,Produksi,CRCS R,K1AL L2,C016,Distance 01,AR,04 Jun 2026,1,-0.244,,,,,Open,K1AL_L2_CRCS_R_2026-06-04_1,2026-06-05 14:18:56,1
ad60e066,cmm,Measurement,Produksi,CRCS R,K1AL L2,C158,Posisi X,AL,04 Jun 2026,1,-0.231,,,,,Open,K1AL_L2_CRCS_R_2026-06-04_1,2026-06-05 14:18:56,0
23a3c66e,cmm,Measurement,Produksi,CRCS R,K1AL L2,C158,Posisi X,BL,04 Jun 2026,1,-0.161,,,,,Open,K1AL_L2_CRCS_R_2026-06-04_1,2026-06-05 14:18:56,1
c16e5dcb,cmm,Measurement,Produksi,CRCS R,K1AL L2,C158,Posisi X,BR,04 Jun 2026,1,-0.152,,,,,Open,K1AL_L2_CRCS_R_2026-06-04_1,2026-06-05 14:18:56,0
d4a0acad,cmm,Measurement,Produksi,CRCS R,K1AL L2,C158,Posisi Y,AL,04 Jun 2026,1,-0.231,,,,,Open,K1AL_L2_CRCS_R_2026-06-04_1,2026-06-05 14:18:57,0
8c30148b,cmm,Measurement,Produksi,CRCS R,K1AL L2,C158,Posisi Y,BL,04 Jun 2026,1,-0.161,,,,,Open,K1AL_L2_CRCS_R_2026-06-04_1,2026-06-05 14:18:57,0
37ef2219,cmm,Measurement,Produksi,CRCS R,K1AL L2,C158,Posisi Y,BR,04 Jun 2026,1,-0.152,,,,,Open,K1AL_L2_CRCS_R_2026-06-04_1,2026-06-05 14:18:57,0
23e2ad94,cmm,Measurement,Produksi,CRCS R,K1AL L2,C159,Posisi X,AL,04 Jun 2026,1,-0.247,,,,,Open,K1AL_L2_CRCS_R_2026-06-04_1,2026-06-05 14:18:57,0
005a264e,cmm,Measurement,Produksi,CRCS R,K1AL L2,C159,Posisi X,AR,04 Jun 2026,1,-0.157,,,,,Open,K1AL_L2_CRCS_R_2026-06-04_1,2026-06-05 14:18:57,0
ed496acc,cmm,Measurement,Produksi,CRCS R,K1AL L2,C159,Distance From C158,BR,04 Jun 2026,1,0.138,,,,,Open,K1AL_L2_CRCS_R_2026-06-04_1,2026-06-05 14:18:57,0
fd366a51,cmm,Measurement,Produksi,CRCS R,K1AL L2,D005,Concentricity to f,AL,04 Jun 2026,1,0.282,,,,,Open,K1AL_L2_CRCS_R_2026-06-04_1,2026-06-05 14:18:57,0
b00966ba,cmm,Measurement,Produksi,CRCS R,K1AL L2,D005,Concentricity to f,AR,04 Jun 2026,1,0.116,,,,,Open,K1AL_L2_CRCS_R_2026-06-04_1,2026-06-05 14:18:57,0
2c117c6b,cmm,Measurement,Produksi,CRCS R,K1AL L2,D005,Concentricity to f,BL,04 Jun 2026,1,0.168,,,,,Open,K1AL_L2_CRCS_R_2026-06-04_1,2026-06-05 14:18:57,0
ab80bb0c,cmm,Measurement,Produksi,CRCS R,K1AL L2,D005,Concentricity to f,BR,04 Jun 2026,1,0.231,,,,,Open,K1AL_L2_CRCS_R_2026-06-04_1,2026-06-05 14:18:57,0
808462aa,cmm,Measurement,Produksi,CRCS R,K1AL L2,D015,Angle From D014,BL,04 Jun 2026,1,0.56,,,,,Open,K1AL_L2_CRCS_R_2026-06-04_1,2026-06-05 14:18:57,0
3c25e327,cmm,Measurement,Produksi,CRCS R,K1AL L2,D032,Posisi X,AL,04 Jun 2026,1,-0.202,,,,,Open,K1AL_L2_CRCS_R_2026-06-04_1,2026-06-05 14:18:57,1
88a4d22a,cmm,Measurement,Produksi,CRCS R,K1AL L2,D032,Posisi Y,AL,04 Jun 2026,1,-0.202,,,,,Open,K1AL_L2_CRCS_R_2026-06-04_1,2026-06-05 14:18:58,0
299cb486,cmm,Measurement,Produksi,CRCS R,K1AL L2,D033,Angle 2,AL,04 Jun 2026,1,3.832,,,,,Open,K1AL_L2_CRCS_R_2026-06-04_1,2026-06-05 14:18:58,0
54c64fb1,cmm,Measurement,Produksi,CRCS R,K1AL L2,D033,Distance From D032,AL,04 Jun 2026,1,-0.377,,,,,Open,K1AL_L2_CRCS_R_2026-06-04_1,2026-06-05 14:18:58,0
e87c8499,cmm,Measurement,Produksi,CRCS R,K1AL L2,D033,Distance From D032,BL,04 Jun 2026,1,-0.313,,,,,Open,K1AL_L2_CRCS_R_2026-06-04_1,2026-06-05 14:18:58,0
42fae835,cmm,Measurement,Produksi,CRCS R,K1AL L2,D033,Distance From D032,BR,04 Jun 2026,1,-0.309,,,,,Open,K1AL_L2_CRCS_R_2026-06-04_1,2026-06-05 14:18:58,0
ca85a2bc,cmm,Measurement,Produksi,CRCS R,K1AL L2,D087,Angle 2,AL,04 Jun 2026,1,-4.345,,,,,Open,K1AL_L2_CRCS_R_2026-06-04_1,2026-06-05 14:18:58,0
49bf026f,cmm,Measurement,Produksi,CRCS R,K1AL L2,D087,Angle 2,AR,04 Jun 2026,1,-5.005,,,,,Open,K1AL_L2_CRCS_R_2026-06-04_1,2026-06-05 14:18:58,0
6e5f16fb,cmm,Measurement,Produksi,CRCS R,K1AL L2,D087,Angle 1,BL,04 Jun 2026,1,7.137,,,,,Open,K1AL_L2_CRCS_R_2026-06-04_1,2026-06-05 14:18:58,0
8b0d05f2,cmm,Measurement,Produksi,CRCS R,K1AL L2,D087,Angle 1,BR,04 Jun 2026,1,6.816,,,,,Open,K1AL_L2_CRCS_R_2026-06-04_1,2026-06-05 14:18:58,0
d7c00cbb,cmm,Measurement,Produksi,CRCS R,K1AL L2,D091,Posisi X,BR,04 Jun 2026,1,-0.222,,,,,Open,K1AL_L2_CRCS_R_2026-06-04_1,2026-06-05 14:18:58,1
1a531e5b,cmm,Measurement,Produksi,CRCS R,K1AL L2,D091,Posisi Y,BR,04 Jun 2026,1,-0.222,,,,,Open,K1AL_L2_CRCS_R_2026-06-04_1,2026-06-05 14:18:58,0
3c06b16e,cmm,Measurement,Produksi,CRCS R,K1AL L2,D092,Posisi X,BR,04 Jun 2026,1,-0.28,,,,,Open,K1AL_L2_CRCS_R_2026-06-04_1,2026-06-05 14:18:58,1
b8d0b6fd,cmm,Measurement,Produksi,CRCS R,K1AL L2,D092,Posisi Y,BR,04 Jun 2026,1,-0.28,,,,,Open,K1AL_L2_CRCS_R_2026-06-04_1,2026-06-05 14:18:58,1
ffbe86b0,cmm,Measurement,Produksi,CRCS R,K1AL L2,D093,Posisi X,BR,04 Jun 2026,1,-0.304,,,,,Open,K1AL_L2_CRCS_R_2026-06-04_1,2026-06-05 14:18:58,1
b8ae1c87,cmm,Measurement,Produksi,CRCS R,K1AL L2,D093,Posisi Y,BR,04 Jun 2026,1,-0.304,,,,,Open,K1AL_L2_CRCS_R_2026-06-04_1,2026-06-05 14:18:59,0
a7662ae4,cmm,Measurement,Produksi,CRCS R,K1AL L2,D096,Posisi X,BL,04 Jun 2026,1,-0.132,,,,,Open,K1AL_L2_CRCS_R_2026-06-04_1,2026-06-05 14:18:59,1
960012de,cmm,Measurement,Produksi,CRCS R,K1AL L2,D096,Posisi X,BR,04 Jun 2026,1,0.216,,,,,Open,K1AL_L2_CRCS_R_2026-06-04_1,2026-06-05 14:18:59,1
f4276f98,cmm,Measurement,Produksi,CRCS R,K1AL L2,D096,Posisi Y,BL,04 Jun 2026,1,-0.132,,,,,Open,K1AL_L2_CRCS_R_2026-06-04_1,2026-06-05 14:18:59,0
f00585b3,cmm,Measurement,Produksi,CRCS R,K1AL L2,D096,Posisi Y,BR,04 Jun 2026,1,0.216,,,,,Open,K1AL_L2_CRCS_R_2026-06-04_1,2026-06-05 14:18:59,0
95700ca7,cmm,Measurement,Produksi,CRCS L,K2SA,A000-1,FLATNESS SURFACE,5A,04 Jun 2026,1,0.006,,,,,Open,K2SA_CRCS_L_2026-06-04_1,2026-06-05 14:29:23,0
6dea6431,cmm,Measurement,Produksi,CRCS L,K2SA,A005,PERPENDICULARITY TERHADAP A000-1,5A,04 Jun 2026,1,0.029,,,,,Open,K2SA_CRCS_L_2026-06-04_1,2026-06-05 14:29:23,0
4a3fcaa0,cmm,Measurement,Produksi,CRCS L,K2SA,A020,POSITION X FROM A006,5A,04 Jun 2026,1,-0.16,,,,,Open,K2SA_CRCS_L_2026-06-04_1,2026-06-05 14:29:23,1
6836b9b5,cmm,Measurement,Produksi,CRCS L,K2SA,A020,POSITION Y FROM A006,5A,04 Jun 2026,1,-0.16,,,,,Open,K2SA_CRCS_L_2026-06-04_1,2026-06-05 14:29:23,0
125f6e54,cmm,Measurement,Produksi,CRCS L,K2SA,A038,POSITION X FROM A006,5A,04 Jun 2026,1,0.239,,,,,Open,K2SA_CRCS_L_2026-06-04_1,2026-06-05 14:29:24,0
a320c602,cmm,Measurement,Produksi,CRCS L,K2SA,A038,POSITION Y FROM A006,5A,04 Jun 2026,1,0.239,,,,,Open,K2SA_CRCS_L_2026-06-04_1,2026-06-05 14:29:24,0
e1ac3a2e,cmm,Measurement,Produksi,CRCS L,K2SA,A043,POSITION X,5A,04 Jun 2026,1,-0.243,,,,,Open,K2SA_CRCS_L_2026-06-04_1,2026-06-05 14:29:24,0
8c6b47bc,cmm,Measurement,Produksi,CRCS L,K2SA,A043,POSITION Y,5A,04 Jun 2026,1,-0.243,,,,,Open,K2SA_CRCS_L_2026-06-04_1,2026-06-05 14:29:24,1
1d1f78ae,cmm,Measurement,Produksi,CRCS L,K2SA,A064,"DISTANCE FROM FACE COMP Ø 4,1",5A,04 Jun 2026,1,0.31,,,,,Open,K2SA_CRCS_L_2026-06-04_1,2026-06-05 14:29:24,0
55e1763e,cmm,Measurement,Produksi,CRCS L,K2SA,A066,DISTANCE FROM O1,5A,04 Jun 2026,1,0.173,,,,,Open,K2SA_CRCS_L_2026-06-04_1,2026-06-05 14:29:24,1
ee7ddaa6,cmm,Measurement,Produksi,CRCS L,K2SA,A067,DISTANCE FROM O1,5A,04 Jun 2026,1,0.188,,,,,Open,K2SA_CRCS_L_2026-06-04_1,2026-06-05 14:29:24,1
5d0250bf,cmm,Measurement,Produksi,CRCS L,K2SA,A071,POSITION X,5A,04 Jun 2026,1,0.202,,,,,Open,K2SA_CRCS_L_2026-06-04_1,2026-06-05 14:29:25,1
2b8c669b,cmm,Measurement,Produksi,CRCS L,K2SA,A071,POSITION Y,5A,04 Jun 2026,1,0.202,,,,,Open,K2SA_CRCS_L_2026-06-04_1,2026-06-05 14:29:25,0
a6536dc2,cmm,Measurement,Produksi,CRCS L,K2SA,A154,DISTANCE Z FROM A000.2,5A,04 Jun 2026,1,-0.232,,,,,Open,K2SA_CRCS_L_2026-06-04_1,2026-06-05 14:29:25,0
09a5722b,cmm,Measurement,Produksi,CRCS L,K2SA,A155,DISTANCE Z FROM A154,5A,04 Jun 2026,1,-0.203,,,,,Open,K2SA_CRCS_L_2026-06-04_1,2026-06-05 14:29:25,0
fe3d40ec,cmm,Measurement,Produksi,CRCS L,K2SA,A155,SURFACE HEIGHT FROM A008,5A,04 Jun 2026,1,0.322,,,,,Open,K2SA_CRCS_L_2026-06-04_1,2026-06-05 14:29:25,1
ae559f0e,cmm,Measurement,Produksi,CRCS L,K2SA,A155,DISTANCE Y FROM A008,5A,04 Jun 2026,1,0.345,,,,,Open,K2SA_CRCS_L_2026-06-04_1,2026-06-05 14:29:25,0
af135614,cmm,Measurement,Produksi,CRCS L,K2SA,B012,"POSITION X Ø5,45",5A,04 Jun 2026,1,0.299,,,,,Open,K2SA_CRCS_L_2026-06-04_1,2026-06-05 14:29:25,1
a705d0a7,cmm,Measurement,Produksi,CRCS L,K2SA,B012,"POSITION Y Ø5,45",5A,04 Jun 2026,1,0.299,,,,,Open,K2SA_CRCS_L_2026-06-04_1,2026-06-05 14:29:25,0
8cc171cc,cmm,Measurement,Produksi,CRCS L,K2SA,B051,POSITION X,5A,04 Jun 2026,1,-0.357,,,,,Open,K2SA_CRCS_L_2026-06-04_1,2026-06-05 14:29:26,1
a5995336,cmm,Measurement,Produksi,CRCS L,K2SA,B051,POSITION Y,5A,04 Jun 2026,1,-0.357,,,,,Open,K2SA_CRCS_L_2026-06-04_1,2026-06-05 14:29:26,0
e2c80928,cmm,Measurement,Produksi,CRCS L,K2SA,B052,POSITION X,5A,04 Jun 2026,1,-0.262,,,,,Open,K2SA_CRCS_L_2026-06-04_1,2026-06-05 14:29:26,1
dde3d1c9,cmm,Measurement,Produksi,CRCS L,K2SA,B052,POSITION Y,5A,04 Jun 2026,1,-0.262,,,,,Open,K2SA_CRCS_L_2026-06-04_1,2026-06-05 14:29:26,1
a8fafee6,cmm,Measurement,Produksi,CRCS L,K2SA,B053,POSITION X,5A,04 Jun 2026,1,0.34,,,,,Open,K2SA_CRCS_L_2026-06-04_1,2026-06-05 14:29:26,1
4ff8dca7,cmm,Measurement,Produksi,CRCS L,K2SA,B053,POSITION Y,5A,04 Jun 2026,1,0.34,,,,,Open,K2SA_CRCS_L_2026-06-04_1,2026-06-05 14:29:26,0
84273855,cmm,Measurement,Produksi,CRCS L,K2SA,B055,POSITION X,5A,04 Jun 2026,1,0.306,,,,,Open,K2SA_CRCS_L_2026-06-04_1,2026-06-05 14:29:26,1
e26ca618,cmm,Measurement,Produksi,CRCS L,K2SA,B055,POSITION Y,5A,04 Jun 2026,1,0.306,,,,,Open,K2SA_CRCS_L_2026-06-04_1,2026-06-05 14:29:27,0
d4a0fbad,cmm,Measurement,Produksi,CRCS L,K2SA,B056,POSITION X,5A,04 Jun 2026,1,0.368,,,,,Open,K2SA_CRCS_L_2026-06-04_1,2026-06-05 14:29:27,1
fe666344,cmm,Measurement,Produksi,CRCS L,K2SA,B056,POSITION Y,5A,04 Jun 2026,1,0.368,,,,,Open,K2SA_CRCS_L_2026-06-04_1,2026-06-05 14:29:27,0
3c674674,cmm,Measurement,Produksi,CRCS L,K2SA,B057,POSITION X,5A,04 Jun 2026,1,0.309,,,,,Open,K2SA_CRCS_L_2026-06-04_1,2026-06-05 14:29:27,1
19323901,cmm,Measurement,Produksi,CRCS L,K2SA,B057,POSITION Y,5A,04 Jun 2026,1,0.309,,,,,Open,K2SA_CRCS_L_2026-06-04_1,2026-06-05 14:29:27,0
0cb1a20c,cmm,Measurement,Produksi,CRCS L,K2SA,B058,POSITION X,5A,04 Jun 2026,1,0.357,,,,,Open,K2SA_CRCS_L_2026-06-04_1,2026-06-05 14:29:27,1
65169913,cmm,Measurement,Produksi,CRCS L,K2SA,B058,POSITION Y,5A,04 Jun 2026,1,0.357,,,,,Open,K2SA_CRCS_L_2026-06-04_1,2026-06-05 14:29:27,0
7eb814be,cmm,Measurement,Produksi,CRCS L,K2SA,B060,POSITION X,5A,04 Jun 2026,1,0.294,,,,,Open,K2SA_CRCS_L_2026-06-04_1,2026-06-05 14:29:28,1
beac5806,cmm,Measurement,Produksi,CRCS L,K2SA,B060,POSITION Y,5A,04 Jun 2026,1,0.294,,,,,Open,K2SA_CRCS_L_2026-06-04_1,2026-06-05 14:29:28,0
2561f9ab,cmm,Measurement,Produksi,CRCS L,K2SA,B061,POSITION X,5A,04 Jun 2026,1,0.41,,,,,Open,K2SA_CRCS_L_2026-06-04_1,2026-06-05 14:29:28,1
9b7bb07d,cmm,Measurement,Produksi,CRCS L,K2SA,B061,POSITION Y,5A,04 Jun 2026,1,0.41,,,,,Open,K2SA_CRCS_L_2026-06-04_1,2026-06-05 14:29:28,0
8c08f428,cmm,Measurement,Produksi,CRCS L,K2SA,B062,POSITION X,5A,04 Jun 2026,1,0.367,,,,,Open,K2SA_CRCS_L_2026-06-04_1,2026-06-05 14:29:28,1
0665deb6,cmm,Measurement,Produksi,CRCS L,K2SA,B062,POSITION Y,5A,04 Jun 2026,1,0.367,,,,,Open,K2SA_CRCS_L_2026-06-04_1,2026-06-05 14:29:28,1
84503d32,cmm,Measurement,Produksi,CRCS L,K2SA,B066,POSITION X,5A,04 Jun 2026,1,0.393,,,,,Open,K2SA_CRCS_L_2026-06-04_1,2026-06-05 14:29:28,1
e80116bd,cmm,Measurement,Produksi,CRCS L,K2SA,B066,POSITION Y,5A,04 Jun 2026,1,0.393,,,,,Open,K2SA_CRCS_L_2026-06-04_1,2026-06-05 14:29:29,0
4ebdc407,cmm,Measurement,Produksi,CRCS L,K2SA,A000-1,FLATNESS SURFACE,5A,04 Jun 2026,1,0.006,,,,,Open,K2SA_CRCS_L_2026-06-04_1,2026-06-05 14:32:05,0
44815523,cmm,Measurement,Produksi,CRCS L,K2SA,A005,PERPENDICULARITY TERHADAP A000-1,5A,04 Jun 2026,1,0.029,,,,,Open,K2SA_CRCS_L_2026-06-04_1,2026-06-05 14:32:05,0
189f8109,cmm,Measurement,Produksi,CRCS L,K2SA,A020,POSITION X FROM A006,5A,04 Jun 2026,1,-0.16,,,,,Open,K2SA_CRCS_L_2026-06-04_1,2026-06-05 14:32:06,1
47ef9e2b,cmm,Measurement,Produksi,CRCS L,K2SA,A020,POSITION Y FROM A006,5A,04 Jun 2026,1,-0.16,,,,,Open,K2SA_CRCS_L_2026-06-04_1,2026-06-05 14:32:06,0
c723d798,cmm,Measurement,Produksi,CRCS L,K2SA,A038,POSITION X FROM A006,5A,04 Jun 2026,1,0.239,,,,,Open,K2SA_CRCS_L_2026-06-04_1,2026-06-05 14:32:06,0
e1512b9b,cmm,Measurement,Produksi,CRCS L,K2SA,A038,POSITION Y FROM A006,5A,04 Jun 2026,1,0.239,,,,,Open,K2SA_CRCS_L_2026-06-04_1,2026-06-05 14:32:06,0
f43122cf,cmm,Measurement,Produksi,CRCS L,K2SA,A043,POSITION X,5A,04 Jun 2026,1,-0.243,,,,,Open,K2SA_CRCS_L_2026-06-04_1,2026-06-05 14:32:06,0
bbb420a5,cmm,Measurement,Produksi,CRCS L,K2SA,A043,POSITION Y,5A,04 Jun 2026,1,-0.243,,,,,Open,K2SA_CRCS_L_2026-06-04_1,2026-06-05 14:32:06,1
8f9d735e,cmm,Measurement,Produksi,CRCS L,K2SA,A064,"DISTANCE FROM FACE COMP Ø 4,1",5A,04 Jun 2026,1,0.31,,,,,Open,K2SA_CRCS_L_2026-06-04_1,2026-06-05 14:32:06,0
9290d0f1,cmm,Measurement,Produksi,CRCS L,K2SA,A066,DISTANCE FROM O1,5A,04 Jun 2026,1,0.173,,,,,Open,K2SA_CRCS_L_2026-06-04_1,2026-06-05 14:32:06,1
c8fcedc1,cmm,Measurement,Produksi,CRCS L,K2SA,A067,DISTANCE FROM O1,5A,04 Jun 2026,1,0.188,,,,,Open,K2SA_CRCS_L_2026-06-04_1,2026-06-05 14:32:07,1
d617b9ca,cmm,Measurement,Produksi,CRCS L,K2SA,A071,POSITION X,5A,04 Jun 2026,1,0.202,,,,,Open,K2SA_CRCS_L_2026-06-04_1,2026-06-05 14:32:07,1
cfd31ad9,cmm,Measurement,Produksi,CRCS L,K2SA,A071,POSITION Y,5A,04 Jun 2026,1,0.202,,,,,Open,K2SA_CRCS_L_2026-06-04_1,2026-06-05 14:32:07,0
c893824d,cmm,Measurement,Produksi,CRCS L,K2SA,A154,DISTANCE Z FROM A000.2,5A,04 Jun 2026,1,-0.232,,,,,Open,K2SA_CRCS_L_2026-06-04_1,2026-06-05 14:32:07,0
c5dc21e0,cmm,Measurement,Produksi,CRCS L,K2SA,A155,DISTANCE Z FROM A154,5A,04 Jun 2026,1,-0.203,,,,,Open,K2SA_CRCS_L_2026-06-04_1,2026-06-05 14:32:07,0
bd234f6f,cmm,Measurement,Produksi,CRCS L,K2SA,A155,SURFACE HEIGHT FROM A008,5A,04 Jun 2026,1,0.322,,,,,Open,K2SA_CRCS_L_2026-06-04_1,2026-06-05 14:32:07,1
8af1d577,cmm,Measurement,Produksi,CRCS L,K2SA,A155,DISTANCE Y FROM A008,5A,04 Jun 2026,1,0.345,,,,,Open,K2SA_CRCS_L_2026-06-04_1,2026-06-05 14:32:07,0
44f67a3f,cmm,Measurement,Produksi,CRCS L,K2SA,B012,"POSITION X Ø5,45",5A,04 Jun 2026,1,0.299,,,,,Open,K2SA_CRCS_L_2026-06-04_1,2026-06-05 14:32:07,1
d0ea0c4c,cmm,Measurement,Produksi,CRCS L,K2SA,B012,"POSITION Y Ø5,45",5A,04 Jun 2026,1,0.299,,,,,Open,K2SA_CRCS_L_2026-06-04_1,2026-06-05 14:32:07,0
2b2fe01a,cmm,Measurement,Produksi,CRCS L,K2SA,B051,POSITION X,5A,04 Jun 2026,1,-0.357,,,,,Open,K2SA_CRCS_L_2026-06-04_1,2026-06-05 14:32:08,1
06c68a89,cmm,Measurement,Produksi,CRCS L,K2SA,B051,POSITION Y,5A,04 Jun 2026,1,-0.357,,,,,Open,K2SA_CRCS_L_2026-06-04_1,2026-06-05 14:32:08,0
df2e62a2,cmm,Measurement,Produksi,CRCS L,K2SA,B052,POSITION X,5A,04 Jun 2026,1,-0.262,,,,,Open,K2SA_CRCS_L_2026-06-04_1,2026-06-05 14:32:08,1
89034099,cmm,Measurement,Produksi,CRCS L,K2SA,B052,POSITION Y,5A,04 Jun 2026,1,-0.262,,,,,Open,K2SA_CRCS_L_2026-06-04_1,2026-06-05 14:32:08,1
9b877d74,cmm,Measurement,Produksi,CRCS L,K2SA,B053,POSITION X,5A,04 Jun 2026,1,0.34,,,,,Open,K2SA_CRCS_L_2026-06-04_1,2026-06-05 14:32:08,1
0b9055b1,cmm,Measurement,Produksi,CRCS L,K2SA,B053,POSITION Y,5A,04 Jun 2026,1,0.34,,,,,Open,K2SA_CRCS_L_2026-06-04_1,2026-06-05 14:32:08,0
6bfbf326,cmm,Measurement,Produksi,CRCS L,K2SA,B055,POSITION X,5A,04 Jun 2026,1,0.306,,,,,Open,K2SA_CRCS_L_2026-06-04_1,2026-06-05 14:32:08,1
9021e204,cmm,Measurement,Produksi,CRCS L,K2SA,B055,POSITION Y,5A,04 Jun 2026,1,0.306,,,,,Open,K2SA_CRCS_L_2026-06-04_1,2026-06-05 14:32:08,0
037eec19,cmm,Measurement,Produksi,CRCS L,K2SA,B056,POSITION X,5A,04 Jun 2026,1,0.368,,,,,Open,K2SA_CRCS_L_2026-06-04_1,2026-06-05 14:32:08,1
594cc28e,cmm,Measurement,Produksi,CRCS L,K2SA,B056,POSITION Y,5A,04 Jun 2026,1,0.368,,,,,Open,K2SA_CRCS_L_2026-06-04_1,2026-06-05 14:32:08,0
13d4bfbe,cmm,Measurement,Produksi,CRCS L,K2SA,B057,POSITION X,5A,04 Jun 2026,1,0.309,,,,,Open,K2SA_CRCS_L_2026-06-04_1,2026-06-05 14:32:09,1
959d2fca,cmm,Measurement,Produksi,CRCS L,K2SA,B057,POSITION Y,5A,04 Jun 2026,1,0.309,,,,,Open,K2SA_CRCS_L_2026-06-04_1,2026-06-05 14:32:09,0
66010b7b,cmm,Measurement,Produksi,CRCS L,K2SA,B058,POSITION X,5A,04 Jun 2026,1,0.357,,,,,Open,K2SA_CRCS_L_2026-06-04_1,2026-06-05 14:32:09,1
b7a49352,cmm,Measurement,Produksi,CRCS L,K2SA,B058,POSITION Y,5A,04 Jun 2026,1,0.357,,,,,Open,K2SA_CRCS_L_2026-06-04_1,2026-06-05 14:32:09,0
ead51a07,cmm,Measurement,Produksi,CRCS L,K2SA,B060,POSITION X,5A,04 Jun 2026,1,0.294,,,,,Open,K2SA_CRCS_L_2026-06-04_1,2026-06-05 14:32:09,1
8b5f25d0,cmm,Measurement,Produksi,CRCS L,K2SA,B060,POSITION Y,5A,04 Jun 2026,1,0.294,,,,,Open,K2SA_CRCS_L_2026-06-04_1,2026-06-05 14:32:09,0
6b44c3d6,cmm,Measurement,Produksi,CRCS L,K2SA,B061,POSITION X,5A,04 Jun 2026,1,0.41,,,,,Open,K2SA_CRCS_L_2026-06-04_1,2026-06-05 14:32:10,1
a7e103f7,cmm,Measurement,Produksi,CRCS L,K2SA,B061,POSITION Y,5A,04 Jun 2026,1,0.41,,,,,Open,K2SA_CRCS_L_2026-06-04_1,2026-06-05 14:32:10,0
732f6d59,cmm,Measurement,Produksi,CRCS L,K2SA,B062,POSITION X,5A,04 Jun 2026,1,0.367,,,,,Open,K2SA_CRCS_L_2026-06-04_1,2026-06-05 14:32:10,1
a3dfc37e,cmm,Measurement,Produksi,CRCS L,K2SA,B062,POSITION Y,5A,04 Jun 2026,1,0.367,,,,,Open,K2SA_CRCS_L_2026-06-04_1,2026-06-05 14:32:11,1
e05cfdfc,cmm,Measurement,Produksi,CRCS L,K2SA,B066,POSITION X,5A,04 Jun 2026,1,0.393,,,,,Open,K2SA_CRCS_L_2026-06-04_1,2026-06-05 14:32:11,1
c5cae04c,cmm,Measurement,Produksi,CRCS L,K2SA,B066,POSITION Y,5A,04 Jun 2026,1,0.393,,,,,Open,K2SA_CRCS_L_2026-06-04_1,2026-06-05 14:32:11,0
a6a16c2a,cmm,Measurement,Produksi,CRCS L,K2SA,A000-1,FLATNESS SURFACE,5A,04 Jun 2026,1,0.006,,,,,Open,K2SA_CRCS_L_2026-06-04_1,2026-06-05 14:37:44,0
ba6f4805,cmm,Measurement,Produksi,CRCS L,K2SA,A005,PERPENDICULARITY TERHADAP A000-1,5A,04 Jun 2026,1,0.029,,,,,Open,K2SA_CRCS_L_2026-06-04_1,2026-06-05 14:37:44,0
11a362cf,cmm,Measurement,Produksi,CRCS L,K2SA,A020,POSITION X FROM A006,5A,04 Jun 2026,1,-0.16,,,,,Open,K2SA_CRCS_L_2026-06-04_1,2026-06-05 14:37:44,1
de685616,cmm,Measurement,Produksi,CRCS L,K2SA,A020,POSITION Y FROM A006,5A,04 Jun 2026,1,-0.16,,,,,Open,K2SA_CRCS_L_2026-06-04_1,2026-06-05 14:37:44,0
877f890a,cmm,Measurement,Produksi,CRCS L,K2SA,A038,POSITION X FROM A006,5A,04 Jun 2026,1,0.239,,,,,Open,K2SA_CRCS_L_2026-06-04_1,2026-06-05 14:37:45,0
7dd88a4b,cmm,Measurement,Produksi,CRCS L,K2SA,A038,POSITION Y FROM A006,5A,04 Jun 2026,1,0.239,,,,,Open,K2SA_CRCS_L_2026-06-04_1,2026-06-05 14:37:45,0
ea704590,cmm,Measurement,Produksi,CRCS L,K2SA,A043,POSITION X,5A,04 Jun 2026,1,-0.243,,,,,Open,K2SA_CRCS_L_2026-06-04_1,2026-06-05 14:37:45,0
ac304734,cmm,Measurement,Produksi,CRCS L,K2SA,A043,POSITION Y,5A,04 Jun 2026,1,-0.243,,,,,Open,K2SA_CRCS_L_2026-06-04_1,2026-06-05 14:37:45,1
c4543154,cmm,Measurement,Produksi,CRCS L,K2SA,A064,"DISTANCE FROM FACE COMP Ø 4,1",5A,04 Jun 2026,1,0.31,,,,,Open,K2SA_CRCS_L_2026-06-04_1,2026-06-05 14:37:45,0
9877d2a1,cmm,Measurement,Produksi,CRCS L,K2SA,A066,DISTANCE FROM O1,5A,04 Jun 2026,1,0.173,,,,,Open,K2SA_CRCS_L_2026-06-04_1,2026-06-05 14:37:46,1
40ac0672,cmm,Measurement,Produksi,CRCS L,K2SA,A067,DISTANCE FROM O1,5A,04 Jun 2026,1,0.188,,,,,Open,K2SA_CRCS_L_2026-06-04_1,2026-06-05 14:37:46,1
00e0d28c,cmm,Measurement,Produksi,CRCS L,K2SA,A071,POSITION X,5A,04 Jun 2026,1,0.202,,,,,Open,K2SA_CRCS_L_2026-06-04_1,2026-06-05 14:37:46,1
b96feb67,cmm,Measurement,Produksi,CRCS L,K2SA,A071,POSITION Y,5A,04 Jun 2026,1,0.202,,,,,Open,K2SA_CRCS_L_2026-06-04_1,2026-06-05 14:37:46,0
c6608277,cmm,Measurement,Produksi,CRCS L,K2SA,A154,DISTANCE Z FROM A000.2,5A,04 Jun 2026,1,-0.232,,,,,Open,K2SA_CRCS_L_2026-06-04_1,2026-06-05 14:37:46,0
8d106bd5,cmm,Measurement,Produksi,CRCS L,K2SA,A155,DISTANCE Z FROM A154,5A,04 Jun 2026,1,-0.203,,,,,Open,K2SA_CRCS_L_2026-06-04_1,2026-06-05 14:37:47,0
c8b09272,cmm,Measurement,Produksi,CRCS L,K2SA,A155,SURFACE HEIGHT FROM A008,5A,04 Jun 2026,1,0.322,,,,,Open,K2SA_CRCS_L_2026-06-04_1,2026-06-05 14:37:47,1
57922b62,cmm,Measurement,Produksi,CRCS L,K2SA,A155,DISTANCE Y FROM A008,5A,04 Jun 2026,1,0.345,,,,,Open,K2SA_CRCS_L_2026-06-04_1,2026-06-05 14:37:47,0
afa0ca52,cmm,Measurement,Produksi,CRCS L,K2SA,B012,"POSITION X Ø5,45",5A,04 Jun 2026,1,0.299,,,,,Open,K2SA_CRCS_L_2026-06-04_1,2026-06-05 14:37:47,1
43a97d56,cmm,Measurement,Produksi,CRCS L,K2SA,B012,"POSITION Y Ø5,45",5A,04 Jun 2026,1,0.299,,,,,Open,K2SA_CRCS_L_2026-06-04_1,2026-06-05 14:37:48,0
b2e60b72,cmm,Measurement,Produksi,CRCS L,K2SA,B051,POSITION X,5A,04 Jun 2026,1,-0.357,,,,,Open,K2SA_CRCS_L_2026-06-04_1,2026-06-05 14:37:48,1
0ee33af6,cmm,Measurement,Produksi,CRCS L,K2SA,B051,POSITION Y,5A,04 Jun 2026,1,-0.357,,,,,Open,K2SA_CRCS_L_2026-06-04_1,2026-06-05 14:37:48,0
418de6ed,cmm,Measurement,Produksi,CRCS L,K2SA,B052,POSITION X,5A,04 Jun 2026,1,-0.262,,,,,Open,K2SA_CRCS_L_2026-06-04_1,2026-06-05 14:37:48,1
661c1eba,cmm,Measurement,Produksi,CRCS L,K2SA,B052,POSITION Y,5A,04 Jun 2026,1,-0.262,,,,,Open,K2SA_CRCS_L_2026-06-04_1,2026-06-05 14:37:48,1
a60bae84,cmm,Measurement,Produksi,CRCS L,K2SA,B053,POSITION X,5A,04 Jun 2026,1,0.34,,,,,Open,K2SA_CRCS_L_2026-06-04_1,2026-06-05 14:37:48,1
61c7642a,cmm,Measurement,Produksi,CRCS L,K2SA,B053,POSITION Y,5A,04 Jun 2026,1,0.34,,,,,Open,K2SA_CRCS_L_2026-06-04_1,2026-06-05 14:37:49,0
b953b1bc,cmm,Measurement,Produksi,CRCS L,K2SA,B055,POSITION X,5A,04 Jun 2026,1,0.306,,,,,Open,K2SA_CRCS_L_2026-06-04_1,2026-06-05 14:37:49,1
f752f4aa,cmm,Measurement,Produksi,CRCS L,K2SA,B055,POSITION Y,5A,04 Jun 2026,1,0.306,,,,,Open,K2SA_CRCS_L_2026-06-04_1,2026-06-05 14:37:49,0
97612138,cmm,Measurement,Produksi,CRCS L,K2SA,B056,POSITION X,5A,04 Jun 2026,1,0.368,,,,,Open,K2SA_CRCS_L_2026-06-04_1,2026-06-05 14:37:50,1
66238dff,cmm,Measurement,Produksi,CRCS L,K2SA,B056,POSITION Y,5A,04 Jun 2026,1,0.368,,,,,Open,K2SA_CRCS_L_2026-06-04_1,2026-06-05 14:37:50,0
794acf8a,cmm,Measurement,Produksi,CRCS L,K2SA,B057,POSITION X,5A,04 Jun 2026,1,0.309,,,,,Open,K2SA_CRCS_L_2026-06-04_1,2026-06-05 14:37:50,1
8ae4d14f,cmm,Measurement,Produksi,CRCS L,K2SA,B057,POSITION Y,5A,04 Jun 2026,1,0.309,,,,,Open,K2SA_CRCS_L_2026-06-04_1,2026-06-05 14:37:50,0
3a863016,cmm,Measurement,Produksi,CRCS L,K2SA,B058,POSITION X,5A,04 Jun 2026,1,0.357,,,,,Open,K2SA_CRCS_L_2026-06-04_1,2026-06-05 14:37:50,1
00348bee,cmm,Measurement,Produksi,CRCS L,K2SA,B058,POSITION Y,5A,04 Jun 2026,1,0.357,,,,,Open,K2SA_CRCS_L_2026-06-04_1,2026-06-05 14:37:51,0
ac33df54,cmm,Measurement,Produksi,CRCS L,K2SA,B060,POSITION X,5A,04 Jun 2026,1,0.294,,,,,Open,K2SA_CRCS_L_2026-06-04_1,2026-06-05 14:37:51,1
f3795832,cmm,Measurement,Produksi,CRCS L,K2SA,B060,POSITION Y,5A,04 Jun 2026,1,0.294,,,,,Open,K2SA_CRCS_L_2026-06-04_1,2026-06-05 14:37:52,0
a1713bd5,cmm,Measurement,Produksi,CRCS L,K2SA,B061,POSITION X,5A,04 Jun 2026,1,0.41,,,,,Open,K2SA_CRCS_L_2026-06-04_1,2026-06-05 14:37:52,1
aa7776b2,cmm,Measurement,Produksi,CRCS L,K2SA,B061,POSITION Y,5A,04 Jun 2026,1,0.41,,,,,Open,K2SA_CRCS_L_2026-06-04_1,2026-06-05 14:37:52,0
e845fd09,cmm,Measurement,Produksi,CRCS L,K2SA,B062,POSITION X,5A,04 Jun 2026,1,0.367,,,,,Open,K2SA_CRCS_L_2026-06-04_1,2026-06-05 14:37:53,1
197dc173,cmm,Measurement,Produksi,CRCS L,K2SA,B062,POSITION Y,5A,04 Jun 2026,1,0.367,,,,,Open,K2SA_CRCS_L_2026-06-04_1,2026-06-05 14:37:53,1
a0a91e76,cmm,Measurement,Produksi,CRCS L,K2SA,B066,POSITION X,5A,04 Jun 2026,1,0.393,,,,,Open,K2SA_CRCS_L_2026-06-04_1,2026-06-05 14:37:53,1
7d410b8a,cmm,Measurement,Produksi,CRCS L,K2SA,B066,POSITION Y,5A,04 Jun 2026,1,0.393,,,,,Open,K2SA_CRCS_L_2026-06-04_1,2026-06-05 14:37:53,0
42afe116,cmm,Measurement,Produksi,CRCS L,K2SA,A000-1,FLATNESS SURFACE,5A,04 Jun 2026,1,0.006,,,,,Open,K2SA_CRCS_L_2026-06-04_1,2026-06-05 14:44:40,0
ec7aa979,cmm,Measurement,Produksi,CRCS L,K2SA,A005,PERPENDICULARITY TERHADAP A000-1,5A,04 Jun 2026,1,0.029,,,,,Open,K2SA_CRCS_L_2026-06-04_1,2026-06-05 14:44:41,0
6bed8999,cmm,Measurement,Produksi,CRCS L,K2SA,A020,POSITION X FROM A006,5A,04 Jun 2026,1,-0.16,,,,,Open,K2SA_CRCS_L_2026-06-04_1,2026-06-05 14:44:41,1
f0a45aa8,cmm,Measurement,Produksi,CRCS L,K2SA,A020,POSITION Y FROM A006,5A,04 Jun 2026,1,-0.16,,,,,Open,K2SA_CRCS_L_2026-06-04_1,2026-06-05 14:44:42,0
0bc18030,cmm,Measurement,Produksi,CRCS L,K2SA,A038,POSITION X FROM A006,5A,04 Jun 2026,1,0.239,,,,,Open,K2SA_CRCS_L_2026-06-04_1,2026-06-05 14:44:42,0
1539cf34,cmm,Measurement,Produksi,CRCS L,K2SA,A038,POSITION Y FROM A006,5A,04 Jun 2026,1,0.239,,,,,Open,K2SA_CRCS_L_2026-06-04_1,2026-06-05 14:44:43,0
76d3a00e,cmm,Measurement,Produksi,CRCS L,K2SA,A043,POSITION X,5A,04 Jun 2026,1,-0.243,,,,,Open,K2SA_CRCS_L_2026-06-04_1,2026-06-05 14:44:43,0
bd5ae7f2,cmm,Measurement,Produksi,CRCS L,K2SA,A043,POSITION Y,5A,04 Jun 2026,1,-0.243,,,,,Open,K2SA_CRCS_L_2026-06-04_1,2026-06-05 14:44:43,1
198c5f12,cmm,Measurement,Produksi,CRCS L,K2SA,A064,"DISTANCE FROM FACE COMP Ø 4,1",5A,04 Jun 2026,1,0.31,,,,,Open,K2SA_CRCS_L_2026-06-04_1,2026-06-05 14:44:44,0
a1b8fa3f,cmm,Measurement,Produksi,CRCS L,K2SA,A066,DISTANCE FROM O1,5A,04 Jun 2026,1,0.173,,,,,Open,K2SA_CRCS_L_2026-06-04_1,2026-06-05 14:44:44,1
c6f78511,cmm,Measurement,Produksi,CRCS L,K2SA,A067,DISTANCE FROM O1,5A,04 Jun 2026,1,0.188,,,,,Open,K2SA_CRCS_L_2026-06-04_1,2026-06-05 14:44:44,1
3d257efa,cmm,Measurement,Produksi,CRCS L,K2SA,A071,POSITION X,5A,04 Jun 2026,1,0.202,,,,,Open,K2SA_CRCS_L_2026-06-04_1,2026-06-05 14:44:44,1
b56baf5d,cmm,Measurement,Produksi,CRCS L,K2SA,A071,POSITION Y,5A,04 Jun 2026,1,0.202,,,,,Open,K2SA_CRCS_L_2026-06-04_1,2026-06-05 14:44:44,0
a0176fbf,cmm,Measurement,Produksi,CRCS L,K2SA,A154,DISTANCE Z FROM A000.2,5A,04 Jun 2026,1,-0.232,,,,,Open,K2SA_CRCS_L_2026-06-04_1,2026-06-05 14:44:44,0
6a7eeb56,cmm,Measurement,Produksi,CRCS L,K2SA,A155,DISTANCE Z FROM A154,5A,04 Jun 2026,1,-0.203,,,,,Open,K2SA_CRCS_L_2026-06-04_1,2026-06-05 14:44:45,0
387a5d8c,cmm,Measurement,Produksi,CRCS L,K2SA,A155,SURFACE HEIGHT FROM A008,5A,04 Jun 2026,1,0.322,,,,,Open,K2SA_CRCS_L_2026-06-04_1,2026-06-05 14:44:45,1
cc77803a,cmm,Measurement,Produksi,CRCS L,K2SA,A155,DISTANCE Y FROM A008,5A,04 Jun 2026,1,0.345,,,,,Open,K2SA_CRCS_L_2026-06-04_1,2026-06-05 14:44:45,0
35560369,cmm,Measurement,Produksi,CRCS L,K2SA,B012,"POSITION X Ø5,45",5A,04 Jun 2026,1,0.299,,,,,Open,K2SA_CRCS_L_2026-06-04_1,2026-06-05 14:44:45,1
556bd123,cmm,Measurement,Produksi,CRCS L,K2SA,B012,"POSITION Y Ø5,45",5A,04 Jun 2026,1,0.299,,,,,Open,K2SA_CRCS_L_2026-06-04_1,2026-06-05 14:44:45,0
5ecc40ca,cmm,Measurement,Produksi,CRCS L,K2SA,B051,POSITION X,5A,04 Jun 2026,1,-0.357,,,,,Open,K2SA_CRCS_L_2026-06-04_1,2026-06-05 14:44:46,1
2e53aba2,cmm,Measurement,Produksi,CRCS L,K2SA,B051,POSITION Y,5A,04 Jun 2026,1,-0.357,,,,,Open,K2SA_CRCS_L_2026-06-04_1,2026-06-05 14:44:46,0
382fb2af,cmm,Measurement,Produksi,CRCS L,K2SA,B052,POSITION X,5A,04 Jun 2026,1,-0.262,,,,,Open,K2SA_CRCS_L_2026-06-04_1,2026-06-05 14:44:46,1
5ad577ff,cmm,Measurement,Produksi,CRCS L,K2SA,B052,POSITION Y,5A,04 Jun 2026,1,-0.262,,,,,Open,K2SA_CRCS_L_2026-06-04_1,2026-06-05 14:44:46,1
46ed3d45,cmm,Measurement,Produksi,CRCS L,K2SA,B053,POSITION X,5A,04 Jun 2026,1,0.34,,,,,Open,K2SA_CRCS_L_2026-06-04_1,2026-06-05 14:44:46,1
9eda285e,cmm,Measurement,Produksi,CRCS L,K2SA,B053,POSITION Y,5A,04 Jun 2026,1,0.34,,,,,Open,K2SA_CRCS_L_2026-06-04_1,2026-06-05 14:44:47,0
b102e860,cmm,Measurement,Produksi,CRCS L,K2SA,B055,POSITION X,5A,04 Jun 2026,1,0.306,,,,,Open,K2SA_CRCS_L_2026-06-04_1,2026-06-05 14:44:47,1
f9ddfd89,cmm,Measurement,Produksi,CRCS L,K2SA,B055,POSITION Y,5A,04 Jun 2026,1,0.306,,,,,Open,K2SA_CRCS_L_2026-06-04_1,2026-06-05 14:44:47,0
5a8a8b7d,cmm,Measurement,Produksi,CRCS L,K2SA,B056,POSITION X,5A,04 Jun 2026,1,0.368,,,,,Open,K2SA_CRCS_L_2026-06-04_1,2026-06-05 14:44:47,1
7d81010a,cmm,Measurement,Produksi,CRCS L,K2SA,B056,POSITION Y,5A,04 Jun 2026,1,0.368,,,,,Open,K2SA_CRCS_L_2026-06-04_1,2026-06-05 14:44:48,0
78e75cdd,cmm,Measurement,Produksi,CRCS L,K2SA,B057,POSITION X,5A,04 Jun 2026,1,0.309,,,,,Open,K2SA_CRCS_L_2026-06-04_1,2026-06-05 14:44:48,1
546ddaed,cmm,Measurement,Produksi,CRCS L,K2SA,B057,POSITION Y,5A,04 Jun 2026,1,0.309,,,,,Open,K2SA_CRCS_L_2026-06-04_1,2026-06-05 14:44:48,0
271ce838,cmm,Measurement,Produksi,CRCS L,K2SA,B058,POSITION X,5A,04 Jun 2026,1,0.357,,,,,Open,K2SA_CRCS_L_2026-06-04_1,2026-06-05 14:44:48,1
59f2be80,cmm,Measurement,Produksi,CRCS L,K2SA,B058,POSITION Y,5A,04 Jun 2026,1,0.357,,,,,Open,K2SA_CRCS_L_2026-06-04_1,2026-06-05 14:44:48,0
b4635c07,cmm,Measurement,Produksi,CRCS L,K2SA,B060,POSITION X,5A,04 Jun 2026,1,0.294,,,,,Open,K2SA_CRCS_L_2026-06-04_1,2026-06-05 14:44:49,1
7d54647f,cmm,Measurement,Produksi,CRCS L,K2SA,B060,POSITION Y,5A,04 Jun 2026,1,0.294,,,,,Open,K2SA_CRCS_L_2026-06-04_1,2026-06-05 14:44:49,0
de3575f0,cmm,Measurement,Produksi,CRCS L,K2SA,B061,POSITION X,5A,04 Jun 2026,1,0.41,,,,,Open,K2SA_CRCS_L_2026-06-04_1,2026-06-05 14:44:49,1
88a451b6,cmm,Measurement,Produksi,CRCS L,K2SA,B061,POSITION Y,5A,04 Jun 2026,1,0.41,,,,,Open,K2SA_CRCS_L_2026-06-04_1,2026-06-05 14:44:49,0
ac612ed3,cmm,Measurement,Produksi,CRCS L,K2SA,B062,POSITION X,5A,04 Jun 2026,1,0.367,,,,,Open,K2SA_CRCS_L_2026-06-04_1,2026-06-05 14:44:49,1
1f49700f,cmm,Measurement,Produksi,CRCS L,K2SA,B062,POSITION Y,5A,04 Jun 2026,1,0.367,,,,,Open,K2SA_CRCS_L_2026-06-04_1,2026-06-05 14:44:50,1
67b35b84,cmm,Measurement,Produksi,CRCS L,K2SA,B066,POSITION X,5A,04 Jun 2026,1,0.393,,,,,Open,K2SA_CRCS_L_2026-06-04_1,2026-06-05 14:44:50,1
90ce28ab,cmm,Measurement,Produksi,CRCS L,K2SA,B066,POSITION Y,5A,04 Jun 2026,1,0.393,,,,,Open,K2SA_CRCS_L_2026-06-04_1,2026-06-05 14:44:50,0
20ab727a,cmm,Measurement,Produksi,CYL COMP,K2VJ,J151,POSITION X,AL,06 Mar 2026,1,-0.3456,0,,,,Open,K2VJ_CYL_COMP_2026-03-06_1,2026-06-05 15:16:39,0
957e221f,cmm,Measurement,Produksi,CYL COMP,K2VJ,J151,POSITION X,AR,06 Mar 2026,1,-0.3541,0,,,,Open,K2VJ_CYL_COMP_2026-03-06_1,2026-06-05 15:16:39,0
3429c079,cmm,Measurement,Produksi,CYL COMP,K2VJ,J151,POSITION X,CL,06 Mar 2026,1,-0.6424,0,,,,Open,K2VJ_CYL_COMP_2026-03-06_1,2026-06-05 15:16:39,0
1f6d90c6,cmm,Measurement,Produksi,CYL COMP,K2VJ,J151,POSITION X,CR,06 Mar 2026,1,-0.6073,0,,,,Open,K2VJ_CYL_COMP_2026-03-06_1,2026-06-05 15:16:39,0
50d89456,cmm,Measurement,Produksi,CYL COMP,K2VJ,J151,POSITION X,DL,06 Mar 2026,1,-0.756,0,,,,Open,K2VJ_CYL_COMP_2026-03-06_1,2026-06-05 15:16:39,0
2a7ca323,cmm,Measurement,Produksi,CYL COMP,K2VJ,J151,POSITION X,DR,06 Mar 2026,1,-0.7444,0,,,,Open,K2VJ_CYL_COMP_2026-03-06_1,2026-06-05 15:16:39,0
56d436f2,cmm,Measurement,Produksi,CYL COMP,K2VJ,J151,POSITION X,EL,06 Mar 2026,1,-0.7465,0,,,,Open,K2VJ_CYL_COMP_2026-03-06_1,2026-06-05 15:16:39,0
9b694852,cmm,Measurement,Produksi,CYL COMP,K2VJ,J151,POSITION X,ER,06 Mar 2026,1,-0.7607,0,,,,Open,K2VJ_CYL_COMP_2026-03-06_1,2026-06-05 15:16:40,0
b1ba4e73,cmm,Measurement,Produksi,CYL COMP,K2VJ,J151,POSITION Y,BL,06 Mar 2026,1,-0.2255,0,,,,Open,K2VJ_CYL_COMP_2026-03-06_1,2026-06-05 15:16:40,0
a74d0154,cmm,Measurement,Produksi,CYL COMP,K2VJ,J151,POSITION Y,DL,06 Mar 2026,1,0.3851,0,,,,Open,K2VJ_CYL_COMP_2026-03-06_1,2026-06-05 15:16:40,0
d58479e2,cmm,Measurement,Produksi,CYL COMP,K2VJ,J151,POSITION Y,DR,06 Mar 2026,1,0.2526,0,,,,Open,K2VJ_CYL_COMP_2026-03-06_1,2026-06-05 15:16:40,0
3a57faea,cmm,Measurement,Produksi,CYL COMP,K2VJ,J152,POSITION X,AL,06 Mar 2026,1,0.2287,0,,,,Open,K2VJ_CYL_COMP_2026-03-06_1,2026-06-05 15:16:40,0
6741f8d7,cmm,Measurement,Produksi,CYL COMP,K2VJ,J152,POSITION X,AR,06 Mar 2026,1,0.2321,0,,,,Open,K2VJ_CYL_COMP_2026-03-06_1,2026-06-05 15:16:40,1
14efc03a,cmm,Measurement,Produksi,CYL COMP,K2VJ,J152,POSITION X,CL,06 Mar 2026,1,0.5466,0,,,,Open,K2VJ_CYL_COMP_2026-03-06_1,2026-06-05 15:16:40,0
61391eb0,cmm,Measurement,Produksi,CYL COMP,K2VJ,J152,POSITION X,CR,06 Mar 2026,1,0.4981,0,,,,Open,K2VJ_CYL_COMP_2026-03-06_1,2026-06-05 15:16:40,0
08e7c160,cmm,Measurement,Produksi,CYL COMP,K2VJ,J152,POSITION X,DL,06 Mar 2026,1,0.6081,0,,,,Open,K2VJ_CYL_COMP_2026-03-06_1,2026-06-05 15:16:40,0
be066dd8,cmm,Measurement,Produksi,CYL COMP,K2VJ,J152,POSITION X,DR,06 Mar 2026,1,0.6049,0,,,,Open,K2VJ_CYL_COMP_2026-03-06_1,2026-06-05 15:16:40,0
e7fb2c99,cmm,Measurement,Produksi,CYL COMP,K2VJ,J152,POSITION X,EL,06 Mar 2026,1,0.5757,0,,,,Open,K2VJ_CYL_COMP_2026-03-06_1,2026-06-05 15:16:40,1
31d67e7e,cmm,Measurement,Produksi,CYL COMP,K2VJ,J152,POSITION X,ER,06 Mar 2026,1,0.5905,0,,,,Open,K2VJ_CYL_COMP_2026-03-06_1,2026-06-05 15:16:40,1
a2a7e251,cmm,Measurement,Produksi,CYL COMP,K2VJ,J152,POSITION Y,AL,06 Mar 2026,1,-0.3328,0,,,,Open,K2VJ_CYL_COMP_2026-03-06_1,2026-06-05 15:16:40,0
6c98b293,cmm,Measurement,Produksi,CYL COMP,K2VJ,J152,POSITION Y,AR,06 Mar 2026,1,-0.435,0,,,,Open,K2VJ_CYL_COMP_2026-03-06_1,2026-06-05 15:16:40,0
9f7cc0ae,cmm,Measurement,Produksi,CYL COMP,K2VJ,J152,POSITION Y,CL,06 Mar 2026,1,-0.3259,0,,,,Open,K2VJ_CYL_COMP_2026-03-06_1,2026-06-05 15:16:41,0
d71d0ce3,cmm,Measurement,Produksi,CYL COMP,K2VJ,J152,POSITION Y,CR,06 Mar 2026,1,-0.234,0,,,,Open,K2VJ_CYL_COMP_2026-03-06_1,2026-06-05 15:16:41,0
d3a7895d,cmm,Measurement,Produksi,CYL COMP,K2VJ,J152,POSITION Y,DL,06 Mar 2026,1,-0.3083,0,,,,Open,K2VJ_CYL_COMP_2026-03-06_1,2026-06-05 15:16:41,0
caeb3630,cmm,Measurement,Produksi,CYL COMP,K2VJ,J152,POSITION Y,DR,06 Mar 2026,1,-0.3367,0,,,,Open,K2VJ_CYL_COMP_2026-03-06_1,2026-06-05 15:16:41,0
d2a0faca,cmm,Measurement,Produksi,CYL COMP,K2VJ,J152,POSITION Y,EL,06 Mar 2026,1,-0.4818,0,,,,Open,K2VJ_CYL_COMP_2026-03-06_1,2026-06-05 15:16:41,1
21b5b332,cmm,Measurement,Produksi,CYL COMP,K2VJ,J152,POSITION Y,ER,06 Mar 2026,1,-0.5652,0,,,,Open,K2VJ_CYL_COMP_2026-03-06_1,2026-06-05 15:16:41,0
5a71103d,cmm,Measurement,Produksi,CYL COMP,K2VJ,J163,POSITION X,AL,06 Mar 2026,1,-0.0544,0,,,,Open,K2VJ_CYL_COMP_2026-03-06_1,2026-06-05 15:16:41,0
13d217ae,cmm,Measurement,Produksi,CYL COMP,K2VJ,K301,POSITION X THD CENTER,BR,06 Mar 2026,1,0.207,0,,,,Open,K2VJ_CYL_COMP_2026-03-06_1,2026-06-05 15:16:41,0
1e99fe07,cmm,Measurement,Produksi,CYL COMP,K2VJ,K301,POSITION X THD CENTER,CL,06 Mar 2026,1,0.5584,0,,,,Open,K2VJ_CYL_COMP_2026-03-06_1,2026-06-05 15:16:41,0
26beb59c,cmm,Measurement,Produksi,CYL COMP,K2VJ,K301,POSITION X THD CENTER,CR,06 Mar 2026,1,0.4826,0,,,,Open,K2VJ_CYL_COMP_2026-03-06_1,2026-06-05 15:16:41,1
8fd8a55a,cmm,Measurement,Produksi,CYL COMP,K2VJ,K301,POSITION X THD CENTER,DL,06 Mar 2026,1,0.3662,0,,,,Open,K2VJ_CYL_COMP_2026-03-06_1,2026-06-05 15:16:42,0
7fceb45b,cmm,Measurement,Produksi,CYL COMP,K2VJ,K301,POSITION X THD CENTER,DR,06 Mar 2026,1,0.3485,0,,,,Open,K2VJ_CYL_COMP_2026-03-06_1,2026-06-05 15:16:42,1
654a2065,cmm,Measurement,Produksi,CYL COMP,K2VJ,K301,POSITION X THD CENTER,EL,06 Mar 2026,1,0.4124,0,,,,Open,K2VJ_CYL_COMP_2026-03-06_1,2026-06-05 15:16:42,0
79f9209e,cmm,Measurement,Produksi,CYL COMP,K2VJ,K301,POSITION X THD CENTER,ER,06 Mar 2026,1,0.4209,0,,,,Open,K2VJ_CYL_COMP_2026-03-06_1,2026-06-05 15:16:42,0
249c3746,cmm,Measurement,Produksi,CYL COMP,K2VJ,K301,POSITION Y,CL,06 Mar 2026,1,0.2204,0,,,,Open,K2VJ_CYL_COMP_2026-03-06_1,2026-06-05 15:16:42,0
ac65bf58,cmm,Measurement,Produksi,CYL COMP,K2VJ,K301,POSITION Y,DL,06 Mar 2026,1,-0.227,0,,,,Open,K2VJ_CYL_COMP_2026-03-06_1,2026-06-05 15:16:42,0
9808c7ea,cmm,Measurement,Produksi,CYL COMP,K2VJ,K301,POSITION Y,DR,06 Mar 2026,1,-0.2645,0,,,,Open,K2VJ_CYL_COMP_2026-03-06_1,2026-06-05 15:16:42,1
4e71176b,cmm,Measurement,Produksi,CYL COMP,K2VJ,K302,POSITION Y,CL,06 Mar 2026,1,0.2207,0,,,,Open,K2VJ_CYL_COMP_2026-03-06_1,2026-06-05 15:16:42,0
653204a3,cmm,Measurement,Produksi,CYL COMP,K2VJ,K302,POSITION Y,CR,06 Mar 2026,1,0.2054,0,,,,Open,K2VJ_CYL_COMP_2026-03-06_1,2026-06-05 15:16:42,0
0f2aaab4,cmm,Measurement,Produksi,CYL COMP,K2VJ,K302,POSITION Y,DL,06 Mar 2026,1,-0.2448,0,,,,Open,K2VJ_CYL_COMP_2026-03-06_1,2026-06-05 15:16:42,0
755e3b05,cmm,Measurement,Produksi,CYL COMP,K2VJ,K302,POSITION Y,DR,06 Mar 2026,1,-0.3158,0,,,,Open,K2VJ_CYL_COMP_2026-03-06_1,2026-06-05 15:16:42,1
63485f39,cmm,Measurement,Produksi,CYL COMP,K2VJ,K303,POSITION X,CL,06 Mar 2026,1,0.2748,0,,,,Open,K2VJ_CYL_COMP_2026-03-06_1,2026-06-05 15:16:42,0
467be00b,cmm,Measurement,Produksi,CYL COMP,K2VJ,K303,POSITION X,CR,06 Mar 2026,1,0.2529,0,,,,Open,K2VJ_CYL_COMP_2026-03-06_1,2026-06-05 15:16:43,0
2d7f9ed8,cmm,Measurement,Produksi,CYL COMP,K2VJ,K303,POSITION X,EL,06 Mar 2026,1,-0.3422,0,,,,Open,K2VJ_CYL_COMP_2026-03-06_1,2026-06-05 15:16:43,1
16115cf9,cmm,Measurement,Produksi,CYL COMP,K2VJ,K303,POSITION X,ER,06 Mar 2026,1,-0.386,0,,,,Open,K2VJ_CYL_COMP_2026-03-06_1,2026-06-05 15:16:43,0
87eec618,cmm,Measurement,Produksi,CYL COMP,K2VJ,K304,POSITION Y,AL,06 Mar 2026,1,-0.3175,0,,,,Open,K2VJ_CYL_COMP_2026-03-06_1,2026-06-05 15:16:43,0
7c5fbbc0,cmm,Measurement,Produksi,CYL COMP,K2VJ,K304,POSITION Y,AR,06 Mar 2026,1,-0.2966,0,,,,Open,K2VJ_CYL_COMP_2026-03-06_1,2026-06-05 15:16:43,0
d2af66c0,cmm,Measurement,Produksi,CYL COMP,K2VJ,K304,POSITION Y,BR,06 Mar 2026,1,-0.2141,0,,,,Open,K2VJ_CYL_COMP_2026-03-06_1,2026-06-05 15:16:43,0
def8ec95,cmm,Measurement,Produksi,CYL COMP,K2VJ,K304,POSITION Y,DL,06 Mar 2026,1,-0.329,0,,,,Open,K2VJ_CYL_COMP_2026-03-06_1,2026-06-05 15:16:43,0
f1676e31,cmm,Measurement,Produksi,CYL COMP,K2VJ,K304,POSITION Y,DR,06 Mar 2026,1,-0.3285,0,,,,Open,K2VJ_CYL_COMP_2026-03-06_1,2026-06-05 15:16:43,0
36f29eab,cmm,Measurement,Produksi,CYL COMP,K2VJ,K304,POSITION Y,EL,06 Mar 2026,1,-0.2812,0,,,,Open,K2VJ_CYL_COMP_2026-03-06_1,2026-06-05 15:16:43,0
715e95be,cmm,Measurement,Produksi,CYL COMP,K2VJ,K304,POSITION Y,ER,06 Mar 2026,1,-0.326,0,,,,Open,K2VJ_CYL_COMP_2026-03-06_1,2026-06-05 15:16:43,0
5bed277d,cmm,Measurement,Produksi,CYL COMP,K2VJ,K304,POSITION X,CL,06 Mar 2026,1,-0.4028,0,,,,Open,K2VJ_CYL_COMP_2026-03-06_1,2026-06-05 15:16:43,0
1c3239b3,cmm,Measurement,Produksi,CYL COMP,K2VJ,K304,POSITION X,CR,06 Mar 2026,1,-0.3853,0,,,,Open,K2VJ_CYL_COMP_2026-03-06_1,2026-06-05 15:16:44,0
29f8a583,cmm,Measurement,Produksi,CYL COMP,K2VJ,K304,POSITION X,DL,06 Mar 2026,1,-0.5122,0,,,,Open,K2VJ_CYL_COMP_2026-03-06_1,2026-06-05 15:16:44,0
b98b818c,cmm,Measurement,Produksi,CYL COMP,K2VJ,K304,POSITION X,DR,06 Mar 2026,1,-0.452,0,,,,Open,K2VJ_CYL_COMP_2026-03-06_1,2026-06-05 15:16:44,0
d5a65ff9,cmm,Measurement,Produksi,CYL COMP,K2VJ,K304,POSITION X,EL,06 Mar 2026,1,-0.2321,0,,,,Open,K2VJ_CYL_COMP_2026-03-06_1,2026-06-05 15:16:44,0
f7a12c52,cmm,Measurement,Produksi,CYL COMP,K2VJ,K305,POSITION X,AL,06 Mar 2026,1,-0.4149,0,,,,Open,K2VJ_CYL_COMP_2026-03-06_1,2026-06-05 15:16:44,0
036ea8da,cmm,Measurement,Produksi,CYL COMP,K2VJ,K305,POSITION X,AR,06 Mar 2026,1,-0.378,0,,,,Open,K2VJ_CYL_COMP_2026-03-06_1,2026-06-05 15:16:44,0
7798a076,cmm,Measurement,Produksi,CYL COMP,K2VJ,K305,POSITION X,BL,06 Mar 2026,1,-0.5028,0,,,,Open,K2VJ_CYL_COMP_2026-03-06_1,2026-06-05 15:16:44,1
040c5bb1,cmm,Measurement,Produksi,CYL COMP,K2VJ,K305,POSITION X,BR,06 Mar 2026,1,-0.5613,0,,,,Open,K2VJ_CYL_COMP_2026-03-06_1,2026-06-05 15:16:44,0
39196c53,cmm,Measurement,Produksi,CYL COMP,K2VJ,K305,POSITION X,CL,06 Mar 2026,1,-0.3658,0,,,,Open,K2VJ_CYL_COMP_2026-03-06_1,2026-06-05 15:16:44,1
e84d375c,cmm,Measurement,Produksi,CYL COMP,K2VJ,K305,POSITION X,CR,06 Mar 2026,1,-0.3268,0,,,,Open,K2VJ_CYL_COMP_2026-03-06_1,2026-06-05 15:16:44,0
2b7c202d,cmm,Measurement,Produksi,CYL COMP,K2VJ,K305,POSITION X,DL,06 Mar 2026,1,-0.6402,0,,,,Open,K2VJ_CYL_COMP_2026-03-06_1,2026-06-05 15:16:44,0
af8be19c,cmm,Measurement,Produksi,CYL COMP,K2VJ,K305,POSITION X,DR,06 Mar 2026,1,-0.6644,0,,,,Open,K2VJ_CYL_COMP_2026-03-06_1,2026-06-05 15:16:45,0
241c4a0d,cmm,Measurement,Produksi,CYL COMP,K2VJ,K305,POSITION X,EL,06 Mar 2026,1,-0.6746,0,,,,Open,K2VJ_CYL_COMP_2026-03-06_1,2026-06-05 15:16:45,0
f214200d,cmm,Measurement,Produksi,CYL COMP,K2VJ,K305,POSITION X,ER,06 Mar 2026,1,-0.7176,0,,,,Open,K2VJ_CYL_COMP_2026-03-06_1,2026-06-05 15:16:45,0
22e71f07,cmm,Measurement,Produksi,CYL COMP,K2VJ,K305,POSITION Y THD FACE HEAD,CR,06 Mar 2026,1,-0.2083,0,,,,Open,K2VJ_CYL_COMP_2026-03-06_1,2026-06-05 15:16:45,0
c967a659,cmm,Measurement,Produksi,CYL COMP,K2VJ,K305,POSITION Y,EL,06 Mar 2026,1,-0.2209,0,,,,Open,K2VJ_CYL_COMP_2026-03-06_1,2026-06-05 15:16:45,0
8c5275aa,cmm,Measurement,Produksi,CYL COMP,K2VJ,K305,POSITION Y,ER,06 Mar 2026,1,-0.2714,0,,,,Open,K2VJ_CYL_COMP_2026-03-06_1,2026-06-05 15:16:45,0
30be6527,cmm,Measurement,Produksi,CYL COMP,K2VJ,K401,POSITION X,DL,06 Mar 2026,1,0.3382,0,,,,Open,K2VJ_CYL_COMP_2026-03-06_1,2026-06-05 15:16:45,1
a71a4bd9,cmm,Measurement,Produksi,CYL COMP,K2VJ,K401,POSITION X,DR,06 Mar 2026,1,0.302,0,,,,Open,K2VJ_CYL_COMP_2026-03-06_1,2026-06-05 15:16:45,0
4a20ab5d,cmm,Measurement,Produksi,CYL COMP,K2VJ,K401,POSITION X,EL,06 Mar 2026,1,0.4206,0,,,,Open,K2VJ_CYL_COMP_2026-03-06_1,2026-06-05 15:16:45,0
9a2bbe4c,cmm,Measurement,Produksi,CYL COMP,K2VJ,K401,POSITION X,ER,06 Mar 2026,1,0.4195,0,,,,Open,K2VJ_CYL_COMP_2026-03-06_1,2026-06-05 15:16:45,0
4e6f0d34,cmm,Measurement,Produksi,CYL COMP,K2VJ,K401,POSITION Y,AL,06 Mar 2026,1,-0.3239,0,,,,Open,K2VJ_CYL_COMP_2026-03-06_1,2026-06-05 15:16:45,0
308e725a,cmm,Measurement,Produksi,CYL COMP,K2VJ,K401,POSITION Y,AR,06 Mar 2026,1,-0.3297,0,,,,Open,K2VJ_CYL_COMP_2026-03-06_1,2026-06-05 15:16:45,0
10bb37ec,cmm,Measurement,Produksi,CYL COMP,K2VJ,K402,POSITION Y,AL,06 Mar 2026,1,-0.2943,0,,,,Open,K2VJ_CYL_COMP_2026-03-06_1,2026-06-05 15:16:46,1
05c9b858,cmm,Measurement,Produksi,CYL COMP,K2VJ,K402,POSITION Y,AR,06 Mar 2026,1,-0.3072,0,,,,Open,K2VJ_CYL_COMP_2026-03-06_1,2026-06-05 15:16:46,0
b1143ea5,cmm,Measurement,Produksi,CYL COMP,K2VJ,K402,POSITION Y,CL,06 Mar 2026,1,-0.1806,0,,,,Open,K2VJ_CYL_COMP_2026-03-06_1,2026-06-05 15:16:46,0
ee72b26a,cmm,Measurement,Produksi,CYL COMP,K2VJ,K402,POSITION Y,EL,06 Mar 2026,1,-0.1599,0,,,,Open,K2VJ_CYL_COMP_2026-03-06_1,2026-06-05 15:16:46,0
6c9a28d4,cmm,Measurement,Produksi,CYL COMP,K2VJ,K402,POSITION Y,ER,06 Mar 2026,1,-0.1569,0,,,,Open,K2VJ_CYL_COMP_2026-03-06_1,2026-06-05 15:16:46,1
709f5a19,cmm,Measurement,Produksi,CYL COMP,K2VJ,K402,POSITION X,CL,06 Mar 2026,1,-0.1464,0,,,,Open,K2VJ_CYL_COMP_2026-03-06_1,2026-06-05 15:16:46,0
ffe06e46,cmm,Measurement,Produksi,CYL COMP,K2VJ,K402,POSITION X,CR,06 Mar 2026,1,-0.1409,0,,,,Open,K2VJ_CYL_COMP_2026-03-06_1,2026-06-05 15:16:46,0
802a5883,cmm,Measurement,Produksi,CYL COMP,K2VJ,K402,POSITION X,EL,06 Mar 2026,1,0.1277,0,,,,Open,K2VJ_CYL_COMP_2026-03-06_1,2026-06-05 15:16:46,0
365ec758,cmm,Measurement,Produksi,CYL COMP,K2VJ,K402,POSITION X,ER,06 Mar 2026,1,0.1761,0,,,,Open,K2VJ_CYL_COMP_2026-03-06_1,2026-06-05 15:16:46,1
9488fc42,cmm,Measurement,Produksi,CYL COMP,K2VJ,K403,POSITION X,CL,06 Mar 2026,1,-0.3784,0,,,,Open,K2VJ_CYL_COMP_2026-03-06_1,2026-06-05 15:16:46,0
17533788,cmm,Measurement,Produksi,CYL COMP,K2VJ,K403,POSITION X,CR,06 Mar 2026,1,-0.3589,0,,,,Open,K2VJ_CYL_COMP_2026-03-06_1,2026-06-05 15:16:46,0
72e72e52,cmm,Measurement,Produksi,CYL COMP,K2VJ,K403,POSITION X,DL,06 Mar 2026,1,0.1761,0,,,,Open,K2VJ_CYL_COMP_2026-03-06_1,2026-06-05 15:16:46,0
02270aa1,cmm,Measurement,Produksi,CYL COMP,K2VJ,K403,POSITION X,DR,06 Mar 2026,1,0.1864,0,,,,Open,K2VJ_CYL_COMP_2026-03-06_1,2026-06-05 15:16:46,0
bbd3714c,cmm,Measurement,Produksi,CYL COMP,K2VJ,K403,POSITION X,EL,06 Mar 2026,1,0.1971,0,,,,Open,K2VJ_CYL_COMP_2026-03-06_1,2026-06-05 15:16:47,1
8338f66e,cmm,Measurement,Produksi,CYL COMP,K2VJ,K403,POSITION X,ER,06 Mar 2026,1,0.2003,0,,,,Open,K2VJ_CYL_COMP_2026-03-06_1,2026-06-05 15:16:47,0
28a444f7,cmm,Measurement,Produksi,CYL COMP,K2VJ,K403,POSITION Y,AL,06 Mar 2026,1,-0.1547,0,,,,Open,K2VJ_CYL_COMP_2026-03-06_1,2026-06-05 15:16:47,1
1520df0e,cmm,Measurement,Produksi,CYL COMP,K2VJ,K403,POSITION Y,CL,06 Mar 2026,1,-0.1671,0,,,,Open,K2VJ_CYL_COMP_2026-03-06_1,2026-06-05 15:16:47,1
4e7ad208,cmm,Measurement,Produksi,CYL COMP,K2VJ,L151,DISTANCE DOWELL (Y),BR,06 Mar 2026,1,-0.0535,0,,,,Open,K2VJ_CYL_COMP_2026-03-06_1,2026-06-05 15:16:47,0
7533a4b5,cmm,Measurement,Produksi,CYL COMP,K2VJ,L151,DISTANCE DOWELL (X),EL,06 Mar 2026,1,-0.0663,0,,,,Open,K2VJ_CYL_COMP_2026-03-06_1,2026-06-05 15:16:47,0
01a5ab2f,cmm,Measurement,Produksi,CYL COMP,K2VJ,L151,DISTANCE DOWELL (X),ER,06 Mar 2026,1,-0.0508,0,,,,Open,K2VJ_CYL_COMP_2026-03-06_1,2026-06-05 15:16:47,0
8d9644be,cmm,Measurement,Produksi,CYL COMP,K2VJ,L152,POSITION X,CL,06 Mar 2026,1,0.3496,0,,,,Open,K2VJ_CYL_COMP_2026-03-06_1,2026-06-05 15:16:47,0
6c834071,cmm,Measurement,Produksi,CYL COMP,K2VJ,L152,POSITION X,CR,06 Mar 2026,1,0.3104,0,,,,Open,K2VJ_CYL_COMP_2026-03-06_1,2026-06-05 15:16:47,0
ac1624a4,cmm,Measurement,Produksi,CYL COMP,K2VJ,L152,POSITION X,DL,06 Mar 2026,1,0.5167,0,,,,Open,K2VJ_CYL_COMP_2026-03-06_1,2026-06-05 15:16:47,0
c6cf225d,cmm,Measurement,Produksi,CYL COMP,K2VJ,L152,POSITION X,DR,06 Mar 2026,1,0.5177,0,,,,Open,K2VJ_CYL_COMP_2026-03-06_1,2026-06-05 15:16:47,0
7105a015,cmm,Measurement,Produksi,CYL COMP,K2VJ,L152,POSITION X,EL,06 Mar 2026,1,0.4855,0,,,,Open,K2VJ_CYL_COMP_2026-03-06_1,2026-06-05 15:16:48,0
883f85a0,cmm,Measurement,Produksi,CYL COMP,K2VJ,L152,POSITION X,ER,06 Mar 2026,1,0.4835,0,,,,Open,K2VJ_CYL_COMP_2026-03-06_1,2026-06-05 15:16:48,0
11d4cac7,cmm,Measurement,Produksi,CYL COMP,K2VJ,L152,POSITION Y,AL,06 Mar 2026,1,-0.3551,0,,,,Open,K2VJ_CYL_COMP_2026-03-06_1,2026-06-05 15:16:48,0
ad34cf51,cmm,Measurement,Produksi,CYL COMP,K2VJ,L152,POSITION Y,AR,06 Mar 2026,1,-0.4235,0,,,,Open,K2VJ_CYL_COMP_2026-03-06_1,2026-06-05 15:16:48,0
5ba1e1ff,cmm,Measurement,Produksi,CYL COMP,K2VJ,L152,POSITION Y,CL,06 Mar 2026,1,-0.2736,0,,,,Open,K2VJ_CYL_COMP_2026-03-06_1,2026-06-05 15:16:48,0
6dbe213c,cmm,Measurement,Produksi,CYL COMP,K2VJ,L152,POSITION Y,CR,06 Mar 2026,1,-0.2381,0,,,,Open,K2VJ_CYL_COMP_2026-03-06_1,2026-06-05 15:16:48,1
4ff98a7b,cmm,Measurement,Produksi,CYL COMP,K2VJ,L152,POSITION Y,DL,06 Mar 2026,1,-0.3218,0,,,,Open,K2VJ_CYL_COMP_2026-03-06_1,2026-06-05 15:16:48,0
9bd58e10,cmm,Measurement,Produksi,CYL COMP,K2VJ,L152,POSITION Y,DR,06 Mar 2026,1,-0.2219,0,,,,Open,K2VJ_CYL_COMP_2026-03-06_1,2026-06-05 15:16:48,0
9daf1a35,cmm,Measurement,Produksi,CYL COMP,K2VJ,L152,POSITION Y,EL,06 Mar 2026,1,-0.4236,0,,,,Open,K2VJ_CYL_COMP_2026-03-06_1,2026-06-05 15:16:48,0
08659877,cmm,Measurement,Produksi,CYL COMP,K2VJ,L152,POSITION Y,ER,06 Mar 2026,1,-0.4771,0,,,,Open,K2VJ_CYL_COMP_2026-03-06_1,2026-06-05 15:16:48,0
39babd0d,cmm,Measurement,Produksi,CYL COMP,K2VJ,L153,POSITION X,AL,06 Mar 2026,1,-0.3182,0,,,,Open,K2VJ_CYL_COMP_2026-03-06_1,2026-06-05 15:16:48,1
c207bccb,cmm,Measurement,Produksi,CYL COMP,K2VJ,L153,POSITION X,AR,06 Mar 2026,1,-0.3135,0,,,,Open,K2VJ_CYL_COMP_2026-03-06_1,2026-06-05 15:16:48,0
7d59cfc9,cmm,Measurement,Produksi,CYL COMP,K2VJ,L153,POSITION X,CL,06 Mar 2026,1,-0.6792,0,,,,Open,K2VJ_CYL_COMP_2026-03-06_1,2026-06-05 15:16:48,1
f72a5346,cmm,Measurement,Produksi,CYL COMP,K2VJ,L153,POSITION X,CR,06 Mar 2026,1,-0.6186,0,,,,Open,K2VJ_CYL_COMP_2026-03-06_1,2026-06-05 15:16:49,0
ff10e073,cmm,Measurement,Produksi,CYL COMP,K2VJ,L153,POSITION X,DL,06 Mar 2026,1,-0.9786,0,,,,Open,K2VJ_CYL_COMP_2026-03-06_1,2026-06-05 15:16:49,0
1cff3d8f,cmm,Measurement,Produksi,CYL COMP,K2VJ,L153,POSITION X,DR,06 Mar 2026,1,-0.9309,0,,,,Open,K2VJ_CYL_COMP_2026-03-06_1,2026-06-05 15:16:49,1
44993b7d,cmm,Measurement,Produksi,CYL COMP,K2VJ,L153,POSITION X,EL,06 Mar 2026,1,-0.8856,0,,,,Open,K2VJ_CYL_COMP_2026-03-06_1,2026-06-05 15:16:49,0
c1fdddf8,cmm,Measurement,Produksi,CYL COMP,K2VJ,L153,POSITION X,ER,06 Mar 2026,1,-0.91,0,,,,Open,K2VJ_CYL_COMP_2026-03-06_1,2026-06-05 15:16:49,1
c2fcdac2,cmm,Measurement,Produksi,CYL COMP,K2VJ,L153,POSITION Y,BL,06 Mar 2026,1,-0.2287,0,,,,Open,K2VJ_CYL_COMP_2026-03-06_1,2026-06-05 15:16:49,0
1cef2605,cmm,Measurement,Produksi,CYL COMP,K2VJ,L153,POSITION Y,CL,06 Mar 2026,1,0.2977,0,,,,Open,K2VJ_CYL_COMP_2026-03-06_1,2026-06-05 15:16:49,0
528a2bba,cmm,Measurement,Produksi,CYL COMP,K2VJ,L153,POSITION Y,CR,06 Mar 2026,1,0.2563,0,,,,Open,K2VJ_CYL_COMP_2026-03-06_1,2026-06-05 15:16:49,0
9160dbc2,cmm,Measurement,Produksi,CYL COMP,K2VJ,L153,POSITION Y,DL,06 Mar 2026,1,0.2808,0,,,,Open,K2VJ_CYL_COMP_2026-03-06_1,2026-06-05 15:16:49,0
4e1f0397,cmm,Measurement,Produksi,CYL COMP,K2VJ,L154,POSITION X,BL,06 Mar 2026,1,-0.3503,0,,,,Open,K2VJ_CYL_COMP_2026-03-06_1,2026-06-05 15:16:49,0
00aa1787,cmm,Measurement,Produksi,CYL COMP,K2VJ,L154,POSITION X,CL,06 Mar 2026,1,0.5431,0,,,,Open,K2VJ_CYL_COMP_2026-03-06_1,2026-06-05 15:16:49,1
37bc1481,cmm,Measurement,Produksi,CYL COMP,K2VJ,L154,POSITION X,CR,06 Mar 2026,1,0.4605,0,,,,Open,K2VJ_CYL_COMP_2026-03-06_1,2026-06-05 15:16:49,0
54894017,cmm,Measurement,Produksi,CYL COMP,K2VJ,L154,POSITION X,DL,06 Mar 2026,1,1.0067,0,,,,Open,K2VJ_CYL_COMP_2026-03-06_1,2026-06-05 15:16:49,1
3c708d86,cmm,Measurement,Produksi,CYL COMP,K2VJ,L154,POSITION X,DR,06 Mar 2026,1,0.9201,0,,,,Open,K2VJ_CYL_COMP_2026-03-06_1,2026-06-05 15:16:50,1
bfcd0300,cmm,Measurement,Produksi,CYL COMP,K2VJ,L154,POSITION X,EL,06 Mar 2026,1,0.9327,0,,,,Open,K2VJ_CYL_COMP_2026-03-06_1,2026-06-05 15:16:50,1
14dd8dcf,cmm,Measurement,Produksi,CYL COMP,K2VJ,L154,POSITION X,ER,06 Mar 2026,1,0.9857,0,,,,Open,K2VJ_CYL_COMP_2026-03-06_1,2026-06-05 15:16:50,0
9c91eed5,cmm,Measurement,Produksi,CYL COMP,K2VJ,L154,POSITION Y,AL,06 Mar 2026,1,-0.544,0,,,,Open,K2VJ_CYL_COMP_2026-03-06_1,2026-06-05 15:16:50,0
f9142f13,cmm,Measurement,Produksi,CYL COMP,K2VJ,L154,POSITION Y,AR,06 Mar 2026,1,-0.6396,0,,,,Open,K2VJ_CYL_COMP_2026-03-06_1,2026-06-05 15:16:50,0
3161533e,cmm,Measurement,Produksi,CYL COMP,K2VJ,L154,POSITION Y,BL,06 Mar 2026,1,-0.2889,0,,,,Open,K2VJ_CYL_COMP_2026-03-06_1,2026-06-05 15:16:50,0
86275038,cmm,Measurement,Produksi,CYL COMP,K2VJ,L154,POSITION Y,BR,06 Mar 2026,1,-0.3518,0,,,,Open,K2VJ_CYL_COMP_2026-03-06_1,2026-06-05 15:16:50,0
6a4fdad9,cmm,Measurement,Produksi,CYL COMP,K2VJ,L154,POSITION Y,CL,06 Mar 2026,1,-0.4833,0,,,,Open,K2VJ_CYL_COMP_2026-03-06_1,2026-06-05 15:16:50,0
e72fd13d,cmm,Measurement,Produksi,CYL COMP,K2VJ,L154,POSITION Y,CR,06 Mar 2026,1,-0.3968,0,,,,Open,K2VJ_CYL_COMP_2026-03-06_1,2026-06-05 15:16:50,0
e5e38a57,cmm,Measurement,Produksi,CYL COMP,K2VJ,L154,POSITION Y,EL,06 Mar 2026,1,-0.3237,0,,,,Open,K2VJ_CYL_COMP_2026-03-06_1,2026-06-05 15:16:51,0
f4c500cc,cmm,Measurement,Produksi,CYL COMP,K2VJ,L154,POSITION Y,ER,06 Mar 2026,1,-0.3741,0,,,,Open,K2VJ_CYL_COMP_2026-03-06_1,2026-06-05 15:16:51,0
341533c3,cmm,Measurement,Produksi,CYL COMP,K2VJ,L163,POSITION Y,CL,06 Mar 2026,1,-0.3038,0,,,,Open,K2VJ_CYL_COMP_2026-03-06_1,2026-06-05 15:16:51,0
4aaef14e,cmm,Measurement,Produksi,CYL COMP,K2VJ,L163,POSITION Y,CR,06 Mar 2026,1,-0.3315,0,,,,Open,K2VJ_CYL_COMP_2026-03-06_1,2026-06-05 15:16:51,0
dd6044f1,cmm,Measurement,Produksi,CYL COMP,K2VJ,L163,POSITION Y,DL,06 Mar 2026,1,-0.432,0,,,,Open,K2VJ_CYL_COMP_2026-03-06_1,2026-06-05 15:16:51,0
45d1b29b,cmm,Measurement,Produksi,CYL COMP,K2VJ,L163,POSITION Y,DR,06 Mar 2026,1,-0.4041,0,,,,Open,K2VJ_CYL_COMP_2026-03-06_1,2026-06-05 15:16:51,0
b93f5721,cmm,Measurement,Produksi,CYL COMP,K2VJ,L164,POSITION X,AL,06 Mar 2026,1,0.0518,0,,,,Open,K2VJ_CYL_COMP_2026-03-06_1,2026-06-05 15:16:51,1
473f1cb1,cmm,Measurement,Produksi,CYL COMP,K2VJ,L164,POSITION X,EL,06 Mar 2026,1,-0.0807,0,,,,Open,K2VJ_CYL_COMP_2026-03-06_1,2026-06-05 15:16:51,0
bc2f35c5,cmm,Measurement,Produksi,CYL COMP,K2VJ,L164,POSITION Y,ER,06 Mar 2026,1,0.0541,0,,,,Open,K2VJ_CYL_COMP_2026-03-06_1,2026-06-05 15:16:51,1
e503fa0a,cmm,Measurement,Produksi,CRCS L,K1AL L3,A006,Concentricity to m,3A,04 Jun 2026,1,0.06,1,,,,Open,K1AL_L3_CRCS_L_2026-06-04_1,2026-06-05 15:17:38,0
8d696713,cmm,Measurement,Produksi,CRCS L,K1AL L3,A006,Concentricity to m,3B,04 Jun 2026,1,0.032,1,,,,Open,K1AL_L3_CRCS_L_2026-06-04_1,2026-06-05 15:17:38,0
7fa5badb,cmm,Measurement,Produksi,CRCS L,K1AL L3,A151,Posisi X Drill 6.45,3A,04 Jun 2026,1,0.209,0,,,,Open,K1AL_L3_CRCS_L_2026-06-04_1,2026-06-05 15:17:38,1
927483b6,cmm,Measurement,Produksi,CRCS L,K1AL L3,A151,Posisi Y Drill 6.45,3A,04 Jun 2026,1,0.209,0,,,,Open,K1AL_L3_CRCS_L_2026-06-04_1,2026-06-05 15:17:38,0
d1a63ce7,cmm,Measurement,Produksi,CRCS L,K1AL L3,A153,Posisi X,3A,04 Jun 2026,1,0.273,0,,,,Open,K1AL_L3_CRCS_L_2026-06-04_1,2026-06-05 15:17:38,1
bae49157,cmm,Measurement,Produksi,CRCS L,K1AL L3,A153,Posisi Y,3A,04 Jun 2026,1,0.273,0,,,,Open,K1AL_L3_CRCS_L_2026-06-04_1,2026-06-05 15:17:38,1
64947e79,cmm,Measurement,Produksi,CRCS L,K1AL L3,A154,Posisi X,3A,04 Jun 2026,1,0.389,0,,,,Open,K1AL_L3_CRCS_L_2026-06-04_1,2026-06-05 15:17:38,1
11b379d8,cmm,Measurement,Produksi,CRCS L,K1AL L3,A154,Posisi X,3B,04 Jun 2026,1,0.207,0,,,,Open,K1AL_L3_CRCS_L_2026-06-04_1,2026-06-05 15:17:38,1
50e3d32b,cmm,Measurement,Produksi,CRCS L,K1AL L3,A154,Posisi Y,3A,04 Jun 2026,1,0.389,0,,,,Open,K1AL_L3_CRCS_L_2026-06-04_1,2026-06-05 15:17:38,0
e4a86ebf,cmm,Measurement,Produksi,CRCS L,K1AL L3,A154,Posisi Y,3B,04 Jun 2026,1,0.207,0,,,,Open,K1AL_L3_CRCS_L_2026-06-04_1,2026-06-05 15:17:39,0
b916443e,cmm,Measurement,Produksi,CRCS L,K1AL L3,A155,Posisi X,3A,04 Jun 2026,1,0.37,0,,,,Open,K1AL_L3_CRCS_L_2026-06-04_1,2026-06-05 15:17:39,0
d52f0574,cmm,Measurement,Produksi,CRCS L,K1AL L3,A155,Posisi X,3B,04 Jun 2026,1,0.253,0,,,,Open,K1AL_L3_CRCS_L_2026-06-04_1,2026-06-05 15:17:39,0
14be1e47,cmm,Measurement,Produksi,CRCS L,K1AL L3,A155,Posisi Y,3A,04 Jun 2026,1,0.37,0,,,,Open,K1AL_L3_CRCS_L_2026-06-04_1,2026-06-05 15:17:39,1
b5434b33,cmm,Measurement,Produksi,CRCS L,K1AL L3,A155,Posisi Y,3B,04 Jun 2026,1,0.253,0,,,,Open,K1AL_L3_CRCS_L_2026-06-04_1,2026-06-05 15:17:39,0
6500482a,cmm,Measurement,Produksi,CRCS L,K1AL L3,A156,Posisi X,3A,04 Jun 2026,1,0.314,0,,,,Open,K1AL_L3_CRCS_L_2026-06-04_1,2026-06-05 15:17:39,1
96242fe6,cmm,Measurement,Produksi,CRCS L,K1AL L3,A156,Posisi Y,3A,04 Jun 2026,1,0.314,0,,,,Open,K1AL_L3_CRCS_L_2026-06-04_1,2026-06-05 15:17:39,0
dc9bac15,cmm,Measurement,Produksi,CRCS L,K1AL L3,A160,Posisi X,3A,04 Jun 2026,1,0.371,0,,,,Open,K1AL_L3_CRCS_L_2026-06-04_1,2026-06-05 15:17:39,1
8cadc3c5,cmm,Measurement,Produksi,CRCS L,K1AL L3,A160,Posisi Y,3A,04 Jun 2026,1,0.371,0,,,,Open,K1AL_L3_CRCS_L_2026-06-04_1,2026-06-05 15:17:39,0
5bb2a7de,cmm,Measurement,Produksi,CRCS L,K1AL L3,B011,Posisi X Reamer 8H8,3B,04 Jun 2026,1,-0.1,1,,,,Open,K1AL_L3_CRCS_L_2026-06-04_1,2026-06-05 15:17:39,0
d7a5eaf6,cmm,Measurement,Produksi,CRCS L,K1AL L3,B011,Posisi Y Reamer 8H8,3B,04 Jun 2026,1,-0.1,1,,,,Open,K1AL_L3_CRCS_L_2026-06-04_1,2026-06-05 15:17:39,0
e63d4cb5,cmm,Measurement,Produksi,CRCS L,K1AL L3,B017,Position To f & g,3A,04 Jun 2026,1,0.215,1,,,,Open,K1AL_L3_CRCS_L_2026-06-04_1,2026-06-05 15:17:39,0
93a4f708,cmm,Measurement,Produksi,CRCS L,K1AL L3,B018,Distance From B027,3B,04 Jun 2026,1,-0.115,1,,,,Open,K1AL_L3_CRCS_L_2026-06-04_1,2026-06-05 15:17:39,0
d86971f1,cmm,Measurement,Produksi,CRCS L,K1AL L3,B018,Position To f & g,3A,04 Jun 2026,1,0.475,1,,,,Open,K1AL_L3_CRCS_L_2026-06-04_1,2026-06-05 15:17:39,0
f02be86f,cmm,Measurement,Produksi,CRCS L,K1AL L3,B018,Position To f & g,3B,04 Jun 2026,1,0.491,1,,,,Open,K1AL_L3_CRCS_L_2026-06-04_1,2026-06-05 15:17:40,0
3e8576f3,cmm,Measurement,Produksi,CRCS L,K1AL L3,B053,Posisi X,3A,04 Jun 2026,1,-0.287,0,,,,Open,K1AL_L3_CRCS_L_2026-06-04_1,2026-06-05 15:17:40,1
54fba6f6,cmm,Measurement,Produksi,CRCS L,K1AL L3,B053,Posisi X,3B,04 Jun 2026,1,-0.242,0,,,,Open,K1AL_L3_CRCS_L_2026-06-04_1,2026-06-05 15:17:40,1
e9c50662,cmm,Measurement,Produksi,CRCS L,K1AL L3,B053,Posisi Y,3A,04 Jun 2026,1,-0.287,0,,,,Open,K1AL_L3_CRCS_L_2026-06-04_1,2026-06-05 15:17:40,0
e7a948fe,cmm,Measurement,Produksi,CRCS L,K1AL L3,B053,Posisi Y,3B,04 Jun 2026,1,-0.242,0,,,,Open,K1AL_L3_CRCS_L_2026-06-04_1,2026-06-05 15:17:40,1
f64c65e0,cmm,Measurement,Produksi,CRCS L,K1AL L3,B055,Posisi X,3A,04 Jun 2026,1,0.257,0,,,,Open,K1AL_L3_CRCS_L_2026-06-04_1,2026-06-05 15:17:40,1
4f716696,cmm,Measurement,Produksi,CRCS L,K1AL L3,B055,Posisi Y,3A,04 Jun 2026,1,0.257,0,,,,Open,K1AL_L3_CRCS_L_2026-06-04_1,2026-06-05 15:17:40,0
409bdd91,cmm,Measurement,Produksi,CRCS L,K1AL L3,B080,Posisi X Reamer 8H8,3A,04 Jun 2026,1,0.101,1,,,,Open,K1AL_L3_CRCS_L_2026-06-04_1,2026-06-05 15:17:40,1
c829c855,cmm,Measurement,Produksi,CRCS L,K1AL L3,B080,Posisi Y Reamer 8H8,3A,04 Jun 2026,1,0.101,1,,,,Open,K1AL_L3_CRCS_L_2026-06-04_1,2026-06-05 15:17:40,0
2f0b3f0f,cmm,Measurement,Produksi,CRCS L,K1AL L3,B081,Posisi X From B080,3B,04 Jun 2026,1,-0.154,1,,,,Open,K1AL_L3_CRCS_L_2026-06-04_1,2026-06-05 15:17:40,1
763a1629,cmm,Measurement,Produksi,CRCS L,K1AL L3,B081,Posisi Y From B080,3B,04 Jun 2026,1,-0.154,1,,,,Open,K1AL_L3_CRCS_L_2026-06-04_1,2026-06-05 15:17:40,0
29bea97d,cmm,Measurement,Produksi,CRCS R,K1AL L1,C000,Flatness adjacent bosses,1,04 Jun 2026,1,0.034,0,,,,Open,K1AL_L1_CRCS_R_2026-06-04_1,2026-06-05 15:42:21,0
26aa5d3a,cmm,Measurement,Produksi,CRCS R,K1AL L1,C016,Posisi X,1,04 Jun 2026,1,0.179,0,,,,Open,K1AL_L1_CRCS_R_2026-06-04_1,2026-06-05 15:42:22,1
0fc372c1,cmm,Measurement,Produksi,CRCS R,K1AL L1,C016,Posisi X,2,04 Jun 2026,1,0.173,0,,,,Open,K1AL_L1_CRCS_R_2026-06-04_1,2026-06-05 15:42:22,1
c521ae2c,cmm,Measurement,Produksi,CRCS R,K1AL L1,C016,Posisi X,4,04 Jun 2026,1,0.193,0,,,,Open,K1AL_L1_CRCS_R_2026-06-04_1,2026-06-05 15:42:22,1
bb7f1495,cmm,Measurement,Produksi,CRCS R,K1AL L1,C016,Distance 01,1,04 Jun 2026,1,0.188,0,,,,Open,K1AL_L1_CRCS_R_2026-06-04_1,2026-06-05 15:42:22,0
afba5c9a,cmm,Measurement,Produksi,CRCS R,K1AL L1,C016,Distance 01,2,04 Jun 2026,1,0.188,0,,,,Open,K1AL_L1_CRCS_R_2026-06-04_1,2026-06-05 15:42:22,1
ee07656c,cmm,Measurement,Produksi,CRCS R,K1AL L1,C016,Distance 01,4,04 Jun 2026,1,0.207,0,,,,Open,K1AL_L1_CRCS_R_2026-06-04_1,2026-06-05 15:42:23,0
85426b68,cmm,Measurement,Produksi,CRCS R,K1AL L1,C016,Distance 01,6,04 Jun 2026,1,0.103,0,,,,Open,K1AL_L1_CRCS_R_2026-06-04_1,2026-06-05 15:42:23,0
d0aa129b,cmm,Measurement,Produksi,CRCS R,K1AL L1,C030,Posisi X,1,04 Jun 2026,1,0.056,1,,,,Open,K1AL_L1_CRCS_R_2026-06-04_1,2026-06-05 15:42:23,1
a2d05094,cmm,Measurement,Produksi,CRCS R,K1AL L1,C030,Posisi Y,1,04 Jun 2026,1,0.056,1,,,,Open,K1AL_L1_CRCS_R_2026-06-04_1,2026-06-05 15:42:23,0
4df14d68,cmm,Measurement,Produksi,CRCS R,K1AL L1,C159,Posisi X,1,04 Jun 2026,1,0.124,1,,,,Open,K1AL_L1_CRCS_R_2026-06-04_1,2026-06-05 15:42:23,0
f899a347,cmm,Measurement,Produksi,CRCS R,K1AL L1,C159,Posisi X,4,04 Jun 2026,1,0.116,1,,,,Open,K1AL_L1_CRCS_R_2026-06-04_1,2026-06-05 15:42:24,0
147a54b7,cmm,Measurement,Produksi,CRCS R,K1AL L1,C159,Posisi X,6,04 Jun 2026,1,0.119,1,,,,Open,K1AL_L1_CRCS_R_2026-06-04_1,2026-06-05 15:42:24,0
305e3421,cmm,Measurement,Produksi,CRCS R,K1AL L1,D005,Concentricity to f,1,04 Jun 2026,1,0.177,1,,,,Open,K1AL_L1_CRCS_R_2026-06-04_1,2026-06-05 15:42:24,1
0a6c4b8c,cmm,Measurement,Produksi,CRCS R,K1AL L1,D005,Concentricity to f,2,04 Jun 2026,1,0.219,1,,,,Open,K1AL_L1_CRCS_R_2026-06-04_1,2026-06-05 15:42:24,0
2257467b,cmm,Measurement,Produksi,CRCS R,K1AL L1,D005,Concentricity to f,3,04 Jun 2026,1,0.106,1,,,,Open,K1AL_L1_CRCS_R_2026-06-04_1,2026-06-05 15:42:24,1
6a8e9e7e,cmm,Measurement,Produksi,CRCS R,K1AL L1,D005,Concentricity to f,4,04 Jun 2026,1,0.166,1,,,,Open,K1AL_L1_CRCS_R_2026-06-04_1,2026-06-05 15:42:25,1
a47fbac4,cmm,Measurement,Produksi,CRCS R,K1AL L1,D005,Concentricity to f,5,04 Jun 2026,1,0.151,1,,,,Open,K1AL_L1_CRCS_R_2026-06-04_1,2026-06-05 15:42:25,0
7dc9b59a,cmm,Measurement,Produksi,CRCS R,K1AL L1,D015,Angle From D014,1,04 Jun 2026,1,0.709,0,,,,Open,K1AL_L1_CRCS_R_2026-06-04_1,2026-06-05 15:42:25,0
31779e4f,cmm,Measurement,Produksi,CRCS R,K1AL L1,D015,Angle From D014,2,04 Jun 2026,1,0.547,0,,,,Open,K1AL_L1_CRCS_R_2026-06-04_1,2026-06-05 15:42:25,0
10b0510b,cmm,Measurement,Produksi,CRCS R,K1AL L1,D015,Angle From D014,4,04 Jun 2026,1,0.578,0,,,,Open,K1AL_L1_CRCS_R_2026-06-04_1,2026-06-05 15:42:25,0
bb259dbe,cmm,Measurement,Produksi,CRCS R,K1AL L1,D015,Angle From D014,5,04 Jun 2026,1,0.606,0,,,,Open,K1AL_L1_CRCS_R_2026-06-04_1,2026-06-05 15:42:26,0
e7fed427,cmm,Measurement,Produksi,CRCS R,K1AL L1,D033,Distance From D032,1,04 Jun 2026,1,-0.389,0,,,,Open,K1AL_L1_CRCS_R_2026-06-04_1,2026-06-05 15:42:26,0
a661904b,cmm,Measurement,Produksi,CRCS R,K1AL L1,D033,Distance From D032,2,04 Jun 2026,1,-0.489,0,,,,Open,K1AL_L1_CRCS_R_2026-06-04_1,2026-06-05 15:42:26,0
da460229,cmm,Measurement,Produksi,CRCS R,K1AL L1,D033,Distance From D032,4,04 Jun 2026,1,-0.479,0,,,,Open,K1AL_L1_CRCS_R_2026-06-04_1,2026-06-05 15:42:26,0
160debd7,cmm,Measurement,Produksi,CRCS R,K1AL L1,D033,Distance From D032,5,04 Jun 2026,1,-0.468,0,,,,Open,K1AL_L1_CRCS_R_2026-06-04_1,2026-06-05 15:42:26,0
15ae6812,cmm,Measurement,Produksi,CRCS R,K1AL L1,D087,Posisi X,1,04 Jun 2026,1,-0.379,0,,,,Open,K1AL_L1_CRCS_R_2026-06-04_1,2026-06-05 15:42:27,1
d0c16e18,cmm,Measurement,Produksi,CRCS R,K1AL L1,D087,Posisi X,4,04 Jun 2026,1,-0.369,0,,,,Open,K1AL_L1_CRCS_R_2026-06-04_1,2026-06-05 15:42:27,0
eeb1d94e,cmm,Measurement,Produksi,CRCS R,K1AL L1,D087,Posisi X,6,04 Jun 2026,1,-0.409,0,,,,Open,K1AL_L1_CRCS_R_2026-06-04_1,2026-06-05 15:42:27,0
d0afa957,cmm,Measurement,Produksi,CRCS R,K1AL L1,D087,Posisi Y,1,04 Jun 2026,1,-0.379,0,,,,Open,K1AL_L1_CRCS_R_2026-06-04_1,2026-06-05 15:42:27,1
cc4914f3,cmm,Measurement,Produksi,CRCS R,K1AL L1,D087,Posisi Y,4,04 Jun 2026,1,-0.369,0,,,,Open,K1AL_L1_CRCS_R_2026-06-04_1,2026-06-05 15:42:27,1
1e5bf1e7,cmm,Measurement,Produksi,CRCS R,K1AL L1,D087,Posisi Y,6,04 Jun 2026,1,-0.409,0,,,,Open,K1AL_L1_CRCS_R_2026-06-04_1,2026-06-05 15:42:28,1
5c60c6a7,cmm,Measurement,Produksi,CRCS R,K1AL L1,D087,Posisi Z,1,04 Jun 2026,1,-0.379,0,,,,Open,K1AL_L1_CRCS_R_2026-06-04_1,2026-06-05 15:42:28,1
13ea1ddc,cmm,Measurement,Produksi,CRCS R,K1AL L1,D087,Posisi Z,4,04 Jun 2026,1,-0.369,0,,,,Open,K1AL_L1_CRCS_R_2026-06-04_1,2026-06-05 15:42:28,0
0dcaf2f8,cmm,Measurement,Produksi,CRCS R,K1AL L1,D087,Posisi Z,6,04 Jun 2026,1,-0.409,0,,,,Open,K1AL_L1_CRCS_R_2026-06-04_1,2026-06-05 15:42:28,0
33ffffb4,cmm,Measurement,Produksi,CRCS R,K1AL L1,D090,Posisi X,1,04 Jun 2026,1,-0.27,0,,,,Open,K1AL_L1_CRCS_R_2026-06-04_1,2026-06-05 15:42:28,1
55e7a244,cmm,Measurement,Produksi,CRCS R,K1AL L1,D090,Posisi X,3,04 Jun 2026,1,-0.278,0,,,,Open,K1AL_L1_CRCS_R_2026-06-04_1,2026-06-05 15:42:28,0
a83d557b,cmm,Measurement,Produksi,CRCS R,K1AL L1,D090,Posisi X,5,04 Jun 2026,1,-0.235,0,,,,Open,K1AL_L1_CRCS_R_2026-06-04_1,2026-06-05 15:42:29,0
5232079c,cmm,Measurement,Produksi,CRCS R,K1AL L1,D090,Posisi X,6,04 Jun 2026,1,-0.23,0,,,,Open,K1AL_L1_CRCS_R_2026-06-04_1,2026-06-05 15:42:29,1
9c232833,cmm,Measurement,Produksi,CRCS R,K1AL L1,D090,Posisi Y,1,04 Jun 2026,1,-0.27,0,,,,Open,K1AL_L1_CRCS_R_2026-06-04_1,2026-06-05 15:42:29,0
fe4684de,cmm,Measurement,Produksi,CRCS R,K1AL L1,D090,Posisi Y,3,04 Jun 2026,1,-0.278,0,,,,Open,K1AL_L1_CRCS_R_2026-06-04_1,2026-06-05 15:42:29,0
1d93f89c,cmm,Measurement,Produksi,CRCS R,K1AL L1,D090,Posisi Y,5,04 Jun 2026,1,-0.235,0,,,,Open,K1AL_L1_CRCS_R_2026-06-04_1,2026-06-05 15:42:29,0
9a7af6dc,cmm,Measurement,Produksi,CRCS R,K1AL L1,D090,Posisi Y,6,04 Jun 2026,1,-0.23,0,,,,Open,K1AL_L1_CRCS_R_2026-06-04_1,2026-06-05 15:42:30,0
bdd7c0d5,cmm,Measurement,Produksi,CRCS R,K1AL L1,D092,Posisi X,3,04 Jun 2026,1,-0.226,0,,,,Open,K1AL_L1_CRCS_R_2026-06-04_1,2026-06-05 15:42:30,1
07609120,cmm,Measurement,Produksi,CRCS R,K1AL L1,D092,Posisi Y,3,04 Jun 2026,1,-0.226,0,,,,Open,K1AL_L1_CRCS_R_2026-06-04_1,2026-06-05 15:42:30,1
c33f8eb5,cmm,Measurement,Produksi,CRCS L,K1AL L1,A041,Posisi X,,,,+0.2010,0,Mesin / Machine,NG,,Investigated,,2026-06-06 08:38:28,0
b5dcb3b2,cmm,Measurement,Produksi,CRCS R,K1AL L1,C016,Diameter,5,08 Apr 2026,1,0.314,0,,,,Open,K1AL_L1_CRCS_R_2026-04-08_1,2026-06-06 08:41:41,0
3fe5c3fa,cmm,Measurement,Produksi,CRCS R,K1AL L1,C016,Diameter,6,08 Apr 2026,1,0.356,0,,,,Open,K1AL_L1_CRCS_R_2026-04-08_1,2026-06-06 08:41:41,0
77fe484a,cmm,Measurement,Produksi,CRCS R,K1AL L1,C016,Posisi X,2,08 Apr 2026,1,0.183,0,,,,Open,K1AL_L1_CRCS_R_2026-04-08_1,2026-06-06 08:41:41,0
d5134287,cmm,Measurement,Produksi,CRCS R,K1AL L1,C016,Posisi X,3,08 Apr 2026,1,0.159,0,,,,Open,K1AL_L1_CRCS_R_2026-04-08_1,2026-06-06 08:41:41,0
a51440b9,cmm,Measurement,Produksi,CRCS R,K1AL L1,C016,Posisi X,1,08 Apr 2026,1,0.196,0,,,,Open,K1AL_L1_CRCS_R_2026-04-08_1,2026-06-06 08:41:42,0
7236a5c3,cmm,Measurement,Produksi,CRCS R,K1AL L1,C016,Posisi X,4,08 Apr 2026,1,0.149,0,,,,Open,K1AL_L1_CRCS_R_2026-04-08_1,2026-06-06 08:41:42,0
1f86fb1a,cmm,Measurement,Produksi,CRCS R,K1AL L1,C016,Posisi X,5,08 Apr 2026,1,0.314,0,,,,Open,K1AL_L1_CRCS_R_2026-04-08_1,2026-06-06 08:41:42,0
cb148807,cmm,Measurement,Produksi,CRCS R,K1AL L1,C016,Posisi X,6,08 Apr 2026,1,0.356,0,,,,Open,K1AL_L1_CRCS_R_2026-04-08_1,2026-06-06 08:41:42,0
eb40e0a9,cmm,Measurement,Produksi,CRCS R,K1AL L1,C016,Posisi Y,5,08 Apr 2026,1,0.314,0,,,,Open,K1AL_L1_CRCS_R_2026-04-08_1,2026-06-06 08:41:42,0
7a24d340,cmm,Measurement,Produksi,CRCS R,K1AL L1,C016,Posisi Y,6,08 Apr 2026,1,0.356,0,,,,Open,K1AL_L1_CRCS_R_2026-04-08_1,2026-06-06 08:41:42,0
6ec25cfa,cmm,Measurement,Produksi,CRCS R,K1AL L1,C016,Distance 01,2,08 Apr 2026,1,0.192,0,,,,Open,K1AL_L1_CRCS_R_2026-04-08_1,2026-06-06 08:41:43,0
3738ab88,cmm,Measurement,Produksi,CRCS R,K1AL L1,C016,Distance 01,3,08 Apr 2026,1,0.167,0,,,,Open,K1AL_L1_CRCS_R_2026-04-08_1,2026-06-06 08:41:43,0
fb41de49,cmm,Measurement,Produksi,CRCS R,K1AL L1,C016,Distance 01,1,08 Apr 2026,1,0.217,0,,,,Open,K1AL_L1_CRCS_R_2026-04-08_1,2026-06-06 08:41:43,0
bebcc40f,cmm,Measurement,Produksi,CRCS R,K1AL L1,C016,Distance 01,4,08 Apr 2026,1,0.167,0,,,,Open,K1AL_L1_CRCS_R_2026-04-08_1,2026-06-06 08:41:43,0
7f5998a7,cmm,Measurement,Produksi,CRCS R,K1AL L1,C016,Distance 01,5,08 Apr 2026,1,0.344,0,,,,Open,K1AL_L1_CRCS_R_2026-04-08_1,2026-06-06 08:41:43,0
cac79c95,cmm,Measurement,Produksi,CRCS R,K1AL L1,C016,Distance 01,6,08 Apr 2026,1,0.378,0,,,,Open,K1AL_L1_CRCS_R_2026-04-08_1,2026-06-06 08:41:43,0
6dce5aca,cmm,Measurement,Produksi,CRCS R,K1AL L1,D005,Concentricity to f,3,08 Apr 2026,1,0.188,1,,,,Open,K1AL_L1_CRCS_R_2026-04-08_1,2026-06-06 08:41:43,0
b0a6dac0,cmm,Measurement,Produksi,CRCS R,K1AL L1,D005,Concentricity to f,4,08 Apr 2026,1,0.136,1,,,,Open,K1AL_L1_CRCS_R_2026-04-08_1,2026-06-06 08:41:43,0
9c6f3b93,cmm,Measurement,Produksi,CRCS R,K1AL L1,D005,Concentricity to f,5,08 Apr 2026,1,0.158,1,,,,Open,K1AL_L1_CRCS_R_2026-04-08_1,2026-06-06 08:41:43,0
913e7900,cmm,Measurement,Produksi,CRCS R,K1AL L1,D015,Angle From D014,3,08 Apr 2026,1,0.591,0,,,,Open,K1AL_L1_CRCS_R_2026-04-08_1,2026-06-06 08:41:44,0
be31fdbe,cmm,Measurement,Produksi,CRCS R,K1AL L1,D033,Distance From D032,3,08 Apr 2026,1,-0.316,0,,,,Open,K1AL_L1_CRCS_R_2026-04-08_1,2026-06-06 08:41:44,0
f752ffeb,cmm,Measurement,Produksi,CRCS R,K1AL L1,D033,Distance From D032,5,08 Apr 2026,1,-0.366,0,,,,Open,K1AL_L1_CRCS_R_2026-04-08_1,2026-06-06 08:41:44,0
47bfad14,cmm,Measurement,Produksi,CRCS R,K1AL L1,D087,Posisi X,3,08 Apr 2026,1,-0.403,0,,,,Open,K1AL_L1_CRCS_R_2026-04-08_1,2026-06-06 08:41:44,0
aaec3edf,cmm,Measurement,Produksi,CRCS R,K1AL L1,D087,Posisi X,4,08 Apr 2026,1,-0.425,0,,,,Open,K1AL_L1_CRCS_R_2026-04-08_1,2026-06-06 08:41:44,0
2d73f2ca,cmm,Measurement,Produksi,CRCS R,K1AL L1,D087,Posisi X,5,08 Apr 2026,1,-0.41,0,,,,Open,K1AL_L1_CRCS_R_2026-04-08_1,2026-06-06 08:41:44,0
4aaff717,cmm,Measurement,Produksi,CRCS R,K1AL L1,D087,Posisi Y,3,08 Apr 2026,1,-0.403,0,,,,Open,K1AL_L1_CRCS_R_2026-04-08_1,2026-06-06 08:41:44,0
9a2e30b1,cmm,Measurement,Produksi,CRCS R,K1AL L1,D087,Posisi Y,4,08 Apr 2026,1,-0.425,0,,,,Open,K1AL_L1_CRCS_R_2026-04-08_1,2026-06-06 08:41:44,0
de6d8a61,cmm,Measurement,Produksi,CRCS R,K1AL L1,D087,Posisi Y,5,08 Apr 2026,1,-0.41,0,,,,Open,K1AL_L1_CRCS_R_2026-04-08_1,2026-06-06 08:41:44,0
ec226106,cmm,Measurement,Produksi,CRCS R,K1AL L1,D087,Posisi Z,3,08 Apr 2026,1,-0.403,0,,,,Open,K1AL_L1_CRCS_R_2026-04-08_1,2026-06-06 08:41:44,0
4011a347,cmm,Measurement,Produksi,CRCS R,K1AL L1,D087,Posisi Z,4,08 Apr 2026,1,-0.425,0,,,,Open,K1AL_L1_CRCS_R_2026-04-08_1,2026-06-06 08:41:44,0
0be89fc3,cmm,Measurement,Produksi,CRCS R,K1AL L1,D087,Posisi Z,5,08 Apr 2026,1,-0.41,0,,,,Open,K1AL_L1_CRCS_R_2026-04-08_1,2026-06-06 08:41:44,0
